STATION,Station_name,DATE,LATITUDE,LONGITUDE,ELEVATION,temperature,dew_point_temperature,station_level_pressure,sea_level_pressure,relative_humidity,temperature_original,sea_level_pressure_original,relative_humidity_original,is_anomaly,anomaly_type,anomaly_id,anomaly_params
INM00043057,BOMBAY / COLABA,2024-01-01 03:00:00,18.9,72.8167,11.0,24.2,21.2,,1013.7,83.0,24.2,1013.7,83.0,False,,,
INM00043057,BOMBAY / COLABA,2024-01-01 12:00:00,18.9,72.8167,11.0,28.2,23.2,,1010.8,74.0,28.2,1010.8,74.0,False,,,
INM00043057,BOMBAY / COLABA,2024-01-02 03:00:00,18.9,72.8167,11.0,24.0,21.6,,1013.3,87.0,24.0,1013.3,87.0,False,,,
INM00043057,BOMBAY / COLABA,2024-01-02 06:00:00,18.9,72.8167,11.0,27.5,21.1,,1013.2,68.0,27.5,1013.2,68.0,False,,,
INM00043057,BOMBAY / COLABA,2024-01-02 12:00:00,18.9,72.8167,11.0,27.2,24.3,,1010.2,84.0,27.2,1010.2,84.0,False,,,
INM00043057,BOMBAY / COLABA,2024-01-03 03:00:00,18.9,72.8167,11.0,23.2,20.4,,1012.8,84.0,23.2,1012.8,84.0,False,,,
INM00043057,BOMBAY / COLABA,2024-01-03 06:00:00,18.9,72.8167,11.0,27.5,21.4,,1013.0,69.0,27.5,1013.0,69.0,False,,,
INM00043057,BOMBAY / COLABA,2024-01-03 12:00:00,18.9,72.8167,11.0,26.7,23.0,,1009.3,80.0,26.7,1009.3,80.0,False,,,
INM00043057,BOMBAY / COLABA,2024-01-04 03:00:00,18.9,72.8167,11.0,22.0,19.5,,1013.7,86.0,22.0,1013.7,86.0,False,,,
INM00043057,BOMBAY / COLABA,2024-01-04 06:00:00,18.9,72.8167,11.0,26.6,22.5,,1013.9,78.0,26.6,1013.9,78.0,False,,,
INM00043057,BOMBAY / COLABA,2024-01-04 09:00:00,18.9,72.8167,11.0,27.0,23.2,,1010.6,80.0,27.0,1010.6,80.0,False,,,
INM00043057,BOMBAY / COLABA,2024-01-04 12:00:00,18.9,72.8167,11.0,26.0,23.4,,1010.0,86.0,26.0,1010.0,86.0,False,,,
INM00043057,BOMBAY / COLABA,2024-01-05 03:00:00,18.9,72.8167,11.0,20.4,18.5,,1013.6,89.0,20.4,1013.6,89.0,False,,,
INM00043057,BOMBAY / COLABA,2024-01-05 06:00:00,18.9,72.8167,11.0,26.5,19.6,,1013.4,66.0,26.5,1013.4,66.0,False,,,
INM00043057,BOMBAY / COLABA,2024-01-05 12:00:00,18.9,72.8167,11.0,26.6,22.1,,1010.5,76.0,26.6,1010.5,76.0,False,,,
INM00043057,BOMBAY / COLABA,2024-01-06 03:00:00,18.9,72.8167,11.0,22.0,17.8,,1013.4,77.0,22.0,1013.4,77.0,False,,,
INM00043057,BOMBAY / COLABA,2024-01-06 06:00:00,18.9,72.8167,11.0,27.5,15.7,,1013.2,49.0,27.5,1013.2,49.0,False,,,
INM00043057,BOMBAY / COLABA,2024-01-06 12:00:00,18.9,72.8167,11.0,27.0,21.6,,1010.7,72.0,27.0,1010.7,72.0,False,,,
INM00043057,BOMBAY / COLABA,2024-01-07 00:00:00,18.9,72.8167,11.0,24.0,21.6,,1011.6,87.0,24.0,1011.6,87.0,False,,,
INM00043057,BOMBAY / COLABA,2024-01-07 03:00:00,18.9,72.8167,11.0,23.6,21.3,,1013.7,87.0,23.6,1013.7,87.0,False,,,
INM00043057,BOMBAY / COLABA,2024-01-07 09:00:00,18.9,72.8167,11.0,29.5,22.7,,1010.6,67.0,29.5,1010.6,67.0,False,,,
INM00043057,BOMBAY / COLABA,2024-01-07 12:00:00,18.9,72.8167,11.0,27.7,22.8,,1010.1,75.0,27.7,1010.1,75.0,False,,,
INM00043057,BOMBAY / COLABA,2024-01-08 03:00:00,18.9,72.8167,11.0,25.0,22.3,,1013.8,85.0,25.0,1013.8,85.0,False,,,
INM00043057,BOMBAY / COLABA,2024-01-08 06:00:00,18.9,72.8167,11.0,29.5,21.0,,1014.0,60.0,29.5,1014.0,60.0,False,,,
INM00043057,BOMBAY / COLABA,2024-01-08 12:00:00,18.9,72.8167,11.0,29.5,19.6,,1010.5,55.0,29.5,1010.5,55.0,True,frozen,1,relative_humidity
INM00043057,BOMBAY / COLABA,2024-01-09 03:00:00,18.9,72.8167,11.0,25.0,22.9,,1013.6,55.0,25.0,1013.6,88.0,True,frozen,1,relative_humidity
INM00043057,BOMBAY / COLABA,2024-01-09 06:00:00,18.9,72.8167,11.0,29.2,20.4,,1014.2,55.0,29.2,1014.2,59.0,True,frozen,1,relative_humidity
INM00043057,BOMBAY / COLABA,2024-01-09 12:00:00,18.9,72.8167,11.0,29.5,24.2,,1011.5,55.0,29.5,1011.5,73.0,True,frozen,1,relative_humidity
INM00043057,BOMBAY / COLABA,2024-01-10 03:00:00,18.9,72.8167,11.0,25.6,21.7,,1013.9,55.0,25.6,1013.9,79.0,True,frozen,1,relative_humidity
INM00043057,BOMBAY / COLABA,2024-01-10 12:00:00,18.9,72.8167,11.0,29.0,19.9,,1011.1,55.0,29.0,1011.1,58.0,True,frozen,1,relative_humidity
INM00043057,BOMBAY / COLABA,2024-01-11 03:00:00,18.9,72.8167,11.0,25.4,22.7,,1015.0,55.0,25.4,1015.0,85.0,True,frozen,1,relative_humidity
INM00043057,BOMBAY / COLABA,2024-01-11 12:00:00,18.9,72.8167,11.0,29.2,26.1,,1011.4,55.0,29.2,1011.4,83.0,True,frozen,1,relative_humidity
INM00043057,BOMBAY / COLABA,2024-01-12 03:00:00,18.9,72.8167,11.0,25.6,23.3,,1013.6,55.0,25.6,1013.6,87.0,True,frozen,1,relative_humidity
INM00043057,BOMBAY / COLABA,2024-01-12 06:00:00,18.9,72.8167,11.0,31.6,19.4,,1013.8,55.0,31.6,1013.8,48.0,True,frozen,1,relative_humidity
INM00043057,BOMBAY / COLABA,2024-01-12 12:00:00,18.9,72.8167,11.0,29.5,25.4,,1011.1,55.0,29.5,1011.1,79.0,True,frozen,1,relative_humidity
INM00043057,BOMBAY / COLABA,2024-01-13 03:00:00,18.9,72.8167,11.0,25.0,22.0,,1014.1,55.0,25.0,1014.1,83.0,True,frozen,1,relative_humidity
INM00043057,BOMBAY / COLABA,2024-01-13 06:00:00,18.9,72.8167,11.0,31.0,21.2,,1015.1,55.0,31.0,1015.1,56.0,True,frozen,1,relative_humidity
INM00043057,BOMBAY / COLABA,2024-01-13 09:00:00,18.9,72.8167,11.0,30.2,24.2,,1012.7,70.0,30.2,1012.7,70.0,False,,,
INM00043057,BOMBAY / COLABA,2024-01-13 12:00:00,18.9,72.8167,11.0,29.0,22.5,,1012.5,68.0,29.0,1012.5,68.0,False,,,
INM00043057,BOMBAY / COLABA,2024-01-14 03:00:00,18.9,72.8167,11.0,24.6,20.0,,1015.6,76.0,24.6,1015.6,76.0,False,,,
INM00043057,BOMBAY / COLABA,2024-01-14 06:00:00,18.9,72.8167,11.0,32.0,15.2,,1015.5,36.0,32.0,1015.5,36.0,False,,,
INM00043057,BOMBAY / COLABA,2024-01-14 09:00:00,18.9,72.8167,11.0,32.0,17.3,,1012.6,41.0,32.0,1012.6,41.0,False,,,
INM00043057,BOMBAY / COLABA,2024-01-14 12:00:00,18.9,72.8167,11.0,29.6,17.7,,1012.5,49.0,29.6,1012.5,49.0,False,,,
INM00043057,BOMBAY / COLABA,2024-01-15 03:00:00,18.9,72.8167,11.0,23.2,10.6,,1015.4,45.0,23.2,1015.4,45.0,False,,,
INM00043057,BOMBAY / COLABA,2024-01-15 12:00:00,18.9,72.8167,11.0,27.0,15.2,,1012.4,48.0,27.0,1012.4,48.0,False,,,
INM00043057,BOMBAY / COLABA,2024-01-16 03:00:00,18.9,72.8167,11.0,20.4,12.6,,1013.8,61.0,20.4,1013.8,61.0,False,,,
INM00043057,BOMBAY / COLABA,2024-01-16 06:00:00,18.9,72.8167,11.0,27.5,14.5,,1013.7,45.0,27.5,1013.7,45.0,False,,,
INM00043057,BOMBAY / COLABA,2024-01-16 09:00:00,18.9,72.8167,11.0,28.0,16.8,,1010.6,51.0,28.0,1010.6,51.0,False,,,
INM00043057,BOMBAY / COLABA,2024-01-16 12:00:00,18.9,72.8167,11.0,26.7,15.3,,1010.3,50.0,26.7,1010.3,50.0,False,,,
INM00043057,BOMBAY / COLABA,2024-01-17 03:00:00,18.9,72.8167,11.0,21.8,18.0,,1012.3,79.0,21.8,1012.3,79.0,False,,,
INM00043057,BOMBAY / COLABA,2024-01-17 09:00:00,18.9,72.8167,11.0,28.4,15.0,,1010.0,44.0,28.4,1010.0,44.0,False,,,
INM00043057,BOMBAY / COLABA,2024-01-17 12:00:00,18.9,72.8167,11.0,26.0,19.7,,1010.0,68.0,26.0,1010.0,68.0,False,,,
INM00043057,BOMBAY / COLABA,2024-01-18 03:00:00,18.9,72.8167,11.0,22.5,18.6,,1014.5,79.0,22.5,1014.5,79.0,False,,,
INM00043057,BOMBAY / COLABA,2024-01-18 12:00:00,18.9,72.8167,11.0,26.6,15.1,,1011.3,49.0,26.6,1011.3,49.0,False,,,
INM00043057,BOMBAY / COLABA,2024-01-19 03:00:00,18.9,72.8167,11.0,20.4,16.4,,1014.1,78.0,20.4,1014.1,78.0,False,,,
INM00043057,BOMBAY / COLABA,2024-01-19 12:00:00,18.9,72.8167,11.0,26.5,20.0,,1011.0,68.0,26.5,1011.0,68.0,False,,,
INM00043057,BOMBAY / COLABA,2024-01-20 03:00:00,18.9,72.8167,11.0,21.4,19.2,,1015.2,87.0,21.4,1015.2,87.0,False,,,
INM00043057,BOMBAY / COLABA,2024-01-20 06:00:00,18.9,72.8167,11.0,26.0,19.5,,1015.9,67.0,26.0,1015.9,67.0,False,,,
INM00043057,BOMBAY / COLABA,2024-01-20 12:00:00,18.9,72.8167,11.0,26.2,18.0,,1012.6,61.0,26.2,1012.6,61.0,False,,,
INM00043057,BOMBAY / COLABA,2024-01-21 03:00:00,18.9,72.8167,11.0,21.0,13.7,,1014.9,63.0,21.0,1014.9,63.0,False,,,
INM00043057,BOMBAY / COLABA,2024-01-21 06:00:00,18.9,72.8167,11.0,26.6,17.7,,1014.9,58.0,26.6,1014.9,58.0,False,,,
INM00043057,BOMBAY / COLABA,2024-01-21 12:00:00,18.9,72.8167,11.0,26.7,19.7,,1011.1,66.0,26.7,1011.1,66.0,False,,,
INM00043057,BOMBAY / COLABA,2024-01-22 03:00:00,18.9,72.8167,11.0,22.2,19.4,,1014.7,84.0,22.2,1014.7,84.0,False,,,
INM00043057,BOMBAY / COLABA,2024-01-22 06:00:00,18.9,72.8167,11.0,28.2,14.7,,1015.3,44.0,28.2,1015.3,44.0,False,,,
INM00043057,BOMBAY / COLABA,2024-01-22 09:00:00,18.9,72.8167,11.0,29.4,17.1,,1013.0,48.0,29.4,1013.0,48.0,False,,,
INM00043057,BOMBAY / COLABA,2024-01-22 12:00:00,18.9,72.8167,11.0,27.5,18.3,,1013.1,57.0,27.5,1013.1,57.0,False,,,
INM00043057,BOMBAY / COLABA,2024-01-23 03:00:00,18.9,72.8167,11.0,20.8,4.4,,1015.8,34.0,20.8,1015.8,34.0,False,,,
INM00043057,BOMBAY / COLABA,2024-01-23 09:00:00,18.9,72.8167,11.0,28.0,11.3,,1012.6,35.0,28.0,1012.6,35.0,False,,,
INM00043057,BOMBAY / COLABA,2024-01-23 12:00:00,18.9,72.8167,11.0,26.0,13.9,,1012.1,47.0,26.0,1012.1,47.0,False,,,
INM00043057,BOMBAY / COLABA,2024-01-24 03:00:00,18.9,72.8167,11.0,20.4,8.6,,1015.4,47.0,20.4,1015.4,47.0,False,,,
INM00043057,BOMBAY / COLABA,2024-01-24 06:00:00,18.9,72.8167,11.0,25.5,11.3,,1015.6,41.0,25.5,1015.6,41.0,False,,,
INM00043057,BOMBAY / COLABA,2024-01-24 09:00:00,18.9,72.8167,11.0,28.4,10.9,,1012.6,34.0,28.4,1012.6,34.0,False,,,
INM00043057,BOMBAY / COLABA,2024-01-24 12:00:00,18.9,72.8167,11.0,26.2,15.0,,1011.6,50.0,26.2,1011.6,50.0,False,,,
INM00043057,BOMBAY / COLABA,2024-01-25 03:00:00,18.9,72.8167,11.0,22.0,14.2,,1016.2,61.0,22.0,1016.2,61.0,False,,,
INM00043057,BOMBAY / COLABA,2024-01-25 06:00:00,18.9,72.8167,11.0,27.5,11.8,,1017.0,38.0,27.5,1017.0,38.0,False,,,
INM00043057,BOMBAY / COLABA,2024-01-25 09:00:00,18.9,72.8167,11.0,29.0,14.1,,1013.7,40.0,29.0,1013.7,40.0,False,,,
INM00043057,BOMBAY / COLABA,2024-01-25 12:00:00,18.9,72.8167,11.0,26.7,18.3,,1013.5,60.0,26.7,1013.5,60.0,False,,,
INM00043057,BOMBAY / COLABA,2024-01-26 00:00:00,18.9,72.8167,11.0,21.0,17.4,,1014.2,80.0,21.0,1014.2,80.0,False,,,
INM00043057,BOMBAY / COLABA,2024-01-26 03:00:00,18.9,72.8167,11.0,22.0,18.2,,1017.1,79.0,22.0,1017.1,79.0,False,,,
INM00043057,BOMBAY / COLABA,2024-01-26 09:00:00,18.9,72.8167,11.0,31.0,18.7,,1014.7,48.0,31.0,1014.7,48.0,False,,,
INM00043057,BOMBAY / COLABA,2024-01-26 12:00:00,18.9,72.8167,11.0,27.6,19.6,,1014.6,62.0,27.6,1014.6,62.0,False,,,
INM00043057,BOMBAY / COLABA,2024-01-27 03:00:00,18.9,72.8167,11.0,23.0,18.9,,1016.8,78.0,23.0,1016.8,78.0,False,,,
INM00043057,BOMBAY / COLABA,2024-01-27 09:00:00,18.9,72.8167,11.0,30.2,18.1,,1014.6,48.0,30.2,1014.6,48.0,False,,,
INM00043057,BOMBAY / COLABA,2024-01-27 12:00:00,18.9,72.8167,11.0,28.5,22.5,,1013.8,70.0,28.5,1013.8,70.0,False,,,
INM00043057,BOMBAY / COLABA,2024-01-28 03:00:00,18.9,72.8167,11.0,22.8,18.4,,1016.3,76.0,22.8,1016.3,76.0,False,,,
INM00043057,BOMBAY / COLABA,2024-01-28 12:00:00,18.9,72.8167,11.0,28.5,20.2,,1013.8,61.0,28.5,1013.8,61.0,False,,,
INM00043057,BOMBAY / COLABA,2024-01-29 03:00:00,18.9,72.8167,11.0,23.2,17.4,,1016.6,70.0,23.2,1016.6,70.0,False,,,
INM00043057,BOMBAY / COLABA,2024-01-29 06:00:00,18.9,72.8167,11.0,28.5,15.8,,1017.4,46.0,28.5,1017.4,46.0,False,,,
INM00043057,BOMBAY / COLABA,2024-01-29 09:00:00,18.9,72.8167,11.0,29.0,18.8,,1014.1,54.0,29.0,1014.1,54.0,False,,,
INM00043057,BOMBAY / COLABA,2024-01-29 12:00:00,18.9,72.8167,11.0,27.5,20.4,,1013.5,65.0,27.5,1013.5,65.0,False,,,
INM00043057,BOMBAY / COLABA,2024-01-29 15:00:00,18.9,72.8167,11.0,26.0,17.8,,1015.3,61.0,26.0,1015.3,61.0,False,,,
INM00043057,BOMBAY / COLABA,2024-01-30 03:00:00,18.9,72.8167,11.0,21.8,16.6,,1015.6,72.0,21.8,1015.6,72.0,False,,,
INM00043057,BOMBAY / COLABA,2024-01-30 06:00:00,18.9,72.8167,11.0,29.0,18.8,,1015.8,54.0,29.0,1015.8,54.0,False,,,
INM00043057,BOMBAY / COLABA,2024-01-30 09:00:00,18.9,72.8167,11.0,28.6,20.8,,1013.3,63.0,28.6,1013.3,63.0,False,,,
INM00043057,BOMBAY / COLABA,2024-01-30 12:00:00,18.9,72.8167,11.0,26.7,20.4,,1012.5,68.0,26.7,1012.5,68.0,False,,,
INM00043057,BOMBAY / COLABA,2024-01-31 03:00:00,18.9,72.8167,11.0,23.4,19.0,,1015.8,76.0,23.4,1015.8,76.0,False,,,
INM00043057,BOMBAY / COLABA,2024-01-31 06:00:00,18.9,72.8167,11.0,28.0,19.4,,1015.7,60.0,28.0,1015.7,60.0,False,,,
INM00043057,BOMBAY / COLABA,2024-01-31 09:00:00,18.9,72.8167,11.0,29.0,20.6,,1012.6,61.0,29.0,1012.6,61.0,False,,,
INM00043057,BOMBAY / COLABA,2024-01-31 12:00:00,18.9,72.8167,11.0,27.0,21.3,,1012.9,71.0,27.0,1012.9,71.0,False,,,
INM00043057,BOMBAY / COLABA,2024-02-01 03:00:00,18.9,72.8167,11.0,23.0,20.5,,1016.6,86.0,23.0,1016.6,86.0,False,,,
INM00043057,BOMBAY / COLABA,2024-02-01 06:00:00,18.9,72.8167,11.0,27.0,21.3,,1017.3,71.0,27.0,1017.3,71.0,False,,,
INM00043057,BOMBAY / COLABA,2024-02-01 09:00:00,18.9,72.8167,11.0,28.0,22.4,,1014.4,72.0,28.0,1014.4,72.0,False,,,
INM00043057,BOMBAY / COLABA,2024-02-01 12:00:00,18.9,72.8167,11.0,26.0,19.6,,1013.7,68.0,26.0,1013.7,68.0,False,,,
INM00043057,BOMBAY / COLABA,2024-02-02 03:00:00,18.9,72.8167,11.0,22.0,19.2,,1016.7,84.0,22.0,1016.7,84.0,False,,,
INM00043057,BOMBAY / COLABA,2024-02-02 06:00:00,18.9,72.8167,11.0,26.6,19.9,,1017.3,67.0,26.6,1017.3,67.0,False,,,
INM00043057,BOMBAY / COLABA,2024-02-02 09:00:00,18.9,72.8167,11.0,28.4,21.5,,1014.0,66.0,28.4,1014.0,66.0,False,,,
INM00043057,BOMBAY / COLABA,2024-02-02 12:00:00,18.9,72.8167,11.0,26.5,21.0,,1012.7,72.0,26.5,1012.7,72.0,False,,,
INM00043057,BOMBAY / COLABA,2024-02-03 03:00:00,18.9,72.8167,11.0,22.4,19.9,,1015.4,86.0,22.4,1015.4,86.0,False,,,
INM00043057,BOMBAY / COLABA,2024-02-03 06:00:00,18.9,72.8167,11.0,29.6,18.8,,1015.6,52.0,29.6,1015.6,52.0,False,,,
INM00043057,BOMBAY / COLABA,2024-02-03 12:00:00,18.9,72.8167,11.0,29.5,23.9,,1012.6,72.0,29.5,1012.6,72.0,False,,,
INM00043057,BOMBAY / COLABA,2024-02-04 03:00:00,18.9,72.8167,11.0,22.8,20.3,,1016.3,86.0,22.8,1016.3,86.0,False,,,
INM00043057,BOMBAY / COLABA,2024-02-04 12:00:00,18.9,72.8167,11.0,30.0,24.6,,1013.6,73.0,30.0,1013.6,73.0,False,,,
INM00043057,BOMBAY / COLABA,2024-02-05 03:00:00,18.9,72.8167,11.0,23.4,21.8,,1016.6,91.0,23.4,1016.6,91.0,False,,,
INM00043057,BOMBAY / COLABA,2024-02-05 09:00:00,18.9,72.8167,11.0,30.0,19.6,,1014.8,54.0,30.0,1014.8,54.0,False,,,
INM00043057,BOMBAY / COLABA,2024-02-05 12:00:00,18.9,72.8167,11.0,28.5,19.9,,1013.7,60.0,28.5,1013.7,60.0,False,,,
INM00043057,BOMBAY / COLABA,2024-02-06 03:00:00,18.9,72.8167,11.0,23.2,20.8,,1016.9,86.0,23.2,1016.9,86.0,False,,,
INM00043057,BOMBAY / COLABA,2024-02-06 12:00:00,18.9,72.8167,11.0,27.6,22.9,,1013.6,76.0,27.6,1013.6,76.0,False,,,
INM00043057,BOMBAY / COLABA,2024-02-07 03:00:00,18.9,72.8167,11.0,23.8,21.7,,1017.5,88.0,23.8,1017.5,88.0,False,,,
INM00043057,BOMBAY / COLABA,2024-02-07 09:00:00,18.9,72.8167,11.0,29.4,23.3,,1015.0,70.0,29.4,1015.0,70.0,False,,,
INM00043057,BOMBAY / COLABA,2024-02-07 12:00:00,18.9,72.8167,11.0,27.0,21.3,,1014.1,71.0,27.0,1014.1,71.0,False,,,
INM00043057,BOMBAY / COLABA,2024-02-08 03:00:00,18.9,72.8167,11.0,22.0,17.5,,1016.6,76.0,22.0,1016.6,76.0,False,,,
INM00043057,BOMBAY / COLABA,2024-02-08 06:00:00,18.9,72.8167,11.0,29.0,20.6,,1017.1,61.0,29.0,1017.1,61.0,False,,,
INM00043057,BOMBAY / COLABA,2024-02-08 09:00:00,18.9,72.8167,11.0,29.2,20.4,,1013.8,59.0,29.2,1013.8,59.0,False,,,
INM00043057,BOMBAY / COLABA,2024-02-08 12:00:00,18.9,72.8167,11.0,27.5,21.7,,1012.3,71.0,27.5,1012.3,71.0,False,,,
INM00043057,BOMBAY / COLABA,2024-02-09 00:00:00,18.9,72.8167,11.0,23.0,19.6,,1013.2,81.0,23.0,1013.2,81.0,False,,,
INM00043057,BOMBAY / COLABA,2024-02-09 03:00:00,18.9,72.8167,11.0,22.8,20.3,,1015.6,86.0,22.8,1015.6,86.0,False,,,
INM00043057,BOMBAY / COLABA,2024-02-09 12:00:00,18.9,72.8167,11.0,27.0,18.9,,1013.0,61.0,27.0,1013.0,61.0,False,,,
INM00043057,BOMBAY / COLABA,2024-02-10 03:00:00,18.9,72.8167,11.0,21.0,15.3,,1016.6,70.0,21.0,1016.6,70.0,False,,,
INM00043057,BOMBAY / COLABA,2024-02-10 06:00:00,18.9,72.8167,11.0,28.6,16.4,,1017.2,48.0,28.6,1017.2,48.0,False,,,
INM00043057,BOMBAY / COLABA,2024-02-10 12:00:00,18.9,72.8167,11.0,26.6,17.7,,1014.3,58.0,26.6,1014.3,58.0,False,,,
INM00043057,BOMBAY / COLABA,2024-02-11 00:00:00,18.9,72.8167,11.0,21.7,13.5,,1014.3,60.0,21.7,1014.3,60.0,False,,,
INM00043057,BOMBAY / COLABA,2024-02-11 03:00:00,18.9,72.8167,11.0,20.4,14.6,,1016.7,69.0,20.4,1016.7,69.0,False,,,
INM00043057,BOMBAY / COLABA,2024-02-11 09:00:00,18.9,72.8167,11.0,28.6,17.9,,1014.9,52.0,28.6,1014.9,52.0,False,,,
INM00043057,BOMBAY / COLABA,2024-02-11 12:00:00,18.9,72.8167,11.0,26.5,20.0,,1014.4,68.0,26.5,1014.4,68.0,False,,,
INM00043057,BOMBAY / COLABA,2024-02-12 03:00:00,18.9,72.8167,11.0,22.0,19.5,,1016.5,86.0,22.0,1016.5,86.0,False,,,
INM00043057,BOMBAY / COLABA,2024-02-12 12:00:00,18.9,72.8167,11.0,27.5,20.8,,1013.2,67.0,27.5,1013.2,67.0,False,,,
INM00043057,BOMBAY / COLABA,2024-02-13 03:00:00,18.9,72.8167,11.0,21.6,15.6,,1016.1,69.0,21.6,1016.1,69.0,False,,,
INM00043057,BOMBAY / COLABA,2024-02-13 12:00:00,18.9,72.8167,11.0,27.2,18.8,,1013.4,60.0,27.2,1013.4,60.0,False,,,
INM00043057,BOMBAY / COLABA,2024-02-14 03:00:00,18.9,72.8167,11.0,22.8,13.5,,1016.3,56.0,22.8,1016.3,56.0,False,,,
INM00043057,BOMBAY / COLABA,2024-02-14 06:00:00,18.9,72.8167,11.0,30.0,15.8,,1016.3,42.0,30.0,1016.3,42.0,False,,,
INM00043057,BOMBAY / COLABA,2024-02-14 09:00:00,18.9,72.8167,11.0,29.0,18.1,,1013.4,52.0,29.0,1013.4,52.0,False,,,
INM00043057,BOMBAY / COLABA,2024-02-14 12:00:00,18.9,72.8167,11.0,27.5,19.4,,1012.5,61.0,27.5,1012.5,61.0,False,,,
INM00043057,BOMBAY / COLABA,2024-02-15 03:00:00,18.9,72.8167,11.0,21.8,14.3,,1015.0,63.0,21.8,1015.0,63.0,False,,,
INM00043057,BOMBAY / COLABA,2024-02-15 06:00:00,18.9,72.8167,11.0,30.0,18.6,,1015.2,50.0,30.0,1015.2,50.0,False,,,
INM00043057,BOMBAY / COLABA,2024-02-15 09:00:00,18.9,72.8167,11.0,29.2,20.1,,1012.2,58.0,29.2,1012.2,58.0,False,,,
INM00043057,BOMBAY / COLABA,2024-02-15 12:00:00,18.9,72.8167,11.0,27.6,22.3,,1011.3,73.0,27.6,1011.3,73.0,False,,,
INM00043057,BOMBAY / COLABA,2024-02-16 00:00:00,18.9,72.8167,11.0,24.2,22.1,,1012.0,88.0,24.2,1012.0,88.0,False,,,
INM00043057,BOMBAY / COLABA,2024-02-16 03:00:00,18.9,72.8167,11.0,23.6,21.5,,1014.6,88.0,23.6,1014.6,88.0,False,,,
INM00043057,BOMBAY / COLABA,2024-02-16 12:00:00,18.9,72.8167,11.0,29.0,24.1,,1011.8,75.0,29.0,1011.8,75.0,False,,,
INM00043057,BOMBAY / COLABA,2024-02-17 03:00:00,18.9,72.8167,11.0,24.2,21.5,,1013.7,85.0,24.2,1013.7,85.0,False,,,
INM00043057,BOMBAY / COLABA,2024-02-17 06:00:00,18.9,72.8167,11.0,30.6,22.4,,1014.2,62.0,30.6,1014.2,62.0,False,,,
INM00043057,BOMBAY / COLABA,2024-02-17 09:00:00,18.9,72.8167,11.0,32.6,23.7,,1011.1,59.0,32.6,1011.1,59.0,False,,,
INM00043057,BOMBAY / COLABA,2024-02-17 12:00:00,18.9,72.8167,11.0,30.2,22.9,,1010.4,65.0,30.2,1010.4,65.0,False,,,
INM00043057,BOMBAY / COLABA,2024-02-18 03:00:00,18.9,72.8167,11.0,24.0,21.6,,1012.6,87.0,24.0,1012.6,87.0,False,,,
INM00043057,BOMBAY / COLABA,2024-02-18 12:00:00,18.9,72.8167,11.0,27.5,22.7,,1009.8,75.0,27.5,1009.8,75.0,False,,,
INM00043057,BOMBAY / COLABA,2024-02-19 03:00:00,18.9,72.8167,11.0,23.8,22.0,,1012.5,90.0,23.8,1012.5,90.0,False,,,
INM00043057,BOMBAY / COLABA,2024-02-19 06:00:00,18.9,72.8167,11.0,29.6,22.9,,1014.2,67.0,29.6,1014.2,67.0,False,,,
INM00043057,BOMBAY / COLABA,2024-02-19 09:00:00,18.9,72.8167,11.0,30.6,20.4,,1011.6,54.0,30.6,1011.6,54.0,False,,,
INM00043057,BOMBAY / COLABA,2024-02-19 12:00:00,18.9,72.8167,11.0,28.6,17.2,,1011.0,50.0,28.6,1011.0,50.0,False,,,
INM00043057,BOMBAY / COLABA,2024-02-20 03:00:00,18.9,72.8167,11.0,23.4,21.0,,1014.5,86.0,23.4,1014.5,86.0,False,,,
INM00043057,BOMBAY / COLABA,2024-02-20 09:00:00,18.9,72.8167,11.0,30.4,19.4,,1012.1,52.0,30.4,1012.1,52.0,False,,,
INM00043057,BOMBAY / COLABA,2024-02-20 12:00:00,18.9,72.8167,11.0,27.2,17.7,,1011.6,56.0,27.2,1011.6,56.0,False,,,
INM00043057,BOMBAY / COLABA,2024-02-21 03:00:00,18.9,72.8167,11.0,23.4,21.3,,1014.4,88.0,23.4,1014.4,88.0,False,,,
INM00043057,BOMBAY / COLABA,2024-02-21 12:00:00,18.9,72.8167,11.0,27.0,21.0,,1011.6,70.0,27.0,1011.6,70.0,False,,,
INM00043057,BOMBAY / COLABA,2024-02-22 00:00:00,18.9,72.8167,11.0,23.7,21.4,,1012.1,87.0,23.7,1012.1,87.0,False,,,
INM00043057,BOMBAY / COLABA,2024-02-22 03:00:00,18.9,72.8167,11.0,24.0,21.6,,1014.7,87.0,24.0,1014.7,87.0,False,,,
INM00043057,BOMBAY / COLABA,2024-02-22 12:00:00,18.9,72.8167,11.0,27.0,21.3,,1012.1,71.0,27.0,1012.1,71.0,False,,,
INM00043057,BOMBAY / COLABA,2024-02-23 03:00:00,18.9,72.8167,11.0,23.0,20.5,,1015.3,86.0,23.0,1015.3,86.0,False,,,
INM00043057,BOMBAY / COLABA,2024-02-23 06:00:00,18.9,72.8167,11.0,28.0,20.8,,1014.9,65.0,28.0,1014.9,65.0,False,,,
INM00043057,BOMBAY / COLABA,2024-02-23 12:00:00,18.9,72.8167,11.0,27.0,17.5,,1011.1,56.0,27.0,1011.1,56.0,False,,,
INM00043057,BOMBAY / COLABA,2024-02-24 03:00:00,18.9,72.8167,11.0,23.2,14.4,,1014.1,58.0,23.2,1014.1,58.0,False,,,
INM00043057,BOMBAY / COLABA,2024-02-24 12:00:00,18.9,72.8167,11.0,27.7,10.5,,1010.7,34.0,27.7,1010.7,34.0,False,,,
INM00043057,BOMBAY / COLABA,2024-02-25 03:00:00,18.9,72.8167,11.0,21.0,6.4,,1012.3,39.0,21.0,1012.3,39.0,False,,,
INM00043057,BOMBAY / COLABA,2024-02-25 06:00:00,18.9,72.8167,11.0,29.6,7.0,,1012.3,24.0,29.6,1012.3,24.0,False,,,
INM00043057,BOMBAY / COLABA,2024-02-25 09:00:00,18.9,72.8167,11.0,31.5,9.5,,1009.1,26.0,31.5,1009.1,26.0,False,,,
INM00043057,BOMBAY / COLABA,2024-02-25 12:00:00,18.9,72.8167,11.0,28.2,16.7,,1008.4,50.0,28.2,1008.4,50.0,False,,,
INM00043057,BOMBAY / COLABA,2024-02-26 03:00:00,18.9,72.8167,11.0,23.6,17.1,,1011.1,67.0,23.6,1011.1,67.0,False,,,
INM00043057,BOMBAY / COLABA,2024-02-26 09:00:00,18.9,72.8167,11.0,33.4,18.0,,1008.8,40.0,33.4,1008.8,40.0,False,,,
INM00043057,BOMBAY / COLABA,2024-02-26 12:00:00,18.9,72.8167,11.0,29.4,23.0,,1009.0,68.0,29.4,1009.0,68.0,False,,,
INM00043057,BOMBAY / COLABA,2024-02-27 03:00:00,18.9,72.8167,11.0,25.2,23.1,,1013.3,88.0,25.2,1013.3,88.0,False,,,
INM00043057,BOMBAY / COLABA,2024-02-27 12:00:00,18.9,72.8167,11.0,28.5,22.2,,1010.3,69.0,28.5,1010.3,69.0,False,,,
INM00043057,BOMBAY / COLABA,2024-02-28 03:00:00,18.9,72.8167,11.0,24.0,15.0,,1013.1,57.0,24.0,1013.1,57.0,False,,,
INM00043057,BOMBAY / COLABA,2024-02-28 12:00:00,18.9,72.8167,11.0,28.0,23.0,,1008.7,74.0,28.0,1008.7,74.0,False,,,
INM00043057,BOMBAY / COLABA,2024-02-29 03:00:00,18.9,72.8167,11.0,25.6,23.6,,1012.2,89.0,25.6,1012.2,89.0,False,,,
INM00043057,BOMBAY / COLABA,2024-02-29 12:00:00,18.9,72.8167,11.0,31.2,22.4,,1018.6,60.0,31.2,1018.6,60.0,False,,,
INM00043057,BOMBAY / COLABA,2024-03-01 03:00:00,18.9,72.8167,11.0,24.0,21.9,,1013.1,88.0,24.0,1013.1,88.0,False,,,
INM00043057,BOMBAY / COLABA,2024-03-01 09:00:00,18.9,72.8167,11.0,30.4,19.2,,1011.4,51.0,30.4,1011.4,51.0,False,,,
INM00043057,BOMBAY / COLABA,2024-03-01 12:00:00,18.9,72.8167,11.0,28.0,22.4,,1010.4,72.0,28.0,1010.4,72.0,False,,,
INM00043057,BOMBAY / COLABA,2024-03-02 03:00:00,18.9,72.8167,11.0,25.0,22.9,,1013.9,88.0,25.0,1013.9,88.0,False,,,
INM00043057,BOMBAY / COLABA,2024-03-02 06:00:00,18.9,72.8167,11.0,30.0,24.3,,1014.5,72.0,30.0,1014.5,72.0,False,,,
INM00043057,BOMBAY / COLABA,2024-03-02 09:00:00,18.9,72.8167,11.0,30.2,23.9,,1012.0,69.0,30.2,1012.0,69.0,False,,,
INM00043057,BOMBAY / COLABA,2024-03-02 12:00:00,18.9,72.8167,11.0,28.2,22.3,,1011.2,70.0,28.2,1011.2,70.0,False,,,
INM00043057,BOMBAY / COLABA,2024-03-03 03:00:00,18.9,72.8167,11.0,25.2,22.2,,1014.5,84.0,25.2,1014.5,84.0,False,,,
INM00043057,BOMBAY / COLABA,2024-03-03 06:00:00,18.9,72.8167,11.0,27.7,21.2,,1015.1,68.0,27.7,1015.1,68.0,False,,,
INM00043057,BOMBAY / COLABA,2024-03-03 09:00:00,18.9,72.8167,11.0,28.0,20.1,,1012.4,62.0,28.0,1012.4,62.0,False,,,
INM00043057,BOMBAY / COLABA,2024-03-03 12:00:00,18.9,72.8167,11.0,25.0,18.7,,1011.9,68.0,25.0,1011.9,68.0,False,,,
INM00043057,BOMBAY / COLABA,2024-03-04 00:00:00,18.9,72.8167,11.0,21.0,16.4,,1012.9,75.0,21.0,1012.9,75.0,False,,,
INM00043057,BOMBAY / COLABA,2024-03-04 03:00:00,18.9,72.8167,11.0,21.2,16.2,,1015.2,73.0,21.2,1015.2,73.0,False,,,
INM00043057,BOMBAY / COLABA,2024-03-04 09:00:00,18.9,72.8167,11.0,27.5,17.2,,1013.5,53.0,27.5,1013.5,53.0,False,,,
INM00043057,BOMBAY / COLABA,2024-03-04 12:00:00,18.9,72.8167,11.0,25.5,14.8,,1012.2,52.0,25.5,1012.2,52.0,False,,,
INM00043057,BOMBAY / COLABA,2024-03-05 03:00:00,18.9,72.8167,11.0,22.4,14.6,,1014.5,61.0,22.4,1014.5,61.0,False,,,
INM00043057,BOMBAY / COLABA,2024-03-05 12:00:00,18.9,72.8167,11.0,27.0,16.0,,1011.3,51.0,27.0,1011.3,51.0,False,,,
INM00043057,BOMBAY / COLABA,2024-03-06 00:00:00,18.9,72.8167,11.0,23.0,17.9,,1011.7,73.0,23.0,1011.7,73.0,False,,,
INM00043057,BOMBAY / COLABA,2024-03-06 03:00:00,18.9,72.8167,11.0,23.4,18.3,,1014.1,73.0,23.4,1014.1,73.0,False,,,
INM00043057,BOMBAY / COLABA,2024-03-06 12:00:00,18.9,72.8167,11.0,27.4,14.0,,1010.8,44.0,27.4,1010.8,44.0,False,,,
INM00043057,BOMBAY / COLABA,2024-03-07 03:00:00,18.9,72.8167,11.0,22.4,17.2,,1013.8,73.0,22.4,1013.8,73.0,False,,,
INM00043057,BOMBAY / COLABA,2024-03-07 09:00:00,18.9,72.8167,11.0,30.5,19.4,,1010.6,52.0,30.5,1010.6,52.0,False,,,
INM00043057,BOMBAY / COLABA,2024-03-07 12:00:00,18.9,72.8167,11.0,28.7,18.9,,1009.9,55.0,28.7,1009.9,55.0,False,,,
INM00043057,BOMBAY / COLABA,2024-03-08 03:00:00,18.9,72.8167,11.0,24.2,15.2,,1013.8,57.0,24.2,1013.8,57.0,False,,,
INM00043057,BOMBAY / COLABA,2024-03-08 12:00:00,18.9,72.8167,11.0,29.5,16.3,,1010.3,45.0,29.5,1010.3,45.0,False,,,
INM00043057,BOMBAY / COLABA,2024-03-09 00:00:00,18.9,72.8167,11.0,23.5,13.1,,1011.3,52.0,23.5,1011.3,52.0,False,,,
INM00043057,BOMBAY / COLABA,2024-03-09 03:00:00,18.9,72.8167,11.0,24.4,16.6,,1013.4,62.0,24.4,1013.4,62.0,False,,,
INM00043057,BOMBAY / COLABA,2024-03-09 06:00:00,18.9,72.8167,11.0,49.32655830089608,17.2,,1013.4,44.0,31.0,1013.4,44.0,True,spike,35,temperature
INM00043057,BOMBAY / COLABA,2024-03-09 12:00:00,18.9,72.8167,11.0,29.5,17.4,,1010.9,48.0,29.5,1010.9,48.0,False,,,
INM00043057,BOMBAY / COLABA,2024-03-10 03:00:00,18.9,72.8167,11.0,24.4,20.4,,1014.2,78.0,24.4,1014.2,78.0,False,,,
INM00043057,BOMBAY / COLABA,2024-03-10 12:00:00,18.9,72.8167,11.0,28.5,19.5,,1012.3,58.0,28.5,1012.3,58.0,False,,,
INM00043057,BOMBAY / COLABA,2024-03-11 03:00:00,18.9,72.8167,11.0,22.6,18.1,,1015.9,76.0,22.6,1015.9,76.0,False,,,
INM00043057,BOMBAY / COLABA,2024-03-11 06:00:00,18.9,72.8167,11.0,31.0,13.4,,1016.3,34.0,31.0,1016.3,34.0,False,,,
INM00043057,BOMBAY / COLABA,2024-03-11 09:00:00,18.9,72.8167,11.0,30.0,21.4,,1013.5,60.0,30.0,1013.5,60.0,False,,,
INM00043057,BOMBAY / COLABA,2024-03-11 12:00:00,18.9,72.8167,11.0,28.5,20.2,,1012.4,61.0,28.5,1012.4,61.0,False,,,
INM00043057,BOMBAY / COLABA,2024-03-12 03:00:00,18.9,72.8167,11.0,26.0,18.8,,1014.9,65.0,26.0,1014.9,65.0,False,,,
INM00043057,BOMBAY / COLABA,2024-03-12 12:00:00,18.9,72.8167,11.0,29.2,22.4,,1011.7,67.0,29.2,1011.7,67.0,False,,,
INM00043057,BOMBAY / COLABA,2024-03-13 03:00:00,18.9,72.8167,11.0,25.6,22.9,,1014.6,85.0,25.6,1014.6,85.0,False,,,
INM00043057,BOMBAY / COLABA,2024-03-13 12:00:00,18.9,72.8167,11.0,27.7,20.2,,1011.2,64.0,27.7,1011.2,64.0,False,,,
INM00043057,BOMBAY / COLABA,2024-03-14 03:00:00,18.9,72.8167,11.0,24.4,22.3,,1015.4,88.0,24.4,1015.4,88.0,False,,,
INM00043057,BOMBAY / COLABA,2024-03-14 12:00:00,18.9,72.8167,11.0,27.5,22.4,,1011.9,74.0,27.5,1011.9,74.0,False,,,
INM00043057,BOMBAY / COLABA,2024-03-15 03:00:00,18.9,72.8167,11.0,23.6,20.5,,1014.6,83.0,23.6,1014.6,83.0,False,,,
INM00043057,BOMBAY / COLABA,2024-03-15 09:00:00,18.9,72.8167,11.0,30.0,19.6,,1011.6,54.0,30.0,1011.6,54.0,False,,,
INM00043057,BOMBAY / COLABA,2024-03-15 12:00:00,18.9,72.8167,11.0,27.0,18.6,,1010.7,60.0,27.0,1010.7,60.0,False,,,
INM00043057,BOMBAY / COLABA,2024-03-16 03:00:00,18.9,72.8167,11.0,23.4,21.3,,1013.7,88.0,23.4,1013.7,88.0,False,,,
INM00043057,BOMBAY / COLABA,2024-03-16 12:00:00,18.9,72.8167,11.0,28.0,19.7,,1010.6,61.0,28.0,1010.6,61.0,False,,,
INM00043057,BOMBAY / COLABA,2024-03-17 03:00:00,18.9,72.8167,11.0,24.4,22.0,,1013.6,87.0,24.4,1013.6,87.0,False,,,
INM00043057,BOMBAY / COLABA,2024-03-17 12:00:00,18.9,72.8167,11.0,28.0,21.8,,1011.2,69.0,28.0,1011.2,69.0,False,,,
INM00043057,BOMBAY / COLABA,2024-03-18 03:00:00,18.9,72.8167,11.0,25.0,22.9,,1013.7,88.0,25.0,1013.7,88.0,False,,,
INM00043057,BOMBAY / COLABA,2024-03-18 09:00:00,18.9,72.8167,11.0,30.4,20.8,,1011.0,56.0,30.4,1011.0,56.0,False,,,
INM00043057,BOMBAY / COLABA,2024-03-18 12:00:00,18.9,72.8167,11.0,28.5,22.5,,1009.8,70.0,28.5,1009.8,70.0,False,,,
INM00043057,BOMBAY / COLABA,2024-03-19 03:00:00,18.9,72.8167,11.0,25.0,22.9,,1014.0,88.0,25.0,1014.0,88.0,False,,,
INM00043057,BOMBAY / COLABA,2024-03-19 09:00:00,18.9,72.8167,11.0,31.8,19.7,,1010.3,49.0,31.8,1010.3,49.0,False,,,
INM00043057,BOMBAY / COLABA,2024-03-19 12:00:00,18.9,72.8167,11.0,30.0,21.7,,1009.3,61.0,30.0,1009.3,61.0,False,,,
INM00043057,BOMBAY / COLABA,2024-03-20 03:00:00,18.9,72.8167,11.0,24.8,22.4,,1013.5,87.0,24.8,1013.5,87.0,False,,,
INM00043057,BOMBAY / COLABA,2024-03-20 12:00:00,18.9,72.8167,11.0,32.0,13.5,,1007.9,32.0,32.0,1007.9,32.0,False,,,
INM00043057,BOMBAY / COLABA,2024-03-21 03:00:00,18.9,72.8167,11.0,26.8,16.9,,1010.8,55.0,26.8,1010.8,55.0,False,,,
INM00043057,BOMBAY / COLABA,2024-03-21 06:00:00,18.9,72.8167,11.0,34.0,15.5,,1010.9,33.0,34.0,1010.9,33.0,False,,,
INM00043057,BOMBAY / COLABA,2024-03-21 12:00:00,18.9,72.8167,11.0,32.6,14.4,,1007.4,33.0,32.6,1007.4,33.0,False,,,
INM00043057,BOMBAY / COLABA,2024-03-22 03:00:00,18.9,72.8167,11.0,26.6,24.0,,1011.1,86.0,26.6,1011.1,86.0,False,,,
INM00043057,BOMBAY / COLABA,2024-03-22 12:00:00,18.9,72.8167,11.0,28.5,23.8,,1007.3,76.0,28.5,1007.3,76.0,False,,,
INM00043057,BOMBAY / COLABA,2024-03-23 03:00:00,18.9,72.8167,11.0,24.4,22.3,,1011.1,88.0,24.4,1011.1,88.0,False,,,
INM00043057,BOMBAY / COLABA,2024-03-23 12:00:00,18.9,72.8167,11.0,28.5,20.5,,1007.7,62.0,28.5,1007.7,62.0,False,,,
INM00043057,BOMBAY / COLABA,2024-03-24 03:00:00,18.9,72.8167,11.0,24.6,20.6,,1011.7,78.0,24.6,1011.7,78.0,False,,,
INM00043057,BOMBAY / COLABA,2024-03-24 12:00:00,18.9,72.8167,11.0,27.6,21.6,,1009.1,70.0,27.6,1009.1,70.0,False,,,
INM00043057,BOMBAY / COLABA,2024-03-25 03:00:00,18.9,72.8167,11.0,24.8,19.9,,1013.2,74.0,24.8,1013.2,74.0,False,,,
INM00043057,BOMBAY / COLABA,2024-03-25 06:00:00,18.9,72.8167,11.0,29.7,21.8,,1012.7,63.0,29.7,1012.7,63.0,False,,,
INM00043057,BOMBAY / COLABA,2024-03-25 12:00:00,18.9,72.8167,11.0,27.6,22.3,,1009.1,73.0,27.6,1009.1,73.0,False,,,
INM00043057,BOMBAY / COLABA,2024-03-26 03:00:00,18.9,72.8167,11.0,25.0,22.0,,1012.0,83.0,25.0,1012.0,83.0,False,,,
INM00043057,BOMBAY / COLABA,2024-03-26 06:00:00,18.9,72.8167,11.0,29.5,23.3,,1012.0,69.0,29.5,1012.0,69.0,False,,,
INM00043057,BOMBAY / COLABA,2024-03-26 12:00:00,18.9,72.8167,11.0,28.2,24.5,,1009.3,80.0,28.2,1009.3,80.0,False,,,
INM00043057,BOMBAY / COLABA,2024-03-27 03:00:00,18.9,72.8167,11.0,25.4,23.3,,1014.0,88.0,25.4,1014.0,88.0,False,,,
INM00043057,BOMBAY / COLABA,2024-03-27 09:00:00,18.9,72.8167,11.0,30.4,23.8,,1011.9,68.0,30.4,1011.9,68.0,False,,,
INM00043057,BOMBAY / COLABA,2024-03-27 12:00:00,18.9,72.8167,11.0,29.0,24.7,,1010.9,78.0,29.0,1010.9,78.0,False,,,
INM00043057,BOMBAY / COLABA,2024-03-28 00:00:00,18.9,72.8167,11.0,25.0,22.6,,1011.0,87.0,25.0,1011.0,87.0,False,,,
INM00043057,BOMBAY / COLABA,2024-03-28 03:00:00,18.9,72.8167,11.0,25.4,23.0,,1013.1,87.0,25.4,1013.1,87.0,False,,,
INM00043057,BOMBAY / COLABA,2024-03-28 06:00:00,18.9,72.8167,11.0,29.5,24.5,,1013.2,75.0,29.5,1013.2,75.0,False,,,
INM00043057,BOMBAY / COLABA,2024-03-28 09:00:00,18.9,72.8167,11.0,31.0,24.4,,1010.6,68.0,31.0,1010.6,68.0,False,,,
INM00043057,BOMBAY / COLABA,2024-03-28 12:00:00,18.9,72.8167,11.0,28.5,24.1,,1009.5,77.0,28.5,1009.5,77.0,False,,,
INM00043057,BOMBAY / COLABA,2024-03-29 03:00:00,18.9,72.8167,11.0,26.2,23.0,,1011.2,83.0,26.2,1011.2,83.0,False,,,
INM00043057,BOMBAY / COLABA,2024-03-29 06:00:00,18.9,72.8167,11.0,29.7,24.1,,1012.2,72.0,29.7,1012.2,72.0,False,,,
INM00043057,BOMBAY / COLABA,2024-03-29 12:00:00,18.9,72.8167,11.0,29.0,22.2,,1008.4,67.0,29.0,1008.4,67.0,False,,,
INM00043057,BOMBAY / COLABA,2024-03-30 00:00:00,18.9,72.8167,11.0,24.5,20.7,,1010.8,79.0,24.5,1010.8,79.0,False,,,
INM00043057,BOMBAY / COLABA,2024-03-30 03:00:00,18.9,72.8167,11.0,25.2,22.5,,1013.0,85.0,25.2,1013.0,85.0,False,,,
INM00043057,BOMBAY / COLABA,2024-03-30 12:00:00,18.9,72.8167,11.0,29.2,22.8,,1009.7,68.0,29.2,1009.7,68.0,False,,,
INM00043057,BOMBAY / COLABA,2024-03-31 03:00:00,18.9,72.8167,11.0,28.0,23.6,,1014.2,77.0,28.0,1014.2,77.0,False,,,
INM00043057,BOMBAY / COLABA,2024-03-31 12:00:00,18.9,72.8167,11.0,30.0,20.3,,1010.1,56.0,30.0,1010.1,56.0,False,,,
INM00043057,BOMBAY / COLABA,2024-04-01 03:00:00,18.9,72.8167,11.0,27.6,22.9,,1011.7,76.0,27.6,1011.7,76.0,False,,,
INM00043057,BOMBAY / COLABA,2024-04-01 06:00:00,18.9,72.8167,11.0,31.5,24.9,,1011.7,68.0,31.5,1011.7,68.0,False,,,
INM00043057,BOMBAY / COLABA,2024-04-01 12:00:00,18.9,72.8167,11.0,29.0,23.5,,1007.7,72.0,29.0,1007.7,72.0,False,,,
INM00043057,BOMBAY / COLABA,2024-04-02 03:00:00,18.9,72.8167,11.0,26.4,22.9,,1009.8,81.0,26.4,1009.8,81.0,False,,,
INM00043057,BOMBAY / COLABA,2024-04-02 06:00:00,18.9,72.8167,11.0,32.0,22.7,,1009.7,,32.0,1009.7,58.0,True,dropout,28,relative_humidity
INM00043057,BOMBAY / COLABA,2024-04-02 12:00:00,18.9,72.8167,11.0,29.6,23.2,,1006.9,,29.6,1006.9,69.0,True,dropout,28,relative_humidity
INM00043057,BOMBAY / COLABA,2024-04-03 03:00:00,18.9,72.8167,11.0,26.4,24.1,,1010.6,,26.4,1010.6,87.0,True,dropout,28,relative_humidity
INM00043057,BOMBAY / COLABA,2024-04-03 12:00:00,18.9,72.8167,11.0,29.0,22.9,,1008.5,,29.0,1008.5,70.0,True,dropout,28,relative_humidity
INM00043057,BOMBAY / COLABA,2024-04-04 03:00:00,18.9,72.8167,11.0,26.8,22.0,,1011.1,,26.8,1011.1,75.0,True,dropout,28,relative_humidity
INM00043057,BOMBAY / COLABA,2024-04-04 12:00:00,18.9,72.8167,11.0,29.5,22.7,,1008.5,,29.5,1008.5,67.0,True,dropout,28,relative_humidity
INM00043057,BOMBAY / COLABA,2024-04-05 03:00:00,18.9,72.8167,11.0,27.4,24.5,,1011.2,84.0,27.4,1011.2,84.0,False,,,
INM00043057,BOMBAY / COLABA,2024-04-05 12:00:00,18.9,72.8167,11.0,32.0,20.1,,1007.0,49.0,32.0,1007.0,49.0,False,,,
INM00043057,BOMBAY / COLABA,2024-04-06 03:00:00,18.9,72.8167,11.0,28.2,19.6,,1010.3,60.0,28.2,1010.3,60.0,False,,,
INM00043057,BOMBAY / COLABA,2024-04-06 06:00:00,18.9,72.8167,11.0,33.0,20.1,,1009.9,47.0,33.0,1009.9,47.0,False,,,
INM00043057,BOMBAY / COLABA,2024-04-06 12:00:00,18.9,72.8167,11.0,32.0,17.7,,,42.0,32.0,1005.9,42.0,True,dropout,18,sea_level_pressure
INM00043057,BOMBAY / COLABA,2024-04-07 03:00:00,18.9,72.8167,11.0,29.2,21.8,,,64.0,29.2,1009.6,64.0,True,dropout,18,sea_level_pressure
INM00043057,BOMBAY / COLABA,2024-04-07 12:00:00,18.9,72.8167,11.0,30.0,17.8,,,48.0,30.0,1006.7,48.0,True,dropout,18,sea_level_pressure
INM00043057,BOMBAY / COLABA,2024-04-08 03:00:00,18.9,72.8167,11.0,27.0,23.5,,,81.0,27.0,1010.2,81.0,True,dropout,18,sea_level_pressure
INM00043057,BOMBAY / COLABA,2024-04-08 06:00:00,18.9,72.8167,11.0,32.0,24.0,,1010.4,63.0,32.0,1010.4,63.0,False,,,
INM00043057,BOMBAY / COLABA,2024-04-08 09:00:00,18.9,72.8167,11.0,31.4,24.3,,1007.8,66.0,31.4,1007.8,66.0,False,,,
INM00043057,BOMBAY / COLABA,2024-04-08 12:00:00,18.9,72.8167,11.0,30.0,25.2,,1006.7,75.0,30.0,1006.7,75.0,False,,,
INM00043057,BOMBAY / COLABA,2024-04-09 03:00:00,18.9,72.8167,11.0,27.2,24.3,,1009.6,84.0,27.2,1009.6,84.0,False,,,
INM00043057,BOMBAY / COLABA,2024-04-09 12:00:00,18.9,72.8167,11.0,30.5,26.2,,1007.0,78.0,30.5,1007.0,78.0,False,,,
INM00043057,BOMBAY / COLABA,2024-04-10 03:00:00,18.9,72.8167,11.0,27.4,24.8,,1010.5,86.0,27.4,1010.5,86.0,False,,,
INM00043057,BOMBAY / COLABA,2024-04-10 06:00:00,18.9,72.8167,11.0,31.6,25.1,,1010.5,68.0,31.6,1010.5,68.0,False,,,
INM00043057,BOMBAY / COLABA,2024-04-10 09:00:00,18.9,72.8167,11.0,32.0,24.9,,1008.3,66.0,32.0,1008.3,66.0,False,,,
INM00043057,BOMBAY / COLABA,2024-04-10 12:00:00,18.9,72.8167,11.0,30.0,25.2,,1007.5,75.0,30.0,1007.5,75.0,False,,,
INM00043057,BOMBAY / COLABA,2024-04-11 03:00:00,18.9,72.8167,11.0,27.4,24.5,,1010.6,84.0,27.4,1010.6,84.0,False,,,
INM00043057,BOMBAY / COLABA,2024-04-11 06:00:00,18.9,72.8167,11.0,30.0,20.4,,1010.9,56.0,30.0,1010.9,56.0,False,,,
INM00043057,BOMBAY / COLABA,2024-04-11 09:00:00,18.9,72.8167,11.0,32.4,23.5,,1008.5,59.0,32.4,1008.5,59.0,False,,,
INM00043057,BOMBAY / COLABA,2024-04-11 12:00:00,18.9,72.8167,11.0,30.4,25.0,,1007.8,73.0,30.4,1007.8,73.0,False,,,
INM00043057,BOMBAY / COLABA,2024-04-12 03:00:00,18.9,72.8167,11.0,27.2,20.9,,1010.7,69.0,27.2,1010.7,69.0,False,,,
INM00043057,BOMBAY / COLABA,2024-04-12 12:00:00,18.9,72.8167,11.0,29.7,21.1,,1007.3,60.0,29.7,1007.3,60.0,False,,,
INM00043057,BOMBAY / COLABA,2024-04-13 03:00:00,18.9,72.8167,11.0,27.0,22.9,,1011.5,78.0,27.0,1011.5,78.0,False,,,
INM00043057,BOMBAY / COLABA,2024-04-13 12:00:00,18.9,72.8167,11.0,29.6,21.9,,1008.3,63.0,29.6,1008.3,63.0,False,,,
INM00043057,BOMBAY / COLABA,2024-04-14 03:00:00,18.9,72.8167,11.0,26.4,21.3,,1012.6,74.0,26.4,1012.6,74.0,False,,,
INM00043057,BOMBAY / COLABA,2024-04-14 12:00:00,18.9,72.8167,11.0,30.2,25.1,,1008.0,74.0,30.2,1008.0,74.0,False,,,
INM00043057,BOMBAY / COLABA,2024-04-15 03:00:00,18.9,72.8167,11.0,28.6,25.5,,1011.4,83.0,28.6,1011.4,83.0,False,,,
INM00043057,BOMBAY / COLABA,2024-04-15 12:00:00,18.9,72.8167,11.0,31.5,27.3,,1006.8,78.0,31.5,1006.8,78.0,False,,,
INM00043057,BOMBAY / COLABA,2024-04-19 03:00:00,18.9,72.8167,11.0,29.4,24.8,,1008.0,76.0,29.4,1008.0,76.0,False,,,
INM00043057,BOMBAY / COLABA,2024-04-19 06:00:00,18.9,72.8167,11.0,33.6,25.5,,1008.2,63.0,33.6,1008.2,63.0,False,,,
INM00043057,BOMBAY / COLABA,2024-04-19 12:00:00,18.9,72.8167,11.0,31.4,26.4,,1004.5,75.0,31.4,1004.5,75.0,False,,,
INM00043057,BOMBAY / COLABA,2024-04-20 03:00:00,18.9,72.8167,11.0,30.0,25.5,,1007.5,77.0,30.0,1007.5,77.0,False,,,
INM00043057,BOMBAY / COLABA,2024-04-20 09:00:00,18.9,72.8167,11.0,33.0,24.2,,,60.0,33.0,1006.3,60.0,True,dropout,22,sea_level_pressure
INM00043057,BOMBAY / COLABA,2024-04-20 12:00:00,18.9,72.8167,11.0,31.8,19.7,,,49.0,31.8,1006.1,49.0,True,dropout,22,sea_level_pressure
INM00043057,BOMBAY / COLABA,2024-04-21 03:00:00,18.9,72.8167,11.0,29.4,22.0,,,64.0,29.4,1008.6,64.0,True,dropout,22,sea_level_pressure
INM00043057,BOMBAY / COLABA,2024-04-21 06:00:00,18.9,72.8167,11.0,32.0,24.6,,,65.0,32.0,1009.2,65.0,True,dropout,22,sea_level_pressure
INM00043057,BOMBAY / COLABA,2024-04-21 09:00:00,18.9,72.8167,11.0,31.8,23.1,,,60.0,31.8,1007.3,60.0,True,dropout,22,sea_level_pressure
INM00043057,BOMBAY / COLABA,2024-04-21 12:00:00,18.9,72.8167,11.0,31.2,17.0,,,43.0,31.2,1006.5,43.0,True,dropout,22,sea_level_pressure
INM00043057,BOMBAY / COLABA,2024-04-22 03:00:00,18.9,72.8167,11.0,29.4,23.6,,,71.0,29.4,1009.9,71.0,True,dropout,22,sea_level_pressure
INM00043057,BOMBAY / COLABA,2024-04-22 06:00:00,18.9,72.8167,11.0,32.4,24.1,,,62.0,32.4,1010.3,62.0,True,dropout,22,sea_level_pressure
INM00043057,BOMBAY / COLABA,2024-04-22 12:00:00,18.9,72.8167,11.0,30.6,17.8,,,46.0,30.6,1006.8,46.0,True,dropout,22,sea_level_pressure
INM00043057,BOMBAY / COLABA,2024-04-23 00:00:00,18.9,72.8167,11.0,28.4,22.8,,,72.0,28.4,1007.4,72.0,True,dropout,22,sea_level_pressure
INM00043057,BOMBAY / COLABA,2024-04-23 03:00:00,18.9,72.8167,11.0,28.8,23.0,,1009.0,71.0,28.8,1009.0,71.0,False,,,
INM00043057,BOMBAY / COLABA,2024-04-23 06:00:00,18.9,72.8167,11.0,31.6,23.9,,1008.9,64.0,31.6,1008.9,64.0,False,,,
INM00043057,BOMBAY / COLABA,2024-04-23 09:00:00,18.9,72.8167,11.0,31.6,25.1,,1006.3,68.0,31.6,1006.3,68.0,False,,,
INM00043057,BOMBAY / COLABA,2024-04-23 12:00:00,18.9,72.8167,11.0,30.2,23.2,,1004.9,66.0,30.2,1004.9,66.0,False,,,
INM00043057,BOMBAY / COLABA,2024-04-24 03:00:00,18.9,72.8167,11.0,29.0,24.4,,1007.8,76.0,29.0,1007.8,76.0,False,,,
INM00043057,BOMBAY / COLABA,2024-04-24 06:00:00,18.9,72.8167,11.0,31.7,25.0,,1007.9,68.0,31.7,1007.9,68.0,False,,,
INM00043057,BOMBAY / COLABA,2024-04-24 12:00:00,18.9,72.8167,11.0,30.4,25.0,,1004.3,73.0,30.4,1004.3,73.0,False,,,
INM00043057,BOMBAY / COLABA,2024-04-25 03:00:00,18.9,72.8167,11.0,29.2,26.1,,1008.3,83.0,29.2,1008.3,83.0,False,,,
INM00043057,BOMBAY / COLABA,2024-04-25 12:00:00,18.9,72.8167,11.0,30.5,22.2,,1004.7,61.0,30.5,1004.7,61.0,False,,,
INM00043057,BOMBAY / COLABA,2024-04-26 03:00:00,18.9,72.8167,11.0,29.2,24.6,,1007.9,76.0,29.2,1007.9,76.0,False,,,
INM00043057,BOMBAY / COLABA,2024-04-26 12:00:00,18.9,72.8167,11.0,31.0,26.3,,1005.0,76.0,31.0,1005.0,76.0,False,,,
INM00043057,BOMBAY / COLABA,2024-04-27 03:00:00,18.9,72.8167,11.0,29.6,24.8,,1008.8,75.0,29.6,1008.8,75.0,False,,,
INM00043057,BOMBAY / COLABA,2024-04-27 12:00:00,18.9,72.8167,11.0,31.6,26.0,,1004.4,72.0,31.6,1004.4,72.0,False,,,
INM00043057,BOMBAY / COLABA,2024-04-28 03:00:00,18.9,72.8167,11.0,30.6,24.0,,1007.9,68.0,30.6,1007.9,68.0,False,,,
INM00043057,BOMBAY / COLABA,2024-04-28 09:00:00,18.9,72.8167,11.0,33.7,23.8,,1005.3,56.0,33.7,1005.3,56.0,False,,,
INM00043057,BOMBAY / COLABA,2024-04-28 12:00:00,18.9,72.8167,11.0,33.0,21.5,,1004.3,51.0,33.0,1004.3,51.0,False,,,
INM00043057,BOMBAY / COLABA,2024-04-29 03:00:00,18.9,72.8167,11.0,31.0,21.9,,1009.2,58.0,31.0,1009.2,58.0,False,,,
INM00043057,BOMBAY / COLABA,2024-04-29 06:00:00,18.9,72.8167,11.0,34.5,22.5,,1009.5,50.0,34.5,1009.5,50.0,False,,,
INM00043057,BOMBAY / COLABA,2024-04-29 09:00:00,18.9,72.8167,11.0,35.0,17.3,,1007.1,35.0,35.0,1007.1,35.0,False,,,
INM00043057,BOMBAY / COLABA,2024-04-29 12:00:00,18.9,72.8167,11.0,34.0,14.6,,1005.7,31.0,34.0,1005.7,31.0,False,,,
INM00043057,BOMBAY / COLABA,2024-04-30 03:00:00,18.9,72.8167,11.0,30.0,25.5,,1008.6,77.0,30.0,1008.6,77.0,False,,,
INM00043057,BOMBAY / COLABA,2024-04-30 12:00:00,18.9,72.8167,11.0,33.0,23.8,,1004.6,58.0,33.0,1004.6,58.0,False,,,
INM00043057,BOMBAY / COLABA,2024-05-01 03:00:00,18.9,72.8167,11.0,50.79067155775385,23.3,,1007.0,70.0,29.4,1007.0,70.0,True,spike,14,temperature
INM00043057,BOMBAY / COLABA,2024-05-01 06:00:00,18.9,72.8167,11.0,33.0,24.8,,1007.3,62.0,33.0,1007.3,62.0,False,,,
INM00043057,BOMBAY / COLABA,2024-05-01 12:00:00,18.9,72.8167,11.0,31.5,20.3,,1004.5,51.0,31.5,1004.5,51.0,False,,,
INM00043057,BOMBAY / COLABA,2024-05-02 03:00:00,18.9,72.8167,11.0,28.2,25.1,,1007.7,83.0,28.2,1007.7,83.0,False,,,
INM00043057,BOMBAY / COLABA,2024-05-02 06:00:00,18.9,72.8167,11.0,32.5,24.7,,1007.8,63.0,32.5,1007.8,63.0,False,,,
INM00043057,BOMBAY / COLABA,2024-05-02 09:00:00,18.9,72.8167,11.0,32.7,22.0,,1025.1042798178976,53.0,32.7,1005.5,53.0,True,spike,44,sea_level_pressure
INM00043057,BOMBAY / COLABA,2024-05-02 12:00:00,18.9,72.8167,11.0,31.2,22.1,,1005.1,58.0,31.2,1005.1,58.0,False,,,
INM00043057,BOMBAY / COLABA,2024-05-03 03:00:00,18.9,72.8167,11.0,27.6,24.1,,1009.7,81.0,27.6,1009.7,81.0,False,,,
INM00043057,BOMBAY / COLABA,2024-05-03 06:00:00,18.9,72.8167,11.0,31.7,22.5,,1009.1,58.0,31.7,1009.1,58.0,False,,,
INM00043057,BOMBAY / COLABA,2024-05-03 09:00:00,18.9,72.8167,11.0,32.8,24.3,,1006.3,61.0,32.8,1006.3,61.0,False,,,
INM00043057,BOMBAY / COLABA,2024-05-03 12:00:00,18.9,72.8167,11.0,31.0,24.4,,1005.5,68.0,31.0,1005.5,68.0,False,,,
INM00043057,BOMBAY / COLABA,2024-05-04 03:00:00,18.9,72.8167,11.0,28.4,24.7,,1010.5,80.0,28.4,1010.5,80.0,False,,,
INM00043057,BOMBAY / COLABA,2024-05-04 06:00:00,18.9,72.8167,11.0,30.5,22.2,,1010.5,61.0,30.5,1010.5,61.0,False,,,
INM00043057,BOMBAY / COLABA,2024-05-04 12:00:00,18.9,72.8167,11.0,31.5,27.0,,1006.5,77.0,31.5,1006.5,77.0,False,,,
INM00043057,BOMBAY / COLABA,2024-05-05 03:00:00,18.9,72.8167,11.0,29.6,27.8,,1008.0,90.0,29.6,1008.0,90.0,False,,,
INM00043057,BOMBAY / COLABA,2024-05-05 09:00:00,18.9,72.8167,11.0,33.0,26.9,,1005.9,70.0,33.0,1005.9,70.0,False,,,
INM00043057,BOMBAY / COLABA,2024-05-05 12:00:00,18.9,72.8167,11.0,32.0,25.2,,1005.4,67.0,32.0,1005.4,67.0,False,,,
INM00043057,BOMBAY / COLABA,2024-05-06 03:00:00,18.9,72.8167,11.0,29.8,25.6,,1008.9,78.0,29.8,1008.9,78.0,False,,,
INM00043057,BOMBAY / COLABA,2024-05-06 12:00:00,18.9,72.8167,11.0,31.0,24.7,,1006.3,69.0,31.0,1006.3,69.0,False,,,
INM00043057,BOMBAY / COLABA,2024-05-07 03:00:00,18.9,72.8167,11.0,29.6,25.1,,1009.2,77.0,29.6,1009.2,77.0,False,,,
INM00043057,BOMBAY / COLABA,2024-05-07 12:00:00,18.9,72.8167,11.0,32.2,25.1,,1007.7,66.0,32.2,1007.7,66.0,False,,,
INM00043057,BOMBAY / COLABA,2024-05-08 03:00:00,18.9,72.8167,11.0,29.5,24.2,,1009.8,73.0,29.5,1009.8,73.0,False,,,
INM00043057,BOMBAY / COLABA,2024-05-08 12:00:00,18.9,72.8167,11.0,31.2,24.3,,1005.9,67.0,31.2,1005.9,67.0,False,,,
INM00043057,BOMBAY / COLABA,2024-05-09 03:00:00,18.9,72.8167,11.0,30.0,25.8,,1008.8,78.0,30.0,1008.8,78.0,False,,,
INM00043057,BOMBAY / COLABA,2024-05-09 12:00:00,18.9,72.8167,11.0,31.2,25.0,,1005.6,70.0,31.2,1005.6,70.0,False,,,
INM00043057,BOMBAY / COLABA,2024-05-10 03:00:00,18.9,72.8167,11.0,29.4,24.8,,1010.1,76.0,29.4,1010.1,76.0,False,,,
INM00043057,BOMBAY / COLABA,2024-05-10 12:00:00,18.9,72.8167,11.0,31.5,24.6,,1007.1,67.0,31.5,1007.1,67.0,False,,,
INM00043057,BOMBAY / COLABA,2024-05-11 03:00:00,18.9,72.8167,11.0,30.4,26.5,,1010.6,80.0,30.4,1010.6,80.0,False,,,
INM00043057,BOMBAY / COLABA,2024-05-11 12:00:00,18.9,72.8167,11.0,31.6,26.0,,1006.8,72.0,31.6,1006.8,72.0,False,,,
INM00043057,BOMBAY / COLABA,2024-05-12 03:00:00,18.9,72.8167,11.0,30.5,25.6,,1011.6,75.0,30.5,1011.6,75.0,False,,,
INM00043057,BOMBAY / COLABA,2024-05-12 09:00:00,18.9,72.8167,11.0,33.4,26.2,,1008.1,66.0,33.4,1008.1,66.0,False,,,
INM00043057,BOMBAY / COLABA,2024-05-12 12:00:00,18.9,72.8167,11.0,31.7,25.3,,1006.3,69.0,31.7,1006.3,69.0,False,,,
INM00043057,BOMBAY / COLABA,2024-05-13 03:00:00,18.9,72.8167,11.0,30.4,27.4,,1010.0,84.0,30.4,1010.0,84.0,False,,,
INM00043057,BOMBAY / COLABA,2024-05-13 09:00:00,18.9,72.8167,11.0,33.0,26.9,,1007.2,70.0,33.0,1007.2,70.0,False,,,
INM00043057,BOMBAY / COLABA,2024-05-13 12:00:00,18.9,72.8167,11.0,28.5,27.5,,1008.3,94.0,28.5,1008.3,94.0,False,,,
INM00043057,BOMBAY / COLABA,2024-05-14 03:00:00,18.9,72.8167,11.0,30.2,25.1,,1008.6,74.0,30.2,1008.6,74.0,False,,,
INM00043057,BOMBAY / COLABA,2024-05-14 09:00:00,18.9,72.8167,11.0,34.6,26.6,,1006.8,63.0,34.6,1006.8,63.0,False,,,
INM00043057,BOMBAY / COLABA,2024-05-14 12:00:00,18.9,72.8167,11.0,33.2,26.9,,1005.6,70.0,33.2,1005.6,70.0,False,,,
INM00043057,BOMBAY / COLABA,2024-05-15 00:00:00,18.9,72.8167,11.0,30.5,27.1,,1008.2,82.0,30.5,1008.2,82.0,False,,,
INM00043057,BOMBAY / COLABA,2024-05-15 03:00:00,18.9,72.8167,11.0,30.6,24.9,,1010.2,72.0,30.6,1010.2,72.0,False,,,
INM00043057,BOMBAY / COLABA,2024-05-15 12:00:00,18.9,72.8167,11.0,34.0,26.8,,1005.4,66.0,34.0,1005.4,66.0,False,,,
INM00043057,BOMBAY / COLABA,2024-05-16 03:00:00,18.9,72.8167,11.0,31.4,28.7,,1009.6,86.0,31.4,1009.6,86.0,False,,,
INM00043057,BOMBAY / COLABA,2024-05-16 12:00:00,18.9,72.8167,11.0,32.6,27.4,,1006.7,74.0,32.6,1006.7,74.0,False,,,
INM00043057,BOMBAY / COLABA,2024-05-17 00:00:00,18.9,72.8167,11.0,29.6,23.2,,1008.2,69.0,29.6,1008.2,69.0,False,,,
INM00043057,BOMBAY / COLABA,2024-05-17 03:00:00,18.9,72.8167,11.0,30.2,23.2,,1009.4,66.0,30.2,1009.4,66.0,False,,,
INM00043057,BOMBAY / COLABA,2024-05-17 12:00:00,18.9,72.8167,11.0,33.5,24.6,,1004.2,60.0,33.5,1004.2,60.0,False,,,
INM00043057,BOMBAY / COLABA,2024-05-18 03:00:00,18.9,72.8167,11.0,30.0,26.1,,1007.1,80.0,30.0,1007.1,80.0,False,,,
INM00043057,BOMBAY / COLABA,2024-05-18 09:00:00,18.9,72.8167,11.0,34.2,27.1,,1003.8,66.0,34.2,1003.8,66.0,False,,,
INM00043057,BOMBAY / COLABA,2024-05-18 12:00:00,18.9,72.8167,11.0,32.7,28.2,,1001.8,77.0,32.7,1001.8,77.0,False,,,
INM00043057,BOMBAY / COLABA,2024-05-19 03:00:00,18.9,72.8167,11.0,30.2,26.6,,1005.5,81.0,30.2,1005.5,81.0,False,,,
INM00043057,BOMBAY / COLABA,2024-05-19 06:00:00,18.9,72.8167,11.0,34.0,26.8,,1005.1,66.0,34.0,1005.1,66.0,False,,,
INM00043057,BOMBAY / COLABA,2024-05-19 09:00:00,18.9,72.8167,11.0,34.0,27.4,,1002.5,68.0,34.0,1002.5,68.0,False,,,
INM00043057,BOMBAY / COLABA,2024-05-19 12:00:00,18.9,72.8167,11.0,32.6,28.0,,1000.1,77.0,32.6,1000.1,77.0,False,,,
INM00043057,BOMBAY / COLABA,2024-05-20 03:00:00,18.9,72.8167,11.0,30.6,26.7,,1004.8,80.0,30.6,1004.8,80.0,False,,,
INM00043057,BOMBAY / COLABA,2024-05-20 06:00:00,18.9,72.8167,11.0,34.0,27.1,,1005.5,67.0,34.0,1005.5,67.0,False,,,
INM00043057,BOMBAY / COLABA,2024-05-20 09:00:00,18.9,72.8167,11.0,34.2,26.8,,1003.7,65.0,34.2,1003.7,65.0,False,,,
INM00043057,BOMBAY / COLABA,2024-05-20 12:00:00,18.9,72.8167,11.0,32.0,27.6,,1001.5,78.0,32.0,1001.5,78.0,False,,,
INM00043057,BOMBAY / COLABA,2024-05-21 03:00:00,18.9,72.8167,11.0,30.4,26.5,,1004.7,80.0,30.4,1004.7,80.0,False,,,
INM00043057,BOMBAY / COLABA,2024-05-21 12:00:00,18.9,72.8167,11.0,32.7,28.2,,1000.7,77.0,32.7,1000.7,77.0,False,,,
INM00043057,BOMBAY / COLABA,2024-05-22 03:00:00,18.9,72.8167,11.0,31.2,27.6,,1004.7,81.0,31.2,1004.7,81.0,False,,,
INM00043057,BOMBAY / COLABA,2024-05-22 06:00:00,18.9,72.8167,11.0,34.0,28.0,,1004.1,71.0,34.0,1004.1,71.0,False,,,
INM00043057,BOMBAY / COLABA,2024-05-22 09:00:00,18.9,72.8167,11.0,33.4,27.7,,1002.2,72.0,33.4,1002.2,72.0,False,,,
INM00043057,BOMBAY / COLABA,2024-05-22 12:00:00,18.9,72.8167,11.0,32.0,27.3,,1000.5,76.0,32.0,1000.5,76.0,False,,,
INM00043057,BOMBAY / COLABA,2024-05-23 03:00:00,18.9,72.8167,11.0,30.8,27.5,,1004.0,83.0,30.8,1004.0,83.0,False,,,
INM00043057,BOMBAY / COLABA,2024-05-23 06:00:00,18.9,72.8167,11.0,34.6,27.8,,1003.7,68.0,34.6,1003.7,68.0,False,,,
INM00043057,BOMBAY / COLABA,2024-05-23 12:00:00,18.9,72.8167,11.0,32.5,27.5,,1000.5,75.0,32.5,1000.5,75.0,False,,,
INM00043057,BOMBAY / COLABA,2024-05-24 03:00:00,18.9,72.8167,11.0,31.4,27.8,,1003.2,81.0,31.4,1003.2,81.0,False,,,
INM00043057,BOMBAY / COLABA,2024-05-24 06:00:00,18.9,72.8167,11.0,34.0,27.1,,1003.3,67.0,34.0,1003.3,67.0,False,,,
INM00043057,BOMBAY / COLABA,2024-05-24 12:00:00,18.9,72.8167,11.0,32.5,25.7,,1001.3,67.0,32.5,1001.3,67.0,False,,,
INM00043057,BOMBAY / COLABA,2024-05-25 03:00:00,18.9,72.8167,11.0,30.8,26.0,,1004.3,76.0,30.8,1004.3,76.0,False,,,
INM00043057,BOMBAY / COLABA,2024-05-25 06:00:00,18.9,72.8167,11.0,34.0,26.8,,1023.8472672959045,66.0,34.0,1004.8,66.0,True,spike,23,sea_level_pressure
INM00043057,BOMBAY / COLABA,2024-05-25 09:00:00,18.9,72.8167,11.0,34.0,26.2,,1003.1,64.0,34.0,1003.1,64.0,False,,,
INM00043057,BOMBAY / COLABA,2024-05-25 12:00:00,18.9,72.8167,11.0,33.0,25.7,,1001.9,65.0,33.0,1001.9,65.0,False,,,
INM00043057,BOMBAY / COLABA,2024-05-26 03:00:00,18.9,72.8167,11.0,30.8,26.9,,1005.5,80.0,30.8,1005.5,80.0,False,,,
INM00043057,BOMBAY / COLABA,2024-05-26 06:00:00,18.9,72.8167,11.0,33.5,27.1,,1006.1,69.0,33.5,1006.1,69.0,False,,,
INM00043057,BOMBAY / COLABA,2024-05-26 12:00:00,18.9,72.8167,11.0,32.7,25.5,,1002.6,66.0,32.7,1002.6,66.0,False,,,
INM00043057,BOMBAY / COLABA,2024-05-27 03:00:00,18.9,72.8167,11.0,30.6,26.4,,1004.9,78.0,30.6,1004.9,78.0,False,,,
INM00043057,BOMBAY / COLABA,2024-05-27 06:00:00,18.9,72.8167,11.0,33.6,27.3,,1005.3,70.0,33.6,1005.3,70.0,False,,,
INM00043057,BOMBAY / COLABA,2024-05-27 09:00:00,18.9,72.8167,11.0,32.0,27.0,,1003.9,75.0,32.0,1003.9,75.0,False,,,
INM00043057,BOMBAY / COLABA,2024-05-27 12:00:00,18.9,72.8167,11.0,31.0,26.6,,1002.8,77.0,31.0,1002.8,77.0,False,,,
INM00043057,BOMBAY / COLABA,2024-05-28 03:00:00,18.9,72.8167,11.0,31.0,26.8,,1005.9,78.0,31.0,1005.9,78.0,False,,,
INM00043057,BOMBAY / COLABA,2024-05-28 06:00:00,18.9,72.8167,11.0,34.5,26.1,,1005.8,62.0,34.5,1005.8,62.0,False,,,
INM00043057,BOMBAY / COLABA,2024-05-28 09:00:00,18.9,72.8167,11.0,35.0,26.1,,1003.7,60.0,35.0,1003.7,60.0,False,,,
INM00043057,BOMBAY / COLABA,2024-05-28 12:00:00,18.9,72.8167,11.0,32.7,25.5,,1002.9,66.0,32.7,1002.9,66.0,False,,,
INM00043057,BOMBAY / COLABA,2024-05-29 03:00:00,18.9,72.8167,11.0,31.0,25.7,,1005.4,73.0,31.0,1005.4,73.0,False,,,
INM00043057,BOMBAY / COLABA,2024-05-29 12:00:00,18.9,72.8167,11.0,32.5,26.0,,1003.2,69.0,32.5,1003.2,69.0,False,,,
INM00043057,BOMBAY / COLABA,2024-05-30 03:00:00,18.9,72.8167,11.0,30.8,26.0,,1005.9,76.0,30.8,1005.9,76.0,False,,,
INM00043057,BOMBAY / COLABA,2024-05-30 12:00:00,18.9,72.8167,11.0,32.5,25.7,,1004.7,67.0,32.5,1004.7,67.0,False,,,
INM00043057,BOMBAY / COLABA,2024-05-31 03:00:00,18.9,72.8167,11.0,30.6,27.3,,1007.6,83.0,30.6,1007.6,83.0,False,,,
INM00043057,BOMBAY / COLABA,2024-05-31 06:00:00,18.9,72.8167,11.0,34.6,27.2,,1007.5,65.0,34.6,1007.5,65.0,False,,,
INM00043057,BOMBAY / COLABA,2024-05-31 09:00:00,18.9,72.8167,11.0,34.6,26.6,,1006.0,63.0,34.6,1006.0,63.0,False,,,
INM00043057,BOMBAY / COLABA,2024-05-31 12:00:00,18.9,72.8167,11.0,33.0,26.0,,1005.0,67.0,33.0,1005.0,67.0,False,,,
INM00043057,BOMBAY / COLABA,2024-06-01 03:00:00,18.9,72.8167,11.0,30.5,26.2,,1007.2,78.0,30.5,1007.2,78.0,False,,,
INM00043057,BOMBAY / COLABA,2024-06-01 12:00:00,18.9,72.8167,11.0,32.7,25.5,,1005.0,66.0,32.7,1005.0,66.0,False,,,
INM00043057,BOMBAY / COLABA,2024-06-02 03:00:00,18.9,72.8167,11.0,31.0,25.7,,1007.5,73.0,31.0,1007.5,73.0,False,,,
INM00043057,BOMBAY / COLABA,2024-06-02 06:00:00,18.9,72.8167,11.0,34.5,25.4,,1007.4,59.0,34.5,1007.4,59.0,False,,,
INM00043057,BOMBAY / COLABA,2024-06-02 12:00:00,18.9,72.8167,11.0,33.0,24.8,,1004.8,62.0,33.0,1004.8,62.0,False,,,
INM00043057,BOMBAY / COLABA,2024-06-03 03:00:00,18.9,72.8167,11.0,31.6,26.0,,1007.3,72.0,31.6,1007.3,72.0,False,,,
INM00043057,BOMBAY / COLABA,2024-06-03 09:00:00,18.9,72.8167,11.0,34.5,25.1,,1006.4,58.0,34.5,1006.4,58.0,False,,,
INM00043057,BOMBAY / COLABA,2024-06-03 12:00:00,18.9,72.8167,11.0,33.2,26.0,,1005.0,66.0,33.2,1005.0,66.0,False,,,
INM00043057,BOMBAY / COLABA,2024-06-04 03:00:00,18.9,72.8167,11.0,30.4,25.9,,1007.4,77.0,30.4,1007.4,77.0,False,,,
INM00043057,BOMBAY / COLABA,2024-06-04 06:00:00,18.9,72.8167,11.0,35.0,26.1,,1008.3,60.0,35.0,1008.3,60.0,False,,,
INM00043057,BOMBAY / COLABA,2024-06-04 12:00:00,18.9,72.8167,11.0,33.7,25.4,,1005.1,62.0,33.7,1005.1,62.0,False,,,
INM00043057,BOMBAY / COLABA,2024-06-05 03:00:00,18.9,72.8167,11.0,31.4,26.4,,1008.6,75.0,31.4,1008.6,75.0,False,,,
INM00043057,BOMBAY / COLABA,2024-06-05 06:00:00,18.9,72.8167,11.0,32.2,24.5,,1008.6,64.0,32.2,1008.6,64.0,False,,,
INM00043057,BOMBAY / COLABA,2024-06-05 09:00:00,18.9,72.8167,11.0,33.7,24.8,,1006.4,60.0,33.7,1006.4,60.0,False,,,
INM00043057,BOMBAY / COLABA,2024-06-05 12:00:00,18.9,72.8167,11.0,33.2,25.0,,1005.3,62.0,33.2,1005.3,62.0,False,,,
INM00043057,BOMBAY / COLABA,2024-06-06 03:00:00,18.9,72.8167,11.0,30.0,25.8,,1009.3,78.0,30.0,1009.3,78.0,False,,,
INM00043057,BOMBAY / COLABA,2024-06-06 06:00:00,18.9,72.8167,11.0,33.7,25.4,,1009.1,62.0,33.7,1009.1,62.0,False,,,
INM00043057,BOMBAY / COLABA,2024-06-06 12:00:00,18.9,72.8167,11.0,33.0,25.7,,1005.5,65.0,33.0,1005.5,65.0,False,,,
INM00043057,BOMBAY / COLABA,2024-06-07 00:00:00,18.9,72.8167,11.0,30.5,25.3,,1005.9,74.0,30.5,1005.9,74.0,False,,,
INM00043057,BOMBAY / COLABA,2024-06-07 03:00:00,18.9,72.8167,11.0,31.0,24.4,,1007.2,68.0,31.0,1007.2,68.0,False,,,
INM00043057,BOMBAY / COLABA,2024-06-07 12:00:00,18.9,72.8167,11.0,32.5,24.1,,1003.6,61.0,32.5,1003.6,61.0,False,,,
INM00043057,BOMBAY / COLABA,2024-06-07 15:00:00,18.9,72.8167,11.0,31.0,22.9,,1005.8,62.0,31.0,1005.8,62.0,False,,,
INM00043057,BOMBAY / COLABA,2024-06-08 00:00:00,18.9,72.8167,11.0,30.5,25.3,,1004.8,74.0,30.5,1004.8,74.0,False,,,
INM00043057,BOMBAY / COLABA,2024-06-08 03:00:00,18.9,72.8167,11.0,29.5,25.1,,1006.2,77.0,29.5,1006.2,77.0,False,,,
INM00043057,BOMBAY / COLABA,2024-06-08 06:00:00,18.9,72.8167,11.0,32.5,23.5,,1005.7,59.0,32.5,1005.7,59.0,False,,,
INM00043057,BOMBAY / COLABA,2024-06-08 09:00:00,18.9,72.8167,11.0,33.5,25.6,,1003.5,63.0,33.5,1003.5,63.0,False,,,
INM00043057,BOMBAY / COLABA,2024-06-08 12:00:00,18.9,72.8167,11.0,32.5,25.4,,1001.6,66.0,32.5,1001.6,66.0,False,,,
INM00043057,BOMBAY / COLABA,2024-06-09 03:00:00,18.9,72.8167,11.0,25.2,23.4,,1005.9,90.0,25.2,1005.9,90.0,False,,,
INM00043057,BOMBAY / COLABA,2024-06-09 06:00:00,18.9,72.8167,11.0,26.2,23.0,,1006.0,83.0,26.2,1006.0,83.0,False,,,
INM00043057,BOMBAY / COLABA,2024-06-09 12:00:00,18.9,72.8167,11.0,30.0,24.3,,1004.5,72.0,30.0,1004.5,72.0,False,,,
INM00043057,BOMBAY / COLABA,2024-06-10 00:00:00,18.9,72.8167,11.0,25.5,23.3,,1006.0,88.0,25.5,1006.0,88.0,False,,,
INM00043057,BOMBAY / COLABA,2024-06-10 03:00:00,18.9,72.8167,11.0,25.4,23.3,,1006.5,88.0,25.4,1006.5,88.0,False,,,
INM00043057,BOMBAY / COLABA,2024-06-10 12:00:00,18.9,72.8167,11.0,28.5,23.1,,1005.0,73.0,28.5,1005.0,73.0,False,,,
INM00043057,BOMBAY / COLABA,2024-06-11 03:00:00,18.9,72.8167,11.0,26.0,24.0,,1007.7,89.0,26.0,1007.7,89.0,False,,,
INM00043057,BOMBAY / COLABA,2024-06-11 06:00:00,18.9,72.8167,11.0,29.5,27.2,,1007.9,87.0,29.5,1007.9,87.0,False,,,
INM00043057,BOMBAY / COLABA,2024-06-11 12:00:00,18.9,72.8167,11.0,29.5,24.8,,1005.1,76.0,29.5,1005.1,76.0,False,,,
INM00043057,BOMBAY / COLABA,2024-06-12 03:00:00,18.9,72.8167,11.0,28.8,24.8,,1008.7,79.0,28.8,1008.7,79.0,False,,,
INM00043057,BOMBAY / COLABA,2024-06-12 06:00:00,18.9,72.8167,11.0,31.5,26.1,,1008.2,73.0,31.5,1008.2,73.0,False,,,
INM00043057,BOMBAY / COLABA,2024-06-12 12:00:00,18.9,72.8167,11.0,30.8,24.8,,1005.4,70.0,30.8,1005.4,70.0,False,,,
INM00043057,BOMBAY / COLABA,2024-06-13 03:00:00,18.9,72.8167,11.0,28.6,25.8,,1007.7,85.0,28.6,1007.7,85.0,False,,,
INM00043057,BOMBAY / COLABA,2024-06-13 06:00:00,18.9,72.8167,11.0,32.0,25.2,,1007.9,67.0,32.0,1007.9,67.0,False,,,
INM00043057,BOMBAY / COLABA,2024-06-13 09:00:00,18.9,72.8167,11.0,31.0,23.8,,1006.2,66.0,31.0,1006.2,66.0,False,,,
INM00043057,BOMBAY / COLABA,2024-06-13 12:00:00,18.9,72.8167,11.0,30.5,25.0,,1005.2,72.0,30.5,1005.2,72.0,False,,,
INM00043057,BOMBAY / COLABA,2024-06-14 03:00:00,18.9,72.8167,11.0,26.0,24.6,,1007.2,92.0,26.0,1007.2,92.0,False,,,
INM00043057,BOMBAY / COLABA,2024-06-14 06:00:00,18.9,72.8167,11.0,27.2,24.3,,1006.7,84.0,27.2,1006.7,84.0,False,,,
INM00043057,BOMBAY / COLABA,2024-06-14 12:00:00,18.9,72.8167,11.0,29.5,25.1,,1004.5,77.0,29.5,1004.5,77.0,False,,,
INM00043057,BOMBAY / COLABA,2024-06-15 03:00:00,18.9,72.8167,11.0,27.4,23.9,,1006.0,81.0,27.4,1006.0,81.0,False,,,
INM00043057,BOMBAY / COLABA,2024-06-15 12:00:00,18.9,72.8167,11.0,30.6,25.5,,1003.6,74.0,30.6,1003.6,74.0,False,,,
INM00043057,BOMBAY / COLABA,2024-06-16 03:00:00,18.9,72.8167,11.0,28.6,24.3,,1006.3,78.0,28.6,1006.3,78.0,False,,,
INM00043057,BOMBAY / COLABA,2024-06-16 06:00:00,18.9,72.8167,11.0,33.6,26.7,,1006.6,67.0,33.6,1006.6,67.0,False,,,
INM00043057,BOMBAY / COLABA,2024-06-16 09:00:00,18.9,72.8167,11.0,32.6,23.7,,1004.9,59.0,32.6,1004.9,59.0,False,,,
INM00043057,BOMBAY / COLABA,2024-06-16 12:00:00,18.9,72.8167,11.0,32.0,25.8,,1003.9,70.0,32.0,1003.9,70.0,False,,,
INM00043057,BOMBAY / COLABA,2024-06-17 03:00:00,18.9,72.8167,11.0,30.4,27.1,,1006.3,83.0,30.4,1006.3,83.0,False,,,
INM00043057,BOMBAY / COLABA,2024-06-17 09:00:00,18.9,72.8167,11.0,28.8,25.4,,1005.7,82.0,28.8,1005.7,82.0,False,,,
INM00043057,BOMBAY / COLABA,2024-06-17 12:00:00,18.9,72.8167,11.0,29.0,25.9,,1004.7,83.0,29.0,1004.7,83.0,False,,,
INM00043057,BOMBAY / COLABA,2024-06-18 03:00:00,18.9,72.8167,11.0,29.4,25.1,,1006.0,78.0,29.4,1006.0,78.0,False,,,
INM00043057,BOMBAY / COLABA,2024-06-18 06:00:00,18.9,72.8167,11.0,30.5,23.1,,1006.4,65.0,30.5,1006.4,65.0,False,,,
INM00043057,BOMBAY / COLABA,2024-06-18 09:00:00,18.9,72.8167,11.0,27.8,25.8,,1005.8,89.0,27.8,1005.8,89.0,False,,,
INM00043057,BOMBAY / COLABA,2024-06-18 12:00:00,18.9,72.8167,11.0,28.0,26.0,,1004.6,89.0,28.0,1004.6,89.0,False,,,
INM00043057,BOMBAY / COLABA,2024-06-19 03:00:00,18.9,72.8167,11.0,27.4,25.7,,1028.0231255114807,90.0,27.4,1004.1,90.0,True,spike,16,sea_level_pressure
INM00043057,BOMBAY / COLABA,2024-06-19 09:00:00,18.9,72.8167,11.0,30.8,26.6,,1002.9,78.0,30.8,1002.9,78.0,False,,,
INM00043057,BOMBAY / COLABA,2024-06-19 12:00:00,18.9,72.8167,11.0,29.5,26.0,,1001.9,81.0,29.5,1001.9,81.0,False,,,
INM00043057,BOMBAY / COLABA,2024-06-20 03:00:00,18.9,72.8167,11.0,29.4,26.3,,1002.8,83.0,29.4,1002.8,83.0,False,,,
INM00043057,BOMBAY / COLABA,2024-06-20 06:00:00,18.9,72.8167,11.0,30.5,26.8,,1003.5,81.0,30.5,1003.5,81.0,False,,,
INM00043057,BOMBAY / COLABA,2024-06-20 12:00:00,18.9,72.8167,11.0,30.7,27.2,,1000.9,82.0,30.7,1000.9,82.0,False,,,
INM00043057,BOMBAY / COLABA,2024-06-21 03:00:00,18.9,72.8167,11.0,31.0,27.1,,1003.7,80.0,31.0,1003.7,80.0,False,,,
INM00043057,BOMBAY / COLABA,2024-06-21 06:00:00,18.9,72.8167,11.0,33.0,27.5,,1004.5,73.0,33.0,1004.5,73.0,False,,,
INM00043057,BOMBAY / COLABA,2024-06-21 09:00:00,18.9,72.8167,11.0,33.4,27.6,,1003.1,72.0,33.4,1003.1,72.0,False,,,
INM00043057,BOMBAY / COLABA,2024-06-21 12:00:00,18.9,72.8167,11.0,31.5,24.6,,1001.6,67.0,31.5,1001.6,67.0,False,,,
INM00043057,BOMBAY / COLABA,2024-06-22 03:00:00,18.9,72.8167,11.0,29.2,27.0,,1002.6,88.0,29.2,1002.6,88.0,False,,,
INM00043057,BOMBAY / COLABA,2024-06-22 06:00:00,18.9,72.8167,11.0,31.0,26.6,,1002.4,77.0,31.0,1002.4,77.0,False,,,
INM00043057,BOMBAY / COLABA,2024-06-22 12:00:00,18.9,72.8167,11.0,27.6,24.7,,1000.0,84.0,27.6,1000.0,84.0,False,,,
INM00043057,BOMBAY / COLABA,2024-06-23 03:00:00,18.9,72.8167,11.0,28.2,25.4,,1002.2,85.0,28.2,1002.2,85.0,False,,,
INM00043057,BOMBAY / COLABA,2024-06-23 12:00:00,18.9,72.8167,11.0,28.2,23.9,,998.7,78.0,28.2,998.7,78.0,False,,,
INM00043057,BOMBAY / COLABA,2024-06-24 03:00:00,18.9,72.8167,11.0,28.2,25.4,,1000.5,85.0,28.2,1000.5,85.0,False,,,
INM00043057,BOMBAY / COLABA,2024-06-24 06:00:00,18.9,72.8167,11.0,32.0,25.8,,1000.1,70.0,32.0,1000.1,70.0,False,,,
INM00043057,BOMBAY / COLABA,2024-06-24 09:00:00,18.9,72.8167,11.0,32.4,25.7,,998.5,68.0,32.4,998.5,68.0,False,,,
INM00043057,BOMBAY / COLABA,2024-06-24 12:00:00,18.9,72.8167,11.0,31.5,25.2,,997.5,69.0,31.5,997.5,69.0,False,,,
INM00043057,BOMBAY / COLABA,2024-06-25 03:00:00,18.9,72.8167,11.0,29.0,25.6,,999.2,82.0,29.0,999.2,82.0,False,,,
INM00043057,BOMBAY / COLABA,2024-06-25 06:00:00,18.9,72.8167,11.0,31.0,24.7,,998.4,69.0,31.0,998.4,69.0,False,,,
INM00043057,BOMBAY / COLABA,2024-06-25 12:00:00,18.9,72.8167,11.0,31.5,25.9,,995.3,72.0,31.5,995.3,72.0,False,,,
INM00043057,BOMBAY / COLABA,2024-06-26 03:00:00,18.9,72.8167,11.0,28.2,26.2,,997.2,89.0,28.2,997.2,89.0,False,,,
INM00043057,BOMBAY / COLABA,2024-06-26 06:00:00,18.9,72.8167,11.0,31.6,26.0,,998.1,72.0,31.6,998.1,72.0,False,,,
INM00043057,BOMBAY / COLABA,2024-06-26 09:00:00,18.9,72.8167,11.0,30.4,26.8,,996.7,81.0,30.4,996.7,81.0,False,,,
INM00043057,BOMBAY / COLABA,2024-06-26 12:00:00,18.9,72.8167,11.0,29.0,26.8,,996.4,88.0,29.0,996.4,88.0,False,,,
INM00043057,BOMBAY / COLABA,2024-06-27 03:00:00,18.9,72.8167,11.0,27.0,24.4,,1000.1,86.0,27.0,1000.1,86.0,False,,,
INM00043057,BOMBAY / COLABA,2024-06-27 06:00:00,18.9,72.8167,11.0,29.4,25.1,,1001.2,78.0,29.4,1001.2,78.0,False,,,
INM00043057,BOMBAY / COLABA,2024-06-27 09:00:00,18.9,72.8167,11.0,28.4,25.9,,999.9,86.0,28.4,999.9,86.0,False,,,
INM00043057,BOMBAY / COLABA,2024-06-27 12:00:00,18.9,72.8167,11.0,28.0,25.7,,999.2,87.0,28.0,999.2,87.0,False,,,
INM00043057,BOMBAY / COLABA,2024-06-28 03:00:00,18.9,72.8167,11.0,27.4,23.9,,1001.7,81.0,27.4,1001.7,81.0,False,,,
INM00043057,BOMBAY / COLABA,2024-06-28 09:00:00,18.9,72.8167,11.0,27.5,25.7,,1001.0,90.0,27.5,1001.0,90.0,False,,,
INM00043057,BOMBAY / COLABA,2024-06-28 12:00:00,18.9,72.8167,11.0,27.7,24.6,,1000.2,83.0,27.7,1000.2,83.0,False,,,
INM00043057,BOMBAY / COLABA,2024-06-29 03:00:00,18.9,72.8167,11.0,28.8,25.4,,1003.0,82.0,28.8,1003.0,82.0,False,,,
INM00043057,BOMBAY / COLABA,2024-06-29 12:00:00,18.9,72.8167,11.0,30.0,26.1,,1001.5,80.0,30.0,1001.5,80.0,False,,,
INM00043057,BOMBAY / COLABA,2024-06-30 03:00:00,18.9,72.8167,11.0,28.6,25.8,,1003.5,85.0,28.6,1003.5,85.0,False,,,
INM00043057,BOMBAY / COLABA,2024-06-30 06:00:00,18.9,72.8167,11.0,29.5,26.0,,1003.9,81.0,29.5,1003.9,81.0,False,,,
INM00043057,BOMBAY / COLABA,2024-06-30 09:00:00,18.9,72.8167,11.0,29.4,26.3,,1002.4,83.0,29.4,1002.4,83.0,False,,,
INM00043057,BOMBAY / COLABA,2024-06-30 12:00:00,18.9,72.8167,11.0,29.5,25.4,,1001.8,79.0,29.5,1001.8,79.0,False,,,
INM00043057,BOMBAY / COLABA,2024-07-01 03:00:00,18.9,72.8167,11.0,29.4,25.7,,1002.6,81.0,29.4,1002.6,81.0,False,,,
INM00043057,BOMBAY / COLABA,2024-07-01 06:00:00,18.9,72.8167,11.0,30.4,25.6,,1002.9,76.0,30.4,1002.9,76.0,False,,,
INM00043057,BOMBAY / COLABA,2024-07-01 12:00:00,18.9,72.8167,11.0,30.2,25.4,,1000.3,76.0,30.2,1000.3,76.0,False,,,
INM00043057,BOMBAY / COLABA,2024-07-02 00:00:00,18.9,72.8167,11.0,28.0,25.2,,1000.2,85.0,28.0,1000.2,85.0,False,,,
INM00043057,BOMBAY / COLABA,2024-07-02 03:00:00,18.9,72.8167,11.0,29.0,25.3,,1001.9,80.0,29.0,1001.9,80.0,False,,,
INM00043057,BOMBAY / COLABA,2024-07-02 06:00:00,18.9,72.8167,11.0,30.5,25.9,,1002.9,76.0,30.5,1002.9,76.0,False,,,
INM00043057,BOMBAY / COLABA,2024-07-02 12:00:00,18.9,72.8167,11.0,30.2,26.3,,,80.0,30.2,1000.9,80.0,False,,,
INM00043057,BOMBAY / COLABA,2024-07-03 03:00:00,18.9,72.8167,11.0,29.6,25.7,,,80.0,29.6,1003.1,80.0,False,,,
INM00043057,BOMBAY / COLABA,2024-07-03 12:00:00,18.9,72.8167,11.0,30.0,25.2,,,75.0,30.0,1001.9,75.0,False,,,
INM00043057,BOMBAY / COLABA,2024-07-04 00:00:00,18.9,72.8167,11.0,28.5,25.3,,,83.0,28.5,1002.5,83.0,True,frozen,13,sea_level_pressure
INM00043057,BOMBAY / COLABA,2024-07-04 03:00:00,18.9,72.8167,11.0,29.4,26.3,,,83.0,29.4,1004.3,83.0,True,frozen,13,sea_level_pressure
INM00043057,BOMBAY / COLABA,2024-07-04 06:00:00,18.9,72.8167,11.0,31.5,26.4,,1002.5,74.0,31.5,1004.8,74.0,True,frozen,13,sea_level_pressure
INM00043057,BOMBAY / COLABA,2024-07-04 09:00:00,18.9,72.8167,11.0,31.6,26.9,,1002.5,76.0,31.6,1003.2,76.0,True,frozen,13,sea_level_pressure
INM00043057,BOMBAY / COLABA,2024-07-04 12:00:00,18.9,72.8167,11.0,28.6,26.4,,1002.5,88.0,28.6,1002.4,88.0,True,frozen,13,sea_level_pressure
INM00043057,BOMBAY / COLABA,2024-07-05 03:00:00,18.9,72.8167,11.0,29.2,26.1,,1002.5,83.0,29.2,1003.0,83.0,True,frozen,13,sea_level_pressure
INM00043057,BOMBAY / COLABA,2024-07-05 06:00:00,18.9,72.8167,11.0,30.2,26.0,,1002.9,78.0,30.2,1002.9,78.0,False,,,
INM00043057,BOMBAY / COLABA,2024-07-05 09:00:00,18.9,72.8167,11.0,30.0,26.4,,1001.3,81.0,30.0,1001.3,81.0,False,,,
INM00043057,BOMBAY / COLABA,2024-07-05 12:00:00,18.9,72.8167,11.0,30.0,25.2,,999.9,75.0,30.0,999.9,75.0,False,,,
INM00043057,BOMBAY / COLABA,2024-07-06 03:00:00,18.9,72.8167,11.0,29.4,25.4,,1001.0,79.0,29.4,1001.0,79.0,False,,,
INM00043057,BOMBAY / COLABA,2024-07-06 06:00:00,18.9,72.8167,11.0,30.2,26.0,,1001.9,78.0,30.2,1001.9,78.0,False,,,
INM00043057,BOMBAY / COLABA,2024-07-06 09:00:00,18.9,72.8167,11.0,30.4,25.6,,1000.7,76.0,30.4,1000.7,76.0,False,,,
INM00043057,BOMBAY / COLABA,2024-07-06 12:00:00,18.9,72.8167,11.0,30.5,25.4,,999.4,74.0,30.5,999.4,74.0,False,,,
INM00043057,BOMBAY / COLABA,2024-07-07 03:00:00,18.9,72.8167,11.0,27.6,25.9,,1002.4,90.0,27.6,1002.4,90.0,False,,,
INM00043057,BOMBAY / COLABA,2024-07-07 06:00:00,18.9,72.8167,11.0,28.2,23.9,,1003.4,78.0,28.2,1003.4,78.0,False,,,
INM00043057,BOMBAY / COLABA,2024-07-07 09:00:00,18.9,72.8167,11.0,29.0,25.6,,1001.6,82.0,29.0,1001.6,82.0,False,,,
INM00043057,BOMBAY / COLABA,2024-07-07 12:00:00,18.9,72.8167,11.0,29.6,26.0,,1000.5,81.0,29.6,1000.5,81.0,False,,,
INM00043057,BOMBAY / COLABA,2024-07-08 03:00:00,18.9,72.8167,11.0,27.5,26.0,,1002.3,92.0,27.5,1002.3,92.0,False,,,
INM00043057,BOMBAY / COLABA,2024-07-08 06:00:00,18.9,72.8167,11.0,27.0,25.0,,1002.6,89.0,27.0,1002.6,89.0,False,,,
INM00043057,BOMBAY / COLABA,2024-07-08 09:00:00,18.9,72.8167,11.0,26.5,24.7,,1001.3,90.0,26.5,1001.3,90.0,False,,,
INM00043057,BOMBAY / COLABA,2024-07-08 12:00:00,18.9,72.8167,11.0,26.5,24.7,,1000.5,90.0,26.5,1000.5,90.0,False,,,
INM00043057,BOMBAY / COLABA,2024-07-09 03:00:00,18.9,72.8167,11.0,25.4,23.7,,1003.4,90.0,25.4,1003.4,90.0,False,,,
INM00043057,BOMBAY / COLABA,2024-07-09 06:00:00,18.9,72.8167,11.0,27.5,24.5,,1003.7,84.0,27.5,1003.7,84.0,False,,,
INM00043057,BOMBAY / COLABA,2024-07-09 09:00:00,18.9,72.8167,11.0,27.5,24.5,,1003.6,84.0,27.5,1003.6,84.0,False,,,
INM00043057,BOMBAY / COLABA,2024-07-09 12:00:00,18.9,72.8167,11.0,26.2,23.9,,1002.8,87.0,26.2,1002.8,87.0,False,,,
INM00043057,BOMBAY / COLABA,2024-07-10 03:00:00,18.9,72.8167,11.0,26.4,23.5,,1006.6,84.0,26.4,1006.6,84.0,False,,,
INM00043057,BOMBAY / COLABA,2024-07-10 06:00:00,18.9,72.8167,11.0,29.5,24.5,,1006.7,75.0,29.5,1006.7,75.0,False,,,
INM00043057,BOMBAY / COLABA,2024-07-10 09:00:00,18.9,72.8167,11.0,27.0,24.4,,1005.6,86.0,27.0,1005.6,86.0,False,,,
INM00043057,BOMBAY / COLABA,2024-07-10 12:00:00,18.9,72.8167,11.0,28.5,25.0,,1004.6,81.0,28.5,1004.6,81.0,False,,,
INM00043057,BOMBAY / COLABA,2024-07-11 03:00:00,18.9,72.8167,11.0,26.2,23.9,,1007.2,87.0,26.2,1007.2,87.0,False,,,
INM00043057,BOMBAY / COLABA,2024-07-11 06:00:00,18.9,72.8167,11.0,28.0,24.3,,1007.5,80.0,28.0,1007.5,80.0,False,,,
INM00043057,BOMBAY / COLABA,2024-07-11 12:00:00,18.9,72.8167,11.0,26.5,24.7,,1003.9,90.0,26.5,1003.9,90.0,False,,,
INM00043057,BOMBAY / COLABA,2024-07-12 03:00:00,18.9,72.8167,11.0,25.4,23.9,,1034.8703905967043,91.0,25.4,1004.7,91.0,True,spike,25,sea_level_pressure
INM00043057,BOMBAY / COLABA,2024-07-12 06:00:00,18.9,72.8167,11.0,25.6,24.1,,1004.6,91.0,25.6,1004.6,91.0,False,,,
INM00043057,BOMBAY / COLABA,2024-07-12 09:00:00,18.9,72.8167,11.0,27.2,25.5,,1003.0,90.0,27.2,1003.0,90.0,False,,,
INM00043057,BOMBAY / COLABA,2024-07-12 12:00:00,18.9,72.8167,11.0,27.0,24.7,,1002.6,87.0,27.0,1002.6,87.0,False,,,
INM00043057,BOMBAY / COLABA,2024-07-13 06:00:00,18.9,72.8167,11.0,25.5,23.7,,1004.5,90.0,25.5,1004.5,90.0,False,,,
INM00043057,BOMBAY / COLABA,2024-07-13 12:00:00,18.9,72.8167,11.0,26.0,24.0,,1001.7,89.0,26.0,1001.7,89.0,False,,,
INM00043057,BOMBAY / COLABA,2024-07-14 06:00:00,18.9,72.8167,11.0,27.5,26.0,,1001.4,92.0,27.5,1001.4,92.0,False,,,
INM00043057,BOMBAY / COLABA,2024-07-15 03:00:00,18.9,72.8167,11.0,27.2,25.5,,1001.1,90.0,27.2,1001.1,90.0,False,,,
INM00043057,BOMBAY / COLABA,2024-07-15 06:00:00,18.9,72.8167,11.0,26.6,24.9,,1001.5,90.0,26.6,1001.5,90.0,False,,,
INM00043057,BOMBAY / COLABA,2024-07-15 09:00:00,18.9,72.8167,11.0,26.4,24.7,,999.9,90.0,26.4,999.9,90.0,False,,,
INM00043057,BOMBAY / COLABA,2024-07-15 12:00:00,18.9,72.8167,11.0,27.0,24.4,,999.2,86.0,27.0,999.2,86.0,False,,,
INM00043057,BOMBAY / COLABA,2024-07-16 03:00:00,18.9,72.8167,11.0,26.5,24.7,,1000.8,90.0,26.5,1000.8,90.0,False,,,
INM00043057,BOMBAY / COLABA,2024-07-16 06:00:00,18.9,72.8167,11.0,28.5,25.0,,1001.4,81.0,28.5,1001.4,81.0,False,,,
INM00043057,BOMBAY / COLABA,2024-07-16 12:00:00,18.9,72.8167,11.0,27.6,24.4,,999.7,83.0,27.6,999.7,83.0,False,,,
INM00043057,BOMBAY / COLABA,2024-07-17 03:00:00,18.9,72.8167,11.0,27.0,25.3,,1002.8,90.0,27.0,1002.8,90.0,False,,,
INM00043057,BOMBAY / COLABA,2024-07-17 06:00:00,18.9,72.8167,11.0,28.5,25.9,,1003.0,86.0,28.5,1003.0,86.0,False,,,
INM00043057,BOMBAY / COLABA,2024-07-17 09:00:00,18.9,72.8167,11.0,29.4,26.0,,1001.7,82.0,29.4,1001.7,82.0,False,,,
INM00043057,BOMBAY / COLABA,2024-07-17 12:00:00,18.9,72.8167,11.0,28.0,25.7,,1000.7,87.0,28.0,1000.7,87.0,False,,,
INM00043057,BOMBAY / COLABA,2024-07-18 03:00:00,18.9,72.8167,11.0,25.0,23.2,,1003.1,90.0,25.0,1003.1,90.0,False,,,
INM00043057,BOMBAY / COLABA,2024-07-18 06:00:00,18.9,72.8167,11.0,25.0,23.5,,1004.1,91.0,25.0,1004.1,91.0,False,,,
INM00043057,BOMBAY / COLABA,2024-07-18 09:00:00,18.9,72.8167,11.0,25.0,23.5,,1002.3,91.0,25.0,1002.3,91.0,False,,,
INM00043057,BOMBAY / COLABA,2024-07-18 12:00:00,18.9,72.8167,11.0,26.0,24.3,,1000.6,90.0,26.0,1000.6,90.0,False,,,
INM00043057,BOMBAY / COLABA,2024-07-18 15:00:00,18.9,72.8167,11.0,26.2,24.2,,1001.7,89.0,26.2,1001.7,89.0,False,,,
INM00043057,BOMBAY / COLABA,2024-07-19 00:00:00,18.9,72.8167,11.0,26.7,24.2,,999.7,86.0,26.7,999.7,86.0,False,,,
INM00043057,BOMBAY / COLABA,2024-07-19 03:00:00,18.9,72.8167,11.0,26.5,24.7,,1001.7,90.0,26.5,1001.7,90.0,False,,,
INM00043057,BOMBAY / COLABA,2024-07-19 06:00:00,18.9,72.8167,11.0,25.7,24.4,,1001.9,93.0,25.7,1001.9,93.0,False,,,
INM00043057,BOMBAY / COLABA,2024-07-19 12:00:00,18.9,72.8167,11.0,27.0,24.7,,998.7,87.0,27.0,998.7,87.0,False,,,
INM00043057,BOMBAY / COLABA,2024-07-20 03:00:00,18.9,72.8167,11.0,26.4,24.7,,1001.8,90.0,26.4,1001.8,90.0,False,,,
INM00043057,BOMBAY / COLABA,2024-07-20 12:00:00,18.9,72.8167,11.0,26.5,23.8,,1000.8,85.0,26.5,1000.8,85.0,False,,,
INM00043057,BOMBAY / COLABA,2024-07-21 03:00:00,18.9,72.8167,11.0,27.2,24.0,,1001.4,83.0,27.2,1001.4,83.0,False,,,
INM00043057,BOMBAY / COLABA,2024-07-21 09:00:00,18.9,72.8167,11.0,27.0,25.3,,1001.7,90.0,27.0,1001.7,90.0,False,,,
INM00043057,BOMBAY / COLABA,2024-07-21 12:00:00,18.9,72.8167,11.0,26.6,24.9,,1001.2,90.0,26.6,1001.2,90.0,False,,,
INM00043057,BOMBAY / COLABA,2024-07-22 03:00:00,18.9,72.8167,11.0,25.8,24.1,,1004.3,90.0,25.8,1004.3,90.0,False,,,
INM00043057,BOMBAY / COLABA,2024-07-22 12:00:00,18.9,72.8167,11.0,26.2,24.5,,1002.7,90.0,26.2,1002.7,90.0,False,,,
INM00043057,BOMBAY / COLABA,2024-07-23 03:00:00,18.9,72.8167,11.0,26.5,24.7,,1005.2,90.0,26.5,1005.2,90.0,False,,,
INM00043057,BOMBAY / COLABA,2024-07-23 06:00:00,18.9,72.8167,11.0,27.0,24.4,,1005.4,86.0,27.0,1005.4,86.0,False,,,
INM00043057,BOMBAY / COLABA,2024-07-23 09:00:00,18.9,72.8167,11.0,27.0,24.7,,1002.7,87.0,27.0,1002.7,87.0,False,,,
INM00043057,BOMBAY / COLABA,2024-07-23 12:00:00,18.9,72.8167,11.0,27.0,24.7,,1002.7,87.0,27.0,1002.7,87.0,False,,,
INM00043057,BOMBAY / COLABA,2024-07-24 03:00:00,18.9,72.8167,11.0,27.2,24.6,,1002.9,86.0,27.2,1002.9,86.0,False,,,
INM00043057,BOMBAY / COLABA,2024-07-24 09:00:00,18.9,72.8167,11.0,28.4,24.1,,1000.7,78.0,28.4,1000.7,78.0,False,,,
INM00043057,BOMBAY / COLABA,2024-07-24 12:00:00,18.9,72.8167,11.0,27.5,24.8,,999.5,85.0,27.5,999.5,85.0,False,,,
INM00043057,BOMBAY / COLABA,2024-07-25 03:00:00,18.9,72.8167,11.0,26.4,24.7,,1000.5,90.0,26.4,1000.5,90.0,False,,,
INM00043057,BOMBAY / COLABA,2024-07-25 06:00:00,18.9,72.8167,11.0,25.5,23.7,,1001.6,90.0,25.5,1001.6,90.0,False,,,
INM00043057,BOMBAY / COLABA,2024-07-25 09:00:00,18.9,72.8167,11.0,26.2,23.9,,1000.4,87.0,26.2,1000.4,87.0,False,,,
INM00043057,BOMBAY / COLABA,2024-07-25 12:00:00,18.9,72.8167,11.0,26.4,24.1,,999.8,87.0,26.4,999.8,87.0,False,,,
INM00043057,BOMBAY / COLABA,2024-07-26 00:00:00,18.9,72.8167,11.0,26.6,24.3,,1001.0,87.0,26.6,1001.0,87.0,False,,,
INM00043057,BOMBAY / COLABA,2024-07-26 03:00:00,18.9,72.8167,11.0,27.2,24.6,,1003.1,86.0,27.2,1003.1,86.0,False,,,
INM00043057,BOMBAY / COLABA,2024-07-26 06:00:00,18.9,72.8167,11.0,27.6,25.0,,1003.5,86.0,27.6,1003.5,86.0,False,,,
INM00043057,BOMBAY / COLABA,2024-07-26 09:00:00,18.9,72.8167,11.0,28.4,25.9,,1002.3,86.0,28.4,1002.3,86.0,False,,,
INM00043057,BOMBAY / COLABA,2024-07-26 12:00:00,18.9,72.8167,11.0,28.5,25.0,,1001.8,81.0,28.5,1001.8,81.0,False,,,
INM00043057,BOMBAY / COLABA,2024-07-27 03:00:00,18.9,72.8167,11.0,27.2,24.6,,1004.6,86.0,27.2,1004.6,86.0,False,,,
INM00043057,BOMBAY / COLABA,2024-07-27 09:00:00,18.9,72.8167,11.0,28.2,24.8,,1002.8,82.0,28.2,1002.8,82.0,False,,,
INM00043057,BOMBAY / COLABA,2024-07-27 12:00:00,18.9,72.8167,11.0,28.5,25.0,,1001.7,81.0,28.5,1001.7,81.0,False,,,
INM00043057,BOMBAY / COLABA,2024-07-28 03:00:00,18.9,72.8167,11.0,27.6,25.6,,1002.3,89.0,27.6,1002.3,89.0,False,,,
INM00043057,BOMBAY / COLABA,2024-07-28 06:00:00,18.9,72.8167,11.0,29.0,25.9,,1001.7,83.0,29.0,1001.7,83.0,False,,,
INM00043057,BOMBAY / COLABA,2024-07-28 09:00:00,18.9,72.8167,11.0,29.0,26.5,,1000.0,86.0,29.0,1000.0,86.0,False,,,
INM00043057,BOMBAY / COLABA,2024-07-28 12:00:00,18.9,72.8167,11.0,28.6,25.8,,999.1,85.0,28.6,999.1,85.0,False,,,
INM00043057,BOMBAY / COLABA,2024-07-29 03:00:00,18.9,72.8167,11.0,27.6,25.3,,1000.0,87.0,27.6,1000.0,87.0,False,,,
INM00043057,BOMBAY / COLABA,2024-07-29 06:00:00,18.9,72.8167,11.0,28.5,26.2,,1000.1,87.0,28.5,1000.1,87.0,False,,,
INM00043057,BOMBAY / COLABA,2024-07-29 09:00:00,18.9,72.8167,11.0,27.0,25.6,,999.1,92.0,27.0,999.1,92.0,False,,,
INM00043057,BOMBAY / COLABA,2024-07-29 12:00:00,18.9,72.8167,11.0,27.7,25.2,,998.4,86.0,27.7,998.4,86.0,False,,,
INM00043057,BOMBAY / COLABA,2024-07-30 03:00:00,18.9,72.8167,11.0,27.0,25.3,,1002.9,90.0,27.0,1002.9,90.0,False,,,
INM00043057,BOMBAY / COLABA,2024-07-30 06:00:00,18.9,72.8167,11.0,27.5,26.0,,1003.7,92.0,27.5,1003.7,92.0,False,,,
INM00043057,BOMBAY / COLABA,2024-07-30 12:00:00,18.9,72.8167,11.0,29.2,25.8,,1002.7,82.0,29.2,1002.7,82.0,False,,,
INM00043057,BOMBAY / COLABA,2024-07-31 03:00:00,18.9,72.8167,11.0,27.4,25.1,,1005.7,87.0,27.4,1005.7,87.0,False,,,
INM00043057,BOMBAY / COLABA,2024-07-31 06:00:00,18.9,72.8167,11.0,28.5,25.6,,1006.1,84.0,28.5,1006.1,84.0,False,,,
INM00043057,BOMBAY / COLABA,2024-07-31 12:00:00,18.9,72.8167,11.0,29.0,25.3,,1004.2,80.0,29.0,1004.2,80.0,False,,,
INM00043057,BOMBAY / COLABA,2024-08-01 03:00:00,18.9,72.8167,11.0,28.0,24.9,,1004.8,83.0,28.0,1004.8,83.0,False,,,
INM00043057,BOMBAY / COLABA,2024-08-01 06:00:00,18.9,72.8167,11.0,29.0,24.7,,1005.9,78.0,29.0,1005.9,78.0,False,,,
INM00043057,BOMBAY / COLABA,2024-08-01 09:00:00,18.9,72.8167,11.0,28.8,24.8,,1004.6,79.0,28.8,1004.6,79.0,False,,,
INM00043057,BOMBAY / COLABA,2024-08-01 12:00:00,18.9,72.8167,11.0,28.6,25.2,,1003.9,82.0,28.6,1003.9,82.0,False,,,
INM00043057,BOMBAY / COLABA,2024-08-02 03:00:00,18.9,72.8167,11.0,27.4,23.9,,1005.0,81.0,27.4,1005.0,81.0,False,,,
INM00043057,BOMBAY / COLABA,2024-08-02 06:00:00,18.9,72.8167,11.0,28.2,24.2,,1005.3,79.0,28.2,1005.3,79.0,False,,,
INM00043057,BOMBAY / COLABA,2024-08-02 09:00:00,18.9,72.8167,11.0,28.2,25.1,,1004.0,83.0,28.2,1004.0,83.0,False,,,
INM00043057,BOMBAY / COLABA,2024-08-02 12:00:00,18.9,72.8167,11.0,28.0,24.9,,1003.0,83.0,28.0,1003.0,83.0,False,,,
INM00043057,BOMBAY / COLABA,2024-08-02 15:00:00,18.9,72.8167,11.0,27.5,24.5,,1004.7,84.0,27.5,1004.7,84.0,False,,,
INM00043057,BOMBAY / COLABA,2024-08-03 00:00:00,18.9,72.8167,11.0,27.5,24.2,,1003.2,82.0,27.5,1003.2,82.0,False,,,
INM00043057,BOMBAY / COLABA,2024-08-03 03:00:00,18.9,72.8167,11.0,27.4,23.9,,1004.8,81.0,27.4,1004.8,81.0,False,,,
INM00043057,BOMBAY / COLABA,2024-08-03 12:00:00,18.9,72.8167,11.0,27.0,25.6,,1003.8,92.0,27.0,1003.8,92.0,False,,,
INM00043057,BOMBAY / COLABA,2024-08-04 03:00:00,18.9,72.8167,11.0,26.8,24.8,,1005.3,89.0,26.8,1005.3,89.0,False,,,
INM00043057,BOMBAY / COLABA,2024-08-04 06:00:00,18.9,72.8167,11.0,27.0,25.3,,1006.5,90.0,27.0,1006.5,90.0,False,,,
INM00043057,BOMBAY / COLABA,2024-08-04 12:00:00,18.9,72.8167,11.0,27.6,24.4,,1004.3,83.0,27.6,1004.3,83.0,False,,,
INM00043057,BOMBAY / COLABA,2024-08-04 15:00:00,18.9,72.8167,11.0,27.5,24.8,,1005.6,85.0,27.5,1005.6,85.0,False,,,
INM00043057,BOMBAY / COLABA,2024-08-05 03:00:00,18.9,72.8167,11.0,27.8,24.6,,1006.5,83.0,27.8,1006.5,83.0,False,,,
INM00043057,BOMBAY / COLABA,2024-08-05 06:00:00,18.9,72.8167,11.0,28.6,24.9,,1007.4,80.0,28.6,1007.4,80.0,False,,,
INM00043057,BOMBAY / COLABA,2024-08-05 09:00:00,18.9,72.8167,11.0,28.8,26.0,,1005.9,85.0,28.8,1005.9,85.0,False,,,
INM00043057,BOMBAY / COLABA,2024-08-05 12:00:00,18.9,72.8167,11.0,27.5,24.5,,1005.4,84.0,27.5,1005.4,84.0,False,,,
INM00043057,BOMBAY / COLABA,2024-08-06 03:00:00,18.9,72.8167,11.0,27.4,24.5,,1006.8,84.0,27.4,1006.8,84.0,False,,,
INM00043057,BOMBAY / COLABA,2024-08-06 12:00:00,18.9,72.8167,11.0,27.5,25.4,,1005.1,88.0,27.5,1005.1,88.0,False,,,
INM00043057,BOMBAY / COLABA,2024-08-07 03:00:00,18.9,72.8167,11.0,28.0,25.2,,1007.0,85.0,28.0,1007.0,85.0,False,,,
INM00043057,BOMBAY / COLABA,2024-08-07 06:00:00,18.9,72.8167,11.0,29.0,24.4,,1007.3,76.0,29.0,1007.3,76.0,False,,,
INM00043057,BOMBAY / COLABA,2024-08-07 09:00:00,18.9,72.8167,11.0,31.0,25.4,,1005.9,72.0,31.0,1005.9,72.0,False,,,
INM00043057,BOMBAY / COLABA,2024-08-07 12:00:00,18.9,72.8167,11.0,29.7,24.7,,1005.6,75.0,29.7,1005.6,75.0,False,,,
INM00043057,BOMBAY / COLABA,2024-08-08 03:00:00,18.9,72.8167,11.0,28.4,25.3,,1007.8,83.0,28.4,1007.8,83.0,False,,,
INM00043057,BOMBAY / COLABA,2024-08-08 06:00:00,18.9,72.8167,11.0,29.7,25.6,,1007.9,79.0,29.7,1007.9,79.0,False,,,
INM00043057,BOMBAY / COLABA,2024-08-08 12:00:00,18.9,72.8167,11.0,30.0,24.9,,1006.8,74.0,30.0,1006.8,74.0,False,,,
INM00043057,BOMBAY / COLABA,2024-08-09 03:00:00,18.9,72.8167,11.0,27.4,24.8,,1008.6,86.0,27.4,1008.6,86.0,False,,,
INM00043057,BOMBAY / COLABA,2024-08-09 06:00:00,18.9,72.8167,11.0,29.0,25.9,,1009.3,83.0,29.0,1009.3,83.0,False,,,
INM00043057,BOMBAY / COLABA,2024-08-09 12:00:00,18.9,72.8167,11.0,29.0,23.5,,1007.7,72.0,29.0,1007.7,72.0,False,,,
INM00043057,BOMBAY / COLABA,2024-08-10 00:00:00,18.9,72.8167,11.0,27.5,24.8,,1007.7,85.0,27.5,1007.7,85.0,False,,,
INM00043057,BOMBAY / COLABA,2024-08-10 03:00:00,18.9,72.8167,11.0,27.6,25.3,,1009.0,87.0,27.6,1009.0,87.0,False,,,
INM00043057,BOMBAY / COLABA,2024-08-10 06:00:00,18.9,72.8167,11.0,30.0,26.7,,1011.8,83.0,30.0,1011.8,83.0,False,,,
INM00043057,BOMBAY / COLABA,2024-08-10 12:00:00,18.9,72.8167,11.0,29.0,23.5,,1007.5,72.0,29.0,1007.5,72.0,False,,,
INM00043057,BOMBAY / COLABA,2024-08-10 15:00:00,18.9,72.8167,11.0,28.5,24.1,,1008.1,77.0,28.5,1008.1,77.0,False,,,
INM00043057,BOMBAY / COLABA,2024-08-11 03:00:00,18.9,72.8167,11.0,28.2,24.8,,1008.0,82.0,28.2,1008.0,82.0,False,,,
INM00043057,BOMBAY / COLABA,2024-08-11 09:00:00,18.9,72.8167,11.0,30.4,24.7,,1007.5,72.0,30.4,1007.5,72.0,False,,,
INM00043057,BOMBAY / COLABA,2024-08-11 12:00:00,18.9,72.8167,11.0,28.0,25.2,,1005.1,85.0,28.0,1005.1,85.0,False,,,
INM00043057,BOMBAY / COLABA,2024-08-11 15:00:00,18.9,72.8167,11.0,28.0,24.6,,1007.1,82.0,28.0,1007.1,82.0,False,,,
INM00043057,BOMBAY / COLABA,2024-08-12 03:00:00,18.9,72.8167,11.0,28.4,25.6,,1007.1,85.0,28.4,1007.1,85.0,False,,,
INM00043057,BOMBAY / COLABA,2024-08-12 09:00:00,18.9,72.8167,11.0,31.2,25.9,,1006.2,73.0,31.2,1006.2,73.0,False,,,
INM00043057,BOMBAY / COLABA,2024-08-12 12:00:00,18.9,72.8167,11.0,30.4,24.7,,1005.1,72.0,30.4,1005.1,72.0,False,,,
INM00043057,BOMBAY / COLABA,2024-08-12 15:00:00,18.9,72.8167,11.0,29.0,24.4,,1006.4,76.0,29.0,1006.4,76.0,False,,,
INM00043057,BOMBAY / COLABA,2024-08-13 00:00:00,18.9,72.8167,11.0,27.5,25.4,,1006.5,88.0,27.5,1006.5,88.0,False,,,
INM00043057,BOMBAY / COLABA,2024-08-13 03:00:00,18.9,72.8167,11.0,27.6,25.3,,1008.2,87.0,27.6,1008.2,87.0,False,,,
INM00043057,BOMBAY / COLABA,2024-08-13 12:00:00,18.9,72.8167,11.0,30.5,25.0,,1005.2,72.0,30.5,1005.2,72.0,False,,,
INM00043057,BOMBAY / COLABA,2024-08-14 03:00:00,18.9,72.8167,11.0,27.5,25.1,,1008.0,87.0,27.5,1008.0,87.0,False,,,
INM00043057,BOMBAY / COLABA,2024-08-14 06:00:00,18.9,72.8167,11.0,,24.6,,1008.2,,,1008.2,,False,,,
INM00043057,BOMBAY / COLABA,2024-08-14 12:00:00,18.9,72.8167,11.0,30.5,24.4,,1005.4,70.0,30.5,1005.4,70.0,False,,,
INM00043057,BOMBAY / COLABA,2024-08-14 15:00:00,18.9,72.8167,11.0,29.0,23.8,,1006.7,74.0,29.0,1006.7,74.0,False,,,
INM00043057,BOMBAY / COLABA,2024-08-15 00:00:00,18.9,72.8167,11.0,28.5,24.7,,1005.7,80.0,28.5,1005.7,80.0,False,,,
INM00043057,BOMBAY / COLABA,2024-08-15 03:00:00,18.9,72.8167,11.0,28.4,25.9,,1007.0,86.0,28.4,1007.0,86.0,False,,,
INM00043057,BOMBAY / COLABA,2024-08-15 06:00:00,18.9,72.8167,11.0,31.0,25.4,,1007.0,72.0,31.0,1007.0,72.0,False,,,
INM00043057,BOMBAY / COLABA,2024-08-15 12:00:00,18.9,72.8167,11.0,30.7,24.8,,1003.7,71.0,30.7,1003.7,71.0,False,,,
INM00043057,BOMBAY / COLABA,2024-08-16 00:00:00,18.9,72.8167,11.0,28.0,24.6,,1004.1,82.0,28.0,1004.1,82.0,False,,,
INM00043057,BOMBAY / COLABA,2024-08-16 03:00:00,18.9,72.8167,11.0,28.2,24.5,,1005.4,80.0,28.2,1005.4,80.0,False,,,
INM00043057,BOMBAY / COLABA,2024-08-16 06:00:00,18.9,72.8167,11.0,31.0,25.1,,1006.1,71.0,31.0,1006.1,71.0,False,,,
INM00043057,BOMBAY / COLABA,2024-08-16 12:00:00,18.9,72.8167,11.0,31.0,24.4,,1003.3,68.0,31.0,1003.3,68.0,False,,,
INM00043057,BOMBAY / COLABA,2024-08-17 03:00:00,18.9,72.8167,11.0,28.4,25.9,,1006.4,86.0,28.4,1006.4,86.0,False,,,
INM00043057,BOMBAY / COLABA,2024-08-17 06:00:00,18.9,72.8167,11.0,30.6,24.9,,1006.9,72.0,30.6,1006.9,72.0,False,,,
INM00043057,BOMBAY / COLABA,2024-08-17 09:00:00,18.9,72.8167,11.0,32.2,24.2,,1005.2,63.0,32.2,1005.2,63.0,False,,,
INM00043057,BOMBAY / COLABA,2024-08-17 12:00:00,18.9,72.8167,11.0,31.2,23.4,,1004.1,63.0,31.2,1004.1,63.0,False,,,
INM00043057,BOMBAY / COLABA,2024-08-17 15:00:00,18.9,72.8167,11.0,30.2,24.5,,1005.7,72.0,30.2,1005.7,72.0,False,,,
INM00043057,BOMBAY / COLABA,2024-08-18 00:00:00,18.9,72.8167,11.0,28.5,25.9,,1006.1,86.0,28.5,1006.1,86.0,False,,,
INM00043057,BOMBAY / COLABA,2024-08-18 03:00:00,18.9,72.8167,11.0,27.0,25.2,,1006.7,90.0,27.0,1006.7,90.0,False,,,
INM00043057,BOMBAY / COLABA,2024-08-18 06:00:00,18.9,72.8167,11.0,29.5,27.8,,1007.3,91.0,29.5,1007.3,91.0,False,,,
INM00043057,BOMBAY / COLABA,2024-08-18 09:00:00,18.9,72.8167,11.0,31.4,25.8,,1005.4,72.0,31.4,1005.4,72.0,False,,,
INM00043057,BOMBAY / COLABA,2024-08-18 12:00:00,18.9,72.8167,11.0,30.6,25.5,,1004.2,74.0,30.6,1004.2,74.0,False,,,
INM00043057,BOMBAY / COLABA,2024-08-18 15:00:00,18.9,72.8167,11.0,29.7,25.6,,1006.1,79.0,29.7,1006.1,79.0,False,,,
INM00043057,BOMBAY / COLABA,2024-08-19 00:00:00,18.9,72.8167,11.0,29.0,25.6,,1005.7,82.0,29.0,1005.7,82.0,False,,,
INM00043057,BOMBAY / COLABA,2024-08-19 03:00:00,18.9,72.8167,11.0,28.4,25.3,,1006.5,83.0,28.4,1006.5,83.0,False,,,
INM00043057,BOMBAY / COLABA,2024-08-19 06:00:00,18.9,72.8167,11.0,31.5,26.7,,1006.8,76.0,31.5,1006.8,76.0,False,,,
INM00043057,BOMBAY / COLABA,2024-08-19 09:00:00,18.9,72.8167,11.0,31.4,26.4,,1003.5,75.0,31.4,1003.5,75.0,False,,,
INM00043057,BOMBAY / COLABA,2024-08-19 12:00:00,18.9,72.8167,11.0,30.5,25.9,,1003.2,76.0,30.5,1003.2,76.0,False,,,
INM00043057,BOMBAY / COLABA,2024-08-19 15:00:00,18.9,72.8167,11.0,29.7,26.2,,1005.3,82.0,29.7,1005.3,82.0,False,,,
INM00043057,BOMBAY / COLABA,2024-08-20 06:00:00,18.9,72.8167,11.0,29.0,23.8,,1006.6,74.0,29.0,1006.6,74.0,False,,,
INM00043057,BOMBAY / COLABA,2024-08-20 09:00:00,18.9,72.8167,11.0,29.0,23.8,,1004.2,74.0,29.0,1004.2,74.0,False,,,
INM00043057,BOMBAY / COLABA,2024-08-20 12:00:00,18.9,72.8167,11.0,28.6,25.5,,1004.5,83.0,28.6,1004.5,83.0,False,,,
INM00043057,BOMBAY / COLABA,2024-08-21 03:00:00,18.9,72.8167,11.0,27.6,25.6,,1006.4,89.0,27.6,1006.4,89.0,False,,,
INM00043057,BOMBAY / COLABA,2024-08-21 06:00:00,18.9,72.8167,11.0,30.7,25.1,,1006.7,72.0,30.7,1006.7,72.0,False,,,
INM00043057,BOMBAY / COLABA,2024-08-21 12:00:00,18.9,72.8167,11.0,31.0,26.6,,1003.0,77.0,31.0,1003.0,77.0,False,,,
INM00043057,BOMBAY / COLABA,2024-08-22 00:00:00,18.9,72.8167,11.0,29.0,27.1,,1004.3,90.0,29.0,1004.3,90.0,False,,,
INM00043057,BOMBAY / COLABA,2024-08-22 03:00:00,18.9,72.8167,11.0,28.4,25.5,,1005.5,84.0,28.4,1005.5,84.0,False,,,
INM00043057,BOMBAY / COLABA,2024-08-22 06:00:00,18.9,72.8167,11.0,32.0,24.3,,1005.7,64.0,32.0,1005.7,64.0,False,,,
INM00043057,BOMBAY / COLABA,2024-08-22 12:00:00,18.9,72.8167,11.0,31.2,26.2,,1002.6,75.0,31.2,1002.6,75.0,False,,,
INM00043057,BOMBAY / COLABA,2024-08-23 03:00:00,18.9,72.8167,11.0,29.0,25.6,,1006.3,82.0,29.0,1006.3,82.0,False,,,
INM00043057,BOMBAY / COLABA,2024-08-23 06:00:00,18.9,72.8167,11.0,29.6,26.0,,1006.5,81.0,29.6,1006.5,81.0,False,,,
INM00043057,BOMBAY / COLABA,2024-08-23 09:00:00,18.9,72.8167,11.0,30.0,26.1,,1004.3,80.0,30.0,1004.3,80.0,False,,,
INM00043057,BOMBAY / COLABA,2024-08-23 12:00:00,18.9,72.8167,11.0,29.5,26.6,,1003.0,84.0,29.5,1003.0,84.0,False,,,
INM00043057,BOMBAY / COLABA,2024-08-24 03:00:00,18.9,72.8167,11.0,27.0,24.7,,1007.4,87.0,27.0,1007.4,87.0,False,,,
INM00043057,BOMBAY / COLABA,2024-08-24 06:00:00,18.9,72.8167,11.0,26.6,24.3,,1007.9,87.0,26.6,1007.9,87.0,False,,,
INM00043057,BOMBAY / COLABA,2024-08-24 09:00:00,18.9,72.8167,11.0,27.0,24.4,,1006.3,86.0,27.0,1006.3,86.0,False,,,
INM00043057,BOMBAY / COLABA,2024-08-24 12:00:00,18.9,72.8167,11.0,26.5,24.1,,1005.0,87.0,26.5,1005.0,87.0,False,,,
INM00043057,BOMBAY / COLABA,2024-08-25 03:00:00,18.9,72.8167,11.0,26.6,24.6,,1006.2,89.0,26.6,1006.2,89.0,False,,,
INM00043057,BOMBAY / COLABA,2024-08-25 06:00:00,18.9,72.8167,11.0,27.6,25.3,,1005.9,87.0,27.6,1005.9,87.0,False,,,
INM00043057,BOMBAY / COLABA,2024-08-25 09:00:00,18.9,72.8167,11.0,27.4,24.8,,1004.5,86.0,27.4,1004.5,86.0,False,,,
INM00043057,BOMBAY / COLABA,2024-08-25 12:00:00,18.9,72.8167,11.0,26.7,24.2,,1003.7,86.0,26.7,1003.7,86.0,False,,,
INM00043057,BOMBAY / COLABA,2024-08-26 03:00:00,18.9,72.8167,11.0,28.0,24.6,,1004.1,82.0,28.0,1004.1,82.0,False,,,
INM00043057,BOMBAY / COLABA,2024-08-26 06:00:00,18.9,72.8167,11.0,28.6,24.9,,1004.3,80.0,28.6,1004.3,80.0,False,,,
INM00043057,BOMBAY / COLABA,2024-08-26 09:00:00,18.9,72.8167,11.0,29.2,24.0,,1002.9,74.0,29.2,1002.9,74.0,False,,,
INM00043057,BOMBAY / COLABA,2024-08-26 12:00:00,18.9,72.8167,11.0,28.7,24.5,,1002.2,78.0,28.7,1002.2,78.0,False,,,
INM00043057,BOMBAY / COLABA,2024-08-26 15:00:00,18.9,72.8167,11.0,28.0,25.4,,1003.8,86.0,28.0,1003.8,86.0,False,,,
INM00043057,BOMBAY / COLABA,2024-08-27 03:00:00,18.9,72.8167,11.0,28.6,24.0,,1004.7,76.0,28.6,1004.7,76.0,False,,,
INM00043057,BOMBAY / COLABA,2024-08-27 06:00:00,18.9,72.8167,11.0,29.0,24.7,,1005.3,78.0,29.0,1005.3,78.0,False,,,
INM00043057,BOMBAY / COLABA,2024-08-27 09:00:00,18.9,72.8167,11.0,26.0,24.3,,1004.0,90.0,26.0,1004.0,90.0,False,,,
INM00043057,BOMBAY / COLABA,2024-08-27 12:00:00,18.9,72.8167,11.0,27.5,24.8,,1003.7,85.0,27.5,1003.7,85.0,False,,,
INM00043057,BOMBAY / COLABA,2024-08-27 15:00:00,18.9,72.8167,11.0,27.5,23.9,,1005.3,81.0,27.5,1005.3,81.0,False,,,
INM00043057,BOMBAY / COLABA,2024-08-28 00:00:00,18.9,72.8167,11.0,27.7,24.0,,1004.0,80.0,27.7,1004.0,80.0,False,,,
INM00043057,BOMBAY / COLABA,2024-08-28 03:00:00,18.9,72.8167,11.0,27.4,25.7,,1005.8,90.0,27.4,1005.8,90.0,False,,,
INM00043057,BOMBAY / COLABA,2024-08-28 06:00:00,18.9,72.8167,11.0,29.2,24.9,,1006.3,78.0,29.2,1006.3,78.0,False,,,
INM00043057,BOMBAY / COLABA,2024-08-28 09:00:00,18.9,72.8167,11.0,30.0,25.2,,1004.6,75.0,30.0,1004.6,75.0,False,,,
INM00043057,BOMBAY / COLABA,2024-08-28 12:00:00,18.9,72.8167,11.0,28.5,24.7,,1004.3,80.0,28.5,1004.3,80.0,False,,,
INM00043057,BOMBAY / COLABA,2024-08-28 15:00:00,18.9,72.8167,11.0,28.5,25.4,,1005.8,83.0,28.5,1005.8,83.0,False,,,
INM00043057,BOMBAY / COLABA,2024-08-29 03:00:00,18.9,72.8167,11.0,28.4,25.3,,1005.7,83.0,28.4,1005.7,83.0,False,,,
INM00043057,BOMBAY / COLABA,2024-08-29 06:00:00,18.9,72.8167,11.0,29.5,26.6,,1006.4,84.0,29.5,1006.4,84.0,False,,,
INM00043057,BOMBAY / COLABA,2024-08-29 09:00:00,18.9,72.8167,11.0,29.4,26.3,,1004.2,83.0,29.4,1004.2,83.0,False,,,
INM00043057,BOMBAY / COLABA,2024-08-29 12:00:00,18.9,72.8167,11.0,29.5,25.7,,1003.5,80.0,29.5,1003.5,80.0,False,,,
INM00043057,BOMBAY / COLABA,2024-08-29 15:00:00,18.9,72.8167,11.0,28.7,25.4,,1005.2,82.0,28.7,1005.2,82.0,False,,,
INM00043057,BOMBAY / COLABA,2024-08-30 00:00:00,18.9,72.8167,11.0,28.2,25.7,,1004.0,86.0,28.2,1004.0,86.0,True,frozen,10,relative_humidity
INM00043057,BOMBAY / COLABA,2024-08-30 03:00:00,18.9,72.8167,11.0,28.4,25.3,,1006.3,86.0,28.4,1006.3,83.0,True,frozen,10,relative_humidity
INM00043057,BOMBAY / COLABA,2024-08-30 06:00:00,18.9,72.8167,11.0,30.5,25.9,,1007.2,86.0,30.5,1007.2,76.0,True,frozen,10,relative_humidity
INM00043057,BOMBAY / COLABA,2024-08-30 09:00:00,18.9,72.8167,11.0,31.6,26.9,,1005.4,86.0,31.6,1005.4,76.0,True,frozen,10,relative_humidity
INM00043057,BOMBAY / COLABA,2024-08-30 12:00:00,18.9,72.8167,11.0,30.0,25.2,,1004.8,86.0,30.0,1004.8,75.0,True,frozen,10,relative_humidity
INM00043057,BOMBAY / COLABA,2024-08-31 03:00:00,18.9,72.8167,11.0,28.0,25.7,,1007.6,86.0,28.0,1007.6,87.0,True,frozen,10,relative_humidity
INM00043057,BOMBAY / COLABA,2024-08-31 06:00:00,18.9,72.8167,11.0,31.0,26.0,,1008.4,75.0,31.0,1008.4,75.0,False,,,
INM00043057,BOMBAY / COLABA,2024-08-31 12:00:00,18.9,72.8167,11.0,30.6,24.9,,1005.9,72.0,30.6,1005.9,72.0,False,,,
INM00043057,BOMBAY / COLABA,2024-09-01 00:00:00,18.9,72.8167,11.0,27.7,24.6,,1006.4,83.0,27.7,1006.4,83.0,False,,,
INM00043057,BOMBAY / COLABA,2024-09-01 03:00:00,18.9,72.8167,11.0,28.0,24.6,,1007.7,82.0,28.0,1007.7,82.0,False,,,
INM00043057,BOMBAY / COLABA,2024-09-01 06:00:00,18.9,72.8167,11.0,30.2,26.0,,1008.1,78.0,30.2,1008.1,78.0,False,,,
INM00043057,BOMBAY / COLABA,2024-09-01 09:00:00,18.9,72.8167,11.0,30.6,26.1,,1006.2,77.0,30.6,1006.2,77.0,False,,,
INM00043057,BOMBAY / COLABA,2024-09-01 12:00:00,18.9,72.8167,11.0,29.7,25.9,,1005.1,80.0,29.7,1005.1,80.0,False,,,
INM00043057,BOMBAY / COLABA,2024-09-02 03:00:00,18.9,72.8167,11.0,27.6,25.0,,1006.1,86.0,27.6,1006.1,86.0,False,,,
INM00043057,BOMBAY / COLABA,2024-09-02 06:00:00,18.9,72.8167,11.0,28.7,26.0,,1006.8,85.0,28.7,1006.8,85.0,False,,,
INM00043057,BOMBAY / COLABA,2024-09-02 09:00:00,18.9,72.8167,11.0,29.0,26.8,,1004.9,88.0,29.0,1004.9,88.0,False,,,
INM00043057,BOMBAY / COLABA,2024-09-02 12:00:00,18.9,72.8167,11.0,27.0,25.3,,1003.6,90.0,27.0,1003.6,90.0,False,,,
INM00043057,BOMBAY / COLABA,2024-09-03 00:00:00,18.9,72.8167,11.0,27.5,24.8,,1004.4,85.0,27.5,1004.4,85.0,False,,,
INM00043057,BOMBAY / COLABA,2024-09-03 03:00:00,18.9,72.8167,11.0,27.0,25.0,,1006.7,89.0,27.0,1006.7,89.0,False,,,
INM00043057,BOMBAY / COLABA,2024-09-03 06:00:00,18.9,72.8167,11.0,29.5,26.6,,1007.2,84.0,29.5,1007.2,84.0,False,,,
INM00043057,BOMBAY / COLABA,2024-09-03 09:00:00,18.9,72.8167,11.0,30.4,24.7,,1005.3,72.0,30.4,1005.3,72.0,False,,,
INM00043057,BOMBAY / COLABA,2024-09-03 12:00:00,18.9,72.8167,11.0,29.7,25.9,,1005.2,80.0,29.7,1005.2,80.0,False,,,
INM00043057,BOMBAY / COLABA,2024-09-03 15:00:00,18.9,72.8167,11.0,28.5,25.3,,1006.9,83.0,28.5,1006.9,83.0,False,,,
INM00043057,BOMBAY / COLABA,2024-09-04 03:00:00,18.9,72.8167,11.0,27.6,24.1,,1008.5,81.0,27.6,1008.5,81.0,False,,,
INM00043057,BOMBAY / COLABA,2024-09-04 06:00:00,18.9,72.8167,11.0,30.6,24.6,,1008.4,70.0,30.6,1008.4,70.0,False,,,
INM00043057,BOMBAY / COLABA,2024-09-04 09:00:00,18.9,72.8167,11.0,31.4,25.2,,1006.2,70.0,31.4,1006.2,70.0,False,,,
INM00043057,BOMBAY / COLABA,2024-09-04 12:00:00,18.9,72.8167,11.0,29.7,26.2,,1005.2,82.0,29.7,1005.2,82.0,False,,,
INM00043057,BOMBAY / COLABA,2024-09-05 03:00:00,18.9,72.8167,11.0,27.4,24.5,,1007.0,84.0,27.4,1007.0,84.0,False,,,
INM00043057,BOMBAY / COLABA,2024-09-05 06:00:00,18.9,72.8167,11.0,30.0,25.2,,1007.2,75.0,30.0,1007.2,75.0,False,,,
INM00043057,BOMBAY / COLABA,2024-09-05 12:00:00,18.9,72.8167,11.0,27.5,25.4,,1004.2,88.0,27.5,1004.2,88.0,False,,,
INM00043057,BOMBAY / COLABA,2024-09-05 15:00:00,18.9,72.8167,11.0,26.6,24.6,,1005.7,89.0,26.6,1005.7,89.0,False,,,
INM00043057,BOMBAY / COLABA,2024-09-06 03:00:00,18.9,72.8167,11.0,27.8,24.3,,1007.3,81.0,27.8,1007.3,81.0,False,,,
INM00043057,BOMBAY / COLABA,2024-09-06 06:00:00,18.9,72.8167,11.0,29.5,24.5,,1008.1,75.0,29.5,1008.1,75.0,False,,,
INM00043057,BOMBAY / COLABA,2024-09-06 09:00:00,18.9,72.8167,11.0,29.6,25.1,,1006.6,77.0,29.6,1006.6,77.0,False,,,
INM00043057,BOMBAY / COLABA,2024-09-06 12:00:00,18.9,72.8167,11.0,28.0,25.7,,1005.8,87.0,28.0,1005.8,87.0,False,,,
INM00043057,BOMBAY / COLABA,2024-09-07 03:00:00,18.9,72.8167,11.0,27.8,24.6,,1008.0,83.0,27.8,1008.0,83.0,False,,,
INM00043057,BOMBAY / COLABA,2024-09-07 06:00:00,18.9,72.8167,11.0,30.7,25.4,,1008.5,73.0,30.7,1008.5,73.0,False,,,
INM00043057,BOMBAY / COLABA,2024-09-07 09:00:00,18.9,72.8167,11.0,31.4,25.2,,1006.6,70.0,31.4,1006.6,70.0,False,,,
INM00043057,BOMBAY / COLABA,2024-09-07 12:00:00,18.9,72.8167,11.0,30.5,24.4,,1006.1,70.0,30.5,1006.1,70.0,False,,,
INM00043057,BOMBAY / COLABA,2024-09-08 00:00:00,18.9,72.8167,11.0,28.2,25.1,,1006.9,83.0,28.2,1006.9,83.0,False,,,
INM00043057,BOMBAY / COLABA,2024-09-08 03:00:00,18.9,72.8167,11.0,28.4,24.4,,1008.6,79.0,28.4,1008.6,79.0,False,,,
INM00043057,BOMBAY / COLABA,2024-09-08 06:00:00,18.9,72.8167,11.0,31.6,24.8,,1008.6,67.0,31.6,1008.6,67.0,False,,,
INM00043057,BOMBAY / COLABA,2024-09-08 09:00:00,18.9,72.8167,11.0,32.5,24.7,,1006.3,63.0,32.5,1006.3,63.0,False,,,
INM00043057,BOMBAY / COLABA,2024-09-08 12:00:00,18.9,72.8167,11.0,31.0,24.7,,1005.7,69.0,31.0,1005.7,69.0,False,,,
INM00043057,BOMBAY / COLABA,2024-09-09 03:00:00,18.9,72.8167,11.0,27.6,24.7,,1006.1,84.0,27.6,1006.1,84.0,False,,,
INM00043057,BOMBAY / COLABA,2024-09-09 06:00:00,18.9,72.8167,11.0,31.6,25.1,,1006.3,68.0,31.6,1006.3,68.0,False,,,
INM00043057,BOMBAY / COLABA,2024-09-09 12:00:00,18.9,72.8167,11.0,30.0,23.0,,1003.0,66.0,30.0,1003.0,66.0,False,,,
INM00043057,BOMBAY / COLABA,2024-09-10 03:00:00,18.9,72.8167,11.0,27.6,24.4,,1005.2,83.0,27.6,1005.2,83.0,False,,,
INM00043057,BOMBAY / COLABA,2024-09-10 06:00:00,18.9,72.8167,11.0,31.5,25.5,,1005.5,71.0,31.5,1005.5,71.0,False,,,
INM00043057,BOMBAY / COLABA,2024-09-10 09:00:00,18.9,72.8167,11.0,28.5,26.2,,1003.7,87.0,28.5,1003.7,87.0,False,,,
INM00043057,BOMBAY / COLABA,2024-09-10 12:00:00,18.9,72.8167,11.0,29.2,22.1,,1002.9,66.0,29.2,1002.9,66.0,False,,,
INM00043057,BOMBAY / COLABA,2024-09-11 03:00:00,18.9,72.8167,11.0,27.6,25.0,,1005.6,86.0,27.6,1005.6,86.0,False,,,
INM00043057,BOMBAY / COLABA,2024-09-11 06:00:00,18.9,72.8167,11.0,31.0,24.1,,1005.9,67.0,31.0,1005.9,67.0,False,,,
INM00043057,BOMBAY / COLABA,2024-09-11 09:00:00,18.9,72.8167,11.0,31.0,23.8,,1005.7,66.0,31.0,1005.7,66.0,False,,,
INM00043057,BOMBAY / COLABA,2024-09-11 12:00:00,18.9,72.8167,11.0,28.4,23.8,,1004.5,76.0,28.4,1004.5,76.0,False,,,
INM00043057,BOMBAY / COLABA,2024-09-12 03:00:00,18.9,72.8167,11.0,26.4,24.1,,1007.7,87.0,26.4,1007.7,87.0,False,,,
INM00043057,BOMBAY / COLABA,2024-09-12 06:00:00,18.9,72.8167,11.0,27.6,24.7,,1008.0,84.0,27.6,1008.0,84.0,False,,,
INM00043057,BOMBAY / COLABA,2024-09-12 09:00:00,18.9,72.8167,11.0,29.2,25.8,,1006.4,82.0,29.2,1006.4,82.0,False,,,
INM00043057,BOMBAY / COLABA,2024-09-12 12:00:00,18.9,72.8167,11.0,29.0,24.4,,1006.5,76.0,29.0,1006.5,76.0,False,,,
INM00043057,BOMBAY / COLABA,2024-09-13 03:00:00,18.9,72.8167,11.0,27.8,23.4,,1008.7,77.0,27.8,1008.7,77.0,False,,,
INM00043057,BOMBAY / COLABA,2024-09-13 06:00:00,18.9,72.8167,11.0,30.7,24.2,,1009.3,68.0,30.7,1009.3,68.0,False,,,
INM00043057,BOMBAY / COLABA,2024-09-14 03:00:00,18.9,72.8167,11.0,27.2,23.1,,1008.1,78.0,27.2,1008.1,78.0,False,,,
INM00043057,BOMBAY / COLABA,2024-09-14 06:00:00,18.9,72.8167,11.0,30.0,23.3,,1008.3,67.0,30.0,1008.3,67.0,False,,,
INM00043057,BOMBAY / COLABA,2024-09-14 09:00:00,18.9,72.8167,11.0,30.0,23.3,,1008.3,67.0,30.0,1008.3,67.0,False,,,
INM00043057,BOMBAY / COLABA,2024-09-14 12:00:00,18.9,72.8167,11.0,29.6,23.2,,1005.8,69.0,29.6,1005.8,69.0,False,,,
INM00043057,BOMBAY / COLABA,2024-09-14 15:00:00,18.9,72.8167,11.0,27.0,23.8,,1007.5,83.0,27.0,1007.5,83.0,False,,,
INM00043057,BOMBAY / COLABA,2024-09-15 03:00:00,18.9,72.8167,11.0,24.8,23.0,,1008.6,90.0,24.8,1008.6,90.0,False,,,
INM00043057,BOMBAY / COLABA,2024-09-15 06:00:00,18.9,72.8167,11.0,25.5,23.9,,1009.4,91.0,25.5,1009.4,91.0,False,,,
INM00043057,BOMBAY / COLABA,2024-09-15 12:00:00,18.9,72.8167,11.0,27.5,23.6,,1007.1,79.0,27.5,1007.1,79.0,False,,,
INM00043057,BOMBAY / COLABA,2024-09-16 03:00:00,18.9,72.8167,11.0,27.0,24.4,,1009.8,86.0,27.0,1009.8,86.0,False,,,
INM00043057,BOMBAY / COLABA,2024-09-16 06:00:00,18.9,72.8167,11.0,30.7,24.2,,1010.0,68.0,30.7,1010.0,68.0,False,,,
INM00043057,BOMBAY / COLABA,2024-09-16 09:00:00,18.9,72.8167,11.0,30.0,22.4,,1007.8,64.0,30.0,1007.8,64.0,False,,,
INM00043057,BOMBAY / COLABA,2024-09-16 12:00:00,18.9,72.8167,11.0,29.6,23.5,,1007.4,70.0,29.6,1007.4,70.0,False,,,
INM00043057,BOMBAY / COLABA,2024-09-16 15:00:00,18.9,72.8167,11.0,27.7,22.8,,1008.8,75.0,27.7,1008.8,75.0,False,,,
INM00043057,BOMBAY / COLABA,2024-09-17 00:00:00,18.9,72.8167,11.0,27.0,24.1,,1008.5,84.0,27.0,1008.5,84.0,False,,,
INM00043057,BOMBAY / COLABA,2024-09-17 03:00:00,18.9,72.8167,11.0,27.2,22.8,,1010.4,77.0,27.2,1010.4,77.0,False,,,
INM00043057,BOMBAY / COLABA,2024-09-17 06:00:00,18.9,72.8167,11.0,30.6,21.7,,1010.2,59.0,30.6,1010.2,59.0,False,,,
INM00043057,BOMBAY / COLABA,2024-09-17 09:00:00,18.9,72.8167,11.0,31.5,22.0,,1008.1,57.0,31.5,1008.1,57.0,False,,,
INM00043057,BOMBAY / COLABA,2024-09-17 12:00:00,18.9,72.8167,11.0,29.7,22.1,,1007.0,64.0,29.7,1007.0,64.0,False,,,
INM00043057,BOMBAY / COLABA,2024-09-18 03:00:00,18.9,72.8167,11.0,26.8,23.9,,1008.2,84.0,26.8,1008.2,84.0,False,,,
INM00043057,BOMBAY / COLABA,2024-09-18 06:00:00,18.9,72.8167,11.0,30.6,22.4,,1007.8,62.0,30.6,1007.8,62.0,False,,,
INM00043057,BOMBAY / COLABA,2024-09-18 09:00:00,18.9,72.8167,11.0,32.0,22.7,,1005.5,58.0,32.0,1005.5,58.0,False,,,
INM00043057,BOMBAY / COLABA,2024-09-18 12:00:00,18.9,72.8167,11.0,30.2,21.9,,1005.2,61.0,30.2,1005.2,61.0,False,,,
INM00043057,BOMBAY / COLABA,2024-09-18 15:00:00,18.9,72.8167,11.0,28.6,22.7,,1006.6,70.0,28.6,1006.6,70.0,False,,,
INM00043057,BOMBAY / COLABA,2024-09-19 00:00:00,18.9,72.8167,11.0,27.0,24.1,,1006.8,84.0,27.0,1006.8,84.0,False,,,
INM00043057,BOMBAY / COLABA,2024-09-19 03:00:00,18.9,72.8167,11.0,27.4,24.5,,1008.5,84.0,27.4,1008.5,84.0,False,,,
INM00043057,BOMBAY / COLABA,2024-09-19 06:00:00,18.9,72.8167,11.0,30.2,23.9,,1008.7,69.0,30.2,1008.7,69.0,False,,,
INM00043057,BOMBAY / COLABA,2024-09-19 09:00:00,18.9,72.8167,11.0,32.4,21.5,,1006.3,53.0,32.4,1006.3,53.0,False,,,
INM00043057,BOMBAY / COLABA,2024-09-19 12:00:00,18.9,72.8167,11.0,30.0,21.7,,1005.6,61.0,30.0,1005.6,61.0,False,,,
INM00043057,BOMBAY / COLABA,2024-09-20 03:00:00,18.9,72.8167,11.0,27.0,24.4,,1008.4,86.0,27.0,1008.4,86.0,False,,,
INM00043057,BOMBAY / COLABA,2024-09-20 09:00:00,18.9,72.8167,11.0,31.8,23.8,,1006.9,63.0,31.8,1006.9,63.0,False,,,
INM00043057,BOMBAY / COLABA,2024-09-20 12:00:00,18.9,72.8167,11.0,30.2,24.5,,1005.7,72.0,30.2,1005.7,72.0,False,,,
INM00043057,BOMBAY / COLABA,2024-09-21 00:00:00,18.9,72.8167,11.0,27.0,22.9,,1007.4,78.0,27.0,1007.4,78.0,False,,,
INM00043057,BOMBAY / COLABA,2024-09-21 03:00:00,18.9,72.8167,11.0,27.6,24.4,,1009.4,83.0,27.6,1009.4,83.0,False,,,
INM00043057,BOMBAY / COLABA,2024-09-21 06:00:00,18.9,72.8167,11.0,31.0,23.8,,1009.7,66.0,31.0,1009.7,66.0,False,,,
INM00043057,BOMBAY / COLABA,2024-09-21 12:00:00,18.9,72.8167,11.0,29.6,23.5,,1006.6,70.0,29.6,1006.6,70.0,False,,,
INM00043057,BOMBAY / COLABA,2024-09-21 15:00:00,18.9,72.8167,11.0,28.5,22.8,,1008.5,71.0,28.5,1008.5,71.0,False,,,
INM00043057,BOMBAY / COLABA,2024-09-22 00:00:00,18.9,72.8167,11.0,27.6,23.5,,1007.7,78.0,27.6,1007.7,78.0,False,,,
INM00043057,BOMBAY / COLABA,2024-09-22 03:00:00,18.9,72.8167,11.0,27.8,24.0,,1009.1,80.0,27.8,1009.1,80.0,False,,,
INM00043057,BOMBAY / COLABA,2024-09-22 06:00:00,18.9,72.8167,11.0,31.7,24.7,,1009.1,66.0,31.7,1009.1,66.0,False,,,
INM00043057,BOMBAY / COLABA,2024-09-22 12:00:00,18.9,72.8167,11.0,30.2,22.9,,1006.4,65.0,30.2,1006.4,65.0,False,,,
INM00043057,BOMBAY / COLABA,2024-09-23 03:00:00,18.9,72.8167,11.0,27.0,25.3,,1008.0,90.0,27.0,1008.0,90.0,False,,,
INM00043057,BOMBAY / COLABA,2024-09-23 09:00:00,18.9,72.8167,11.0,30.6,26.4,,1004.8,78.0,30.6,1004.8,78.0,False,,,
INM00043057,BOMBAY / COLABA,2024-09-23 12:00:00,18.9,72.8167,11.0,29.6,26.5,,1005.7,83.0,29.6,1005.7,83.0,False,,,
INM00043057,BOMBAY / COLABA,2024-09-24 03:00:00,18.9,72.8167,11.0,25.6,23.9,,1006.5,90.0,25.6,1006.5,90.0,False,,,
INM00043057,BOMBAY / COLABA,2024-09-24 06:00:00,18.9,72.8167,11.0,26.5,24.4,,1006.7,88.0,26.5,1006.7,88.0,False,,,
INM00043057,BOMBAY / COLABA,2024-09-24 09:00:00,18.9,72.8167,11.0,27.4,24.2,,1003.5,83.0,27.4,1003.5,83.0,False,,,
INM00043057,BOMBAY / COLABA,2024-09-24 12:00:00,18.9,72.8167,11.0,27.6,24.4,,1002.9,83.0,27.6,1002.9,83.0,False,,,
INM00043057,BOMBAY / COLABA,2024-09-25 03:00:00,18.9,72.8167,11.0,26.4,24.7,,1004.8,90.0,26.4,1004.8,90.0,False,,,
INM00043057,BOMBAY / COLABA,2024-09-25 12:00:00,18.9,72.8167,11.0,28.5,26.2,,1002.3,87.0,28.5,1002.3,87.0,False,,,
INM00043057,BOMBAY / COLABA,2024-09-26 03:00:00,18.9,72.8167,11.0,26.4,24.7,,1003.8,90.0,26.4,1003.8,90.0,False,,,
INM00043057,BOMBAY / COLABA,2024-09-26 06:00:00,18.9,72.8167,11.0,27.0,25.3,,1004.0,90.0,27.0,1004.0,90.0,False,,,
INM00043057,BOMBAY / COLABA,2024-09-26 09:00:00,18.9,72.8167,11.0,27.7,24.9,,1002.0,85.0,27.7,1002.0,85.0,False,,,
INM00043057,BOMBAY / COLABA,2024-09-26 12:00:00,18.9,72.8167,11.0,26.7,24.5,,1001.8,88.0,26.7,1001.8,88.0,False,,,
INM00043057,BOMBAY / COLABA,2024-09-27 00:00:00,18.9,72.8167,11.0,26.0,24.6,,1002.4,92.0,26.0,1002.4,92.0,False,,,
INM00043057,BOMBAY / COLABA,2024-09-27 03:00:00,18.9,72.8167,11.0,26.0,24.3,,1004.9,90.0,26.0,1004.9,90.0,False,,,
INM00043057,BOMBAY / COLABA,2024-09-27 06:00:00,18.9,72.8167,11.0,25.7,24.1,,1005.9,91.0,25.7,1005.9,91.0,False,,,
INM00043057,BOMBAY / COLABA,2024-09-27 12:00:00,18.9,72.8167,11.0,26.2,24.2,,1003.8,89.0,26.2,1003.8,89.0,False,,,
INM00043057,BOMBAY / COLABA,2024-09-28 03:00:00,18.9,72.8167,11.0,26.0,24.0,,1008.3,89.0,26.0,1008.3,89.0,False,,,
INM00043057,BOMBAY / COLABA,2024-09-28 06:00:00,18.9,72.8167,11.0,27.0,24.7,,1008.9,87.0,27.0,1008.9,87.0,False,,,
INM00043057,BOMBAY / COLABA,2024-09-28 09:00:00,18.9,72.8167,11.0,26.4,24.4,,1007.2,89.0,26.4,1007.2,89.0,False,,,
INM00043057,BOMBAY / COLABA,2024-09-28 12:00:00,18.9,72.8167,11.0,26.5,24.4,,1007.4,88.0,26.5,1007.4,88.0,False,,,
INM00043057,BOMBAY / COLABA,2024-09-29 03:00:00,18.9,72.8167,11.0,26.5,23.8,,1011.1,85.0,26.5,1011.1,85.0,False,,,
INM00043057,BOMBAY / COLABA,2024-09-29 06:00:00,18.9,72.8167,11.0,29.7,25.6,,1011.2,79.0,29.7,1011.2,79.0,False,,,
INM00043057,BOMBAY / COLABA,2024-09-29 09:00:00,18.9,72.8167,11.0,31.2,25.3,,1009.0,71.0,31.2,1009.0,71.0,False,,,
INM00043057,BOMBAY / COLABA,2024-09-29 12:00:00,18.9,72.8167,11.0,29.6,25.1,,1008.8,77.0,29.6,1008.8,77.0,False,,,
INM00043057,BOMBAY / COLABA,2024-09-29 15:00:00,18.9,72.8167,11.0,27.5,25.4,,1010.9,88.0,27.5,1010.9,88.0,False,,,
INM00043057,BOMBAY / COLABA,2024-09-30 03:00:00,18.9,72.8167,11.0,27.2,25.5,,1012.5,90.0,27.2,1012.5,90.0,False,,,
INM00043057,BOMBAY / COLABA,2024-09-30 06:00:00,18.9,72.8167,11.0,30.5,24.7,,1011.7,71.0,30.5,1011.7,71.0,False,,,
INM00043057,BOMBAY / COLABA,2024-09-30 12:00:00,18.9,72.8167,11.0,30.0,24.3,,1007.6,72.0,30.0,1007.6,72.0,False,,,
INM00043057,BOMBAY / COLABA,2024-09-30 15:00:00,18.9,72.8167,11.0,28.6,25.5,,1009.4,83.0,28.6,1009.4,83.0,False,,,
INM00043057,BOMBAY / COLABA,2024-10-01 03:00:00,18.9,72.8167,11.0,28.6,26.4,,1009.5,88.0,28.6,1009.5,88.0,False,,,
INM00043057,BOMBAY / COLABA,2024-10-01 06:00:00,18.9,72.8167,11.0,31.0,25.1,,1008.7,71.0,31.0,1008.7,71.0,False,,,
INM00043057,BOMBAY / COLABA,2024-10-01 09:00:00,18.9,72.8167,11.0,32.2,26.1,,1006.0,70.0,32.2,1006.0,70.0,False,,,
INM00043057,BOMBAY / COLABA,2024-10-01 12:00:00,18.9,72.8167,11.0,31.0,27.1,,1005.1,80.0,31.0,1005.1,80.0,False,,,
INM00043057,BOMBAY / COLABA,2024-10-02 03:00:00,18.9,72.8167,11.0,29.0,27.1,,1009.4,90.0,29.0,1009.4,90.0,False,,,
INM00043057,BOMBAY / COLABA,2024-10-02 09:00:00,18.9,72.8167,11.0,32.0,26.4,,1007.4,72.0,32.0,1007.4,72.0,False,,,
INM00043057,BOMBAY / COLABA,2024-10-02 12:00:00,18.9,72.8167,11.0,31.5,27.6,,1007.5,80.0,31.5,1007.5,80.0,False,,,
INM00043057,BOMBAY / COLABA,2024-10-02 15:00:00,18.9,72.8167,11.0,29.0,26.8,,1009.5,88.0,29.0,1009.5,88.0,False,,,
INM00043057,BOMBAY / COLABA,2024-10-03 03:00:00,18.9,72.8167,11.0,28.5,26.2,,1010.7,87.0,28.5,1010.7,87.0,False,,,
INM00043057,BOMBAY / COLABA,2024-10-03 06:00:00,18.9,72.8167,11.0,32.0,25.1,,1010.3,67.0,32.0,1010.3,67.0,False,,,
INM00043057,BOMBAY / COLABA,2024-10-03 09:00:00,18.9,72.8167,11.0,33.2,24.4,,1007.8,60.0,33.2,1007.8,60.0,False,,,
INM00043057,BOMBAY / COLABA,2024-10-03 12:00:00,18.9,72.8167,11.0,31.0,24.7,,1007.0,69.0,31.0,1007.0,69.0,False,,,
INM00043057,BOMBAY / COLABA,2024-10-03 15:00:00,18.9,72.8167,11.0,29.6,25.1,,1009.3,77.0,29.6,1009.3,77.0,False,,,
INM00043057,BOMBAY / COLABA,2024-10-04 00:00:00,18.9,72.8167,11.0,28.0,25.2,,1008.3,85.0,28.0,1008.3,85.0,False,,,
INM00043057,BOMBAY / COLABA,2024-10-04 03:00:00,18.9,72.8167,11.0,28.2,25.9,,1010.5,87.0,28.2,1010.5,87.0,False,,,
INM00043057,BOMBAY / COLABA,2024-10-04 09:00:00,18.9,72.8167,11.0,32.8,23.3,,1008.2,57.0,32.8,1008.2,57.0,False,,,
INM00043057,BOMBAY / COLABA,2024-10-04 12:00:00,18.9,72.8167,11.0,30.5,23.1,,1007.6,65.0,30.5,1007.6,65.0,False,,,
INM00043057,BOMBAY / COLABA,2024-10-05 03:00:00,18.9,72.8167,11.0,27.6,25.0,,1011.1,86.0,27.6,1011.1,86.0,False,,,
INM00043057,BOMBAY / COLABA,2024-10-05 09:00:00,18.9,72.8167,11.0,32.6,22.7,,1008.1,56.0,32.6,1008.1,56.0,False,,,
INM00043057,BOMBAY / COLABA,2024-10-05 12:00:00,18.9,72.8167,11.0,30.6,21.4,,1007.8,58.0,30.6,1007.8,58.0,False,,,
INM00043057,BOMBAY / COLABA,2024-10-06 00:00:00,18.9,72.8167,11.0,28.0,25.4,,1008.9,86.0,28.0,1008.9,86.0,False,,,
INM00043057,BOMBAY / COLABA,2024-10-06 03:00:00,18.9,72.8167,11.0,28.0,25.2,,1010.8,85.0,28.0,1010.8,85.0,False,,,
INM00043057,BOMBAY / COLABA,2024-10-06 09:00:00,18.9,72.8167,11.0,31.6,25.1,,1007.5,68.0,31.6,1007.5,68.0,False,,,
INM00043057,BOMBAY / COLABA,2024-10-06 12:00:00,18.9,72.8167,11.0,30.5,26.5,,1006.9,79.0,30.5,1006.9,79.0,False,,,
INM00043057,BOMBAY / COLABA,2024-10-07 00:00:00,18.9,72.8167,11.0,25.5,23.3,,1009.2,88.0,25.5,1009.2,88.0,False,,,
INM00043057,BOMBAY / COLABA,2024-10-07 03:00:00,18.9,72.8167,11.0,26.0,24.0,,1011.1,89.0,26.0,1011.1,89.0,False,,,
INM00043057,BOMBAY / COLABA,2024-10-07 06:00:00,18.9,72.8167,11.0,31.0,22.2,,1010.9,59.0,31.0,1010.9,59.0,False,,,
INM00043057,BOMBAY / COLABA,2024-10-07 09:00:00,18.9,72.8167,11.0,33.8,20.4,,1008.4,45.0,33.8,1008.4,45.0,False,,,
INM00043057,BOMBAY / COLABA,2024-10-07 12:00:00,18.9,72.8167,11.0,32.0,24.3,,1007.4,64.0,32.0,1007.4,64.0,False,,,
INM00043057,BOMBAY / COLABA,2024-10-08 00:00:00,18.9,72.8167,11.0,28.0,25.4,,1009.8,86.0,28.0,1009.8,86.0,False,,,
INM00043057,BOMBAY / COLABA,2024-10-08 03:00:00,18.9,72.8167,11.0,28.0,25.2,,1012.1,85.0,28.0,1012.1,85.0,False,,,
INM00043057,BOMBAY / COLABA,2024-10-08 12:00:00,18.9,72.8167,11.0,31.2,27.6,,1007.9,81.0,31.2,1007.9,81.0,False,,,
INM00043057,BOMBAY / COLABA,2024-10-08 15:00:00,18.9,72.8167,11.0,30.2,27.4,,1009.6,85.0,30.2,1009.6,85.0,False,,,
INM00043057,BOMBAY / COLABA,2024-10-09 00:00:00,18.9,72.8167,11.0,28.5,25.9,,1007.9,86.0,28.5,1007.9,86.0,False,,,
INM00043057,BOMBAY / COLABA,2024-10-09 03:00:00,18.9,72.8167,11.0,26.8,24.5,,1009.7,87.0,26.8,1009.7,87.0,False,,,
INM00043057,BOMBAY / COLABA,2024-10-09 06:00:00,18.9,72.8167,11.0,28.5,25.0,,1010.3,81.0,28.5,1010.3,81.0,True,frozen,39,temperature
INM00043057,BOMBAY / COLABA,2024-10-09 12:00:00,18.9,72.8167,11.0,28.5,24.0,,1007.4,89.0,26.0,1007.4,89.0,True,frozen,39,temperature
INM00043057,BOMBAY / COLABA,2024-10-10 03:00:00,18.9,72.8167,11.0,28.5,23.6,,1007.7,86.0,26.2,1007.7,86.0,True,frozen,39,temperature
INM00043057,BOMBAY / COLABA,2024-10-10 06:00:00,18.9,72.8167,11.0,28.5,25.0,,1008.5,79.0,29.0,1008.5,79.0,True,frozen,39,temperature
INM00043057,BOMBAY / COLABA,2024-10-10 12:00:00,18.9,72.8167,11.0,28.5,25.3,,1005.2,80.0,29.0,1005.2,80.0,True,frozen,39,temperature
INM00043057,BOMBAY / COLABA,2024-10-11 03:00:00,18.9,72.8167,11.0,28.5,23.0,,1007.3,87.0,25.4,1007.3,87.0,True,frozen,39,temperature
INM00043057,BOMBAY / COLABA,2024-10-11 06:00:00,18.9,72.8167,11.0,28.5,23.0,,1007.2,66.0,30.0,1007.2,66.0,True,frozen,39,temperature
INM00043057,BOMBAY / COLABA,2024-10-11 09:00:00,18.9,72.8167,11.0,28.5,24.5,,1004.7,66.0,31.6,1004.7,66.0,True,frozen,39,temperature
INM00043057,BOMBAY / COLABA,2024-10-11 12:00:00,18.9,72.8167,11.0,28.5,24.7,,1005.1,71.0,30.5,1005.1,71.0,True,frozen,39,temperature
INM00043057,BOMBAY / COLABA,2024-10-12 00:00:00,18.9,72.8167,11.0,26.5,24.1,,1006.4,87.0,26.5,1006.4,87.0,False,,,
INM00043057,BOMBAY / COLABA,2024-10-12 03:00:00,18.9,72.8167,11.0,26.7,24.2,,1009.0,86.0,26.7,1009.0,86.0,False,,,
INM00043057,BOMBAY / COLABA,2024-10-12 06:00:00,18.9,72.8167,11.0,30.0,23.0,,1007.9,66.0,30.0,1007.9,66.0,False,,,
INM00043057,BOMBAY / COLABA,2024-10-12 09:00:00,18.9,72.8167,11.0,31.5,23.9,,1006.0,64.0,31.5,1006.0,64.0,False,,,
INM00043057,BOMBAY / COLABA,2024-10-12 12:00:00,18.9,72.8167,11.0,28.2,24.8,,1006.2,82.0,28.2,1006.2,82.0,False,,,
INM00043057,BOMBAY / COLABA,2024-10-13 03:00:00,18.9,72.8167,11.0,27.4,25.1,,1010.2,87.0,27.4,1010.2,87.0,False,,,
INM00043057,BOMBAY / COLABA,2024-10-13 06:00:00,18.9,72.8167,11.0,31.2,24.7,,1009.3,68.0,31.2,1009.3,68.0,False,,,
INM00043057,BOMBAY / COLABA,2024-10-13 09:00:00,18.9,72.8167,11.0,31.6,24.8,,1006.3,67.0,31.6,1006.3,67.0,False,,,
INM00043057,BOMBAY / COLABA,2024-10-13 12:00:00,18.9,72.8167,11.0,30.0,25.5,,1005.5,77.0,30.0,1005.5,77.0,False,,,
INM00043057,BOMBAY / COLABA,2024-10-13 15:00:00,18.9,72.8167,11.0,26.7,24.8,,1009.6,89.0,26.7,1009.6,89.0,False,,,
INM00043057,BOMBAY / COLABA,2024-10-14 00:00:00,18.9,72.8167,11.0,25.6,23.9,,1008.9,90.0,25.6,1008.9,90.0,False,,,
INM00043057,BOMBAY / COLABA,2024-10-14 03:00:00,18.9,72.8167,11.0,25.8,23.2,,1010.0,86.0,25.8,1010.0,86.0,False,,,
INM00043057,BOMBAY / COLABA,2024-10-14 06:00:00,18.9,72.8167,11.0,30.5,23.8,,1009.5,67.0,30.5,1009.5,67.0,False,,,
INM00043057,BOMBAY / COLABA,2024-10-14 09:00:00,18.9,72.8167,11.0,32.0,24.0,,1006.9,63.0,32.0,1006.9,63.0,False,,,
INM00043057,BOMBAY / COLABA,2024-10-14 12:00:00,18.9,72.8167,11.0,29.4,24.5,,1007.2,75.0,29.4,1007.2,75.0,False,,,
INM00043057,BOMBAY / COLABA,2024-10-15 03:00:00,18.9,72.8167,11.0,26.0,23.4,,1010.7,86.0,26.0,1010.7,86.0,False,,,
INM00043057,BOMBAY / COLABA,2024-10-15 06:00:00,18.9,72.8167,11.0,28.6,23.1,,1010.7,72.0,28.6,1010.7,72.0,False,,,
INM00043057,BOMBAY / COLABA,2024-10-15 12:00:00,18.9,72.8167,11.0,29.4,23.3,,1007.5,70.0,29.4,1007.5,70.0,False,,,
INM00043057,BOMBAY / COLABA,2024-10-15 15:00:00,18.9,72.8167,11.0,27.5,23.9,,1009.7,81.0,27.5,1009.7,81.0,False,,,
INM00043057,BOMBAY / COLABA,2024-10-16 00:00:00,18.9,72.8167,11.0,26.6,23.7,,1008.4,84.0,26.6,1008.4,84.0,False,,,
INM00043057,BOMBAY / COLABA,2024-10-16 03:00:00,18.9,72.8167,11.0,26.6,24.0,,1009.5,86.0,26.6,1009.5,86.0,False,,,
INM00043057,BOMBAY / COLABA,2024-10-16 06:00:00,18.9,72.8167,11.0,28.2,24.8,,1010.1,82.0,28.2,1010.1,82.0,False,,,
INM00043057,BOMBAY / COLABA,2024-10-16 09:00:00,18.9,72.8167,11.0,30.0,25.2,,1007.0,75.0,30.0,1007.0,75.0,False,,,
INM00043057,BOMBAY / COLABA,2024-10-16 12:00:00,18.9,72.8167,11.0,29.5,25.1,,1006.9,77.0,29.5,1006.9,77.0,False,,,
INM00043057,BOMBAY / COLABA,2024-10-16 15:00:00,18.9,72.8167,11.0,4.538730227861208,25.9,,1008.6,83.0,29.0,1008.6,83.0,True,spike,33,temperature
INM00043057,BOMBAY / COLABA,2024-10-17 03:00:00,18.9,72.8167,11.0,27.7,25.5,,1009.7,88.0,27.7,1009.7,88.0,False,,,
INM00043057,BOMBAY / COLABA,2024-10-17 06:00:00,18.9,72.8167,11.0,29.2,24.7,,1009.6,77.0,29.2,1009.6,77.0,False,,,
INM00043057,BOMBAY / COLABA,2024-10-17 12:00:00,18.9,72.8167,11.0,29.7,25.6,,1005.2,79.0,29.7,1005.2,79.0,False,,,
INM00043057,BOMBAY / COLABA,2024-10-18 03:00:00,18.9,72.8167,11.0,29.2,26.0,,1008.0,83.0,29.2,1008.0,83.0,False,,,
INM00043057,BOMBAY / COLABA,2024-10-18 06:00:00,18.9,72.8167,11.0,31.5,26.7,,1008.3,76.0,31.5,1008.3,76.0,False,,,
INM00043057,BOMBAY / COLABA,2024-10-18 12:00:00,18.9,72.8167,11.0,30.0,25.5,,1006.7,77.0,30.0,1006.7,77.0,False,,,
INM00043057,BOMBAY / COLABA,2024-10-18 15:00:00,18.9,72.8167,11.0,27.0,25.3,,1009.1,90.0,27.0,1009.1,90.0,False,,,
INM00043057,BOMBAY / COLABA,2024-10-19 00:00:00,18.9,72.8167,11.0,26.0,24.0,,1008.5,89.0,26.0,1008.5,89.0,False,,,
INM00043057,BOMBAY / COLABA,2024-10-19 03:00:00,18.9,72.8167,11.0,26.2,24.2,,1010.7,89.0,26.2,1010.7,89.0,False,,,
INM00043057,BOMBAY / COLABA,2024-10-19 06:00:00,18.9,72.8167,11.0,30.5,24.4,,1011.0,70.0,30.5,1011.0,70.0,False,,,
INM00043057,BOMBAY / COLABA,2024-10-19 09:00:00,18.9,72.8167,11.0,31.0,25.1,,1008.8,71.0,31.0,1008.8,71.0,False,,,
INM00043057,BOMBAY / COLABA,2024-10-19 12:00:00,18.9,72.8167,11.0,29.6,25.4,,1007.9,78.0,29.6,1007.9,78.0,False,,,
INM00043057,BOMBAY / COLABA,2024-10-20 03:00:00,18.9,72.8167,11.0,27.4,25.1,,1011.9,87.0,27.4,1011.9,87.0,False,,,
INM00043057,BOMBAY / COLABA,2024-10-20 06:00:00,18.9,72.8167,11.0,32.0,23.3,,1011.8,60.0,32.0,1011.8,60.0,False,,,
INM00043057,BOMBAY / COLABA,2024-10-20 09:00:00,18.9,72.8167,11.0,32.7,23.0,,1008.8,57.0,32.7,1008.8,57.0,False,,,
INM00043057,BOMBAY / COLABA,2024-10-20 12:00:00,18.9,72.8167,11.0,30.5,24.1,,1008.8,69.0,30.5,1008.8,69.0,False,,,
INM00043057,BOMBAY / COLABA,2024-10-20 15:00:00,18.9,72.8167,11.0,29.0,24.1,,1012.3,75.0,29.0,1012.3,75.0,False,,,
INM00043057,BOMBAY / COLABA,2024-10-21 00:00:00,18.9,72.8167,11.0,26.0,23.4,,1009.8,75.0,26.0,1009.8,86.0,False,,,
INM00043057,BOMBAY / COLABA,2024-10-21 03:00:00,18.9,72.8167,11.0,26.0,23.7,,1011.9,75.0,26.0,1011.9,87.0,False,,,
INM00043057,BOMBAY / COLABA,2024-10-21 06:00:00,18.9,72.8167,11.0,31.5,21.0,,1011.7,75.0,31.5,1011.7,54.0,False,,,
INM00043057,BOMBAY / COLABA,2024-10-21 09:00:00,18.9,72.8167,11.0,32.5,22.5,,1008.5,75.0,32.5,1008.5,56.0,False,,,
INM00043057,BOMBAY / COLABA,2024-10-21 12:00:00,18.9,72.8167,11.0,30.5,22.8,,1008.0,75.0,30.5,1008.0,63.0,True,drift,17,relative_humidity
INM00043057,BOMBAY / COLABA,2024-10-21 15:00:00,18.9,72.8167,11.0,29.0,23.8,,1010.7,75.0,29.0,1010.7,74.0,True,drift,17,relative_humidity
INM00043057,BOMBAY / COLABA,2024-10-22 03:00:00,18.9,72.8167,11.0,27.4,24.2,,1012.5,75.0,27.4,1012.5,83.0,True,drift,17,relative_humidity
INM00043057,BOMBAY / COLABA,2024-10-22 06:00:00,18.9,72.8167,11.0,33.0,23.2,,1011.5,75.0,33.0,1011.5,56.0,True,drift,17,relative_humidity
INM00043057,BOMBAY / COLABA,2024-10-22 09:00:00,18.9,72.8167,11.0,33.4,22.7,,1008.8,75.0,33.4,1008.8,53.0,True,drift,17,relative_humidity
INM00043057,BOMBAY / COLABA,2024-10-22 12:00:00,18.9,72.8167,11.0,31.6,26.3,,1008.5,75.0,31.6,1008.5,74.0,True,drift,17,relative_humidity
INM00043057,BOMBAY / COLABA,2024-10-22 15:00:00,18.9,72.8167,11.0,30.0,25.8,,1010.6,75.0,30.0,1010.6,78.0,True,drift,17,relative_humidity
INM00043057,BOMBAY / COLABA,2024-10-23 03:00:00,18.9,72.8167,11.0,27.4,24.2,,1012.4,75.0,27.4,1012.4,83.0,True,drift,17,relative_humidity
INM00043057,BOMBAY / COLABA,2024-10-23 06:00:00,18.9,72.8167,11.0,31.5,24.3,,1012.5,75.0,31.5,1012.5,66.0,True,drift,17,relative_humidity
INM00043057,BOMBAY / COLABA,2024-10-23 09:00:00,18.9,72.8167,11.0,32.6,25.6,,1008.2,75.0,32.6,1008.2,67.0,True,drift,17,relative_humidity
INM00043057,BOMBAY / COLABA,2024-10-23 12:00:00,18.9,72.8167,11.0,31.6,26.9,,1007.8,82.80906305276696,31.6,1007.8,76.0,True,drift,17,relative_humidity
INM00043057,BOMBAY / COLABA,2024-10-23 15:00:00,18.9,72.8167,11.0,30.5,26.5,,1009.6,86.48996935804365,30.5,1009.6,79.0,True,drift,17,relative_humidity
INM00043057,BOMBAY / COLABA,2024-10-24 03:00:00,18.9,72.8167,11.0,27.8,24.6,,1011.8,91.17087566332034,27.8,1011.8,83.0,True,drift,17,relative_humidity
INM00043057,BOMBAY / COLABA,2024-10-24 06:00:00,18.9,72.8167,11.0,32.0,22.0,,1011.4,63.85178196859704,32.0,1011.4,55.0,True,drift,17,relative_humidity
INM00043057,BOMBAY / COLABA,2024-10-24 09:00:00,18.9,72.8167,11.0,33.4,23.0,,1008.4,63.53268827387373,33.4,1008.4,54.0,True,drift,17,relative_humidity
INM00043057,BOMBAY / COLABA,2024-10-24 12:00:00,18.9,72.8167,11.0,31.6,23.5,,1007.9,72.21359457915042,31.6,1007.9,62.0,True,drift,17,relative_humidity
INM00043057,BOMBAY / COLABA,2024-10-25 00:00:00,18.9,72.8167,11.0,27.6,24.1,,1008.8,91.89450088442712,27.6,1008.8,81.0,True,drift,17,relative_humidity
INM00043057,BOMBAY / COLABA,2024-10-25 03:00:00,18.9,72.8167,11.0,27.2,24.3,,1011.4,95.57540718970381,27.2,1011.4,84.0,True,drift,17,relative_humidity
INM00043057,BOMBAY / COLABA,2024-10-25 06:00:00,18.9,72.8167,11.0,31.7,21.1,,1011.1,65.25631349498052,31.7,1011.1,53.0,True,drift,17,relative_humidity
INM00043057,BOMBAY / COLABA,2024-10-25 09:00:00,18.9,72.8167,11.0,32.6,22.1,,1009.4,66.93721980025721,32.6,1009.4,54.0,True,drift,17,relative_humidity
INM00043057,BOMBAY / COLABA,2024-10-25 12:00:00,18.9,72.8167,11.0,30.5,22.2,,1008.2,74.6181261055339,30.5,1008.2,61.0,True,drift,17,relative_humidity
INM00043057,BOMBAY / COLABA,2024-10-26 03:00:00,18.9,72.8167,11.0,26.4,22.6,,1012.2,94.2990324108106,26.4,1012.2,80.0,True,drift,17,relative_humidity
INM00043057,BOMBAY / COLABA,2024-10-26 06:00:00,18.9,72.8167,11.0,31.5,18.1,,1011.4,59.97993871608729,31.5,1011.4,45.0,True,drift,17,relative_humidity
INM00043057,BOMBAY / COLABA,2024-10-26 09:00:00,18.9,72.8167,11.0,32.6,20.0,,1008.0,62.66084502136399,32.6,1008.0,47.0,True,drift,17,relative_humidity
INM00043057,BOMBAY / COLABA,2024-10-26 12:00:00,18.9,72.8167,11.0,30.5,20.5,,1008.0,71.34175132664069,30.5,1008.0,55.0,True,drift,17,relative_humidity
INM00043057,BOMBAY / COLABA,2024-10-26 15:00:00,18.9,72.8167,11.0,30.0,21.7,,1009.8,78.02265763191738,30.0,1009.8,61.0,True,drift,17,relative_humidity
INM00043057,BOMBAY / COLABA,2024-10-27 00:00:00,18.9,72.8167,11.0,26.0,22.8,,1009.2,100.70356393719408,26.0,1009.2,83.0,True,drift,17,relative_humidity
INM00043057,BOMBAY / COLABA,2024-10-27 03:00:00,18.9,72.8167,11.0,26.2,23.2,,1011.3,102.38447024247077,26.2,1011.3,84.0,True,drift,17,relative_humidity
INM00043057,BOMBAY / COLABA,2024-10-27 06:00:00,18.9,72.8167,11.0,30.5,22.8,,1010.6,82.06537654774746,30.5,1010.6,63.0,True,drift,17,relative_humidity
INM00043057,BOMBAY / COLABA,2024-10-27 09:00:00,18.9,72.8167,11.0,31.8,21.4,,1006.8,73.74628285302416,31.8,1006.8,54.0,True,drift,17,relative_humidity
INM00043057,BOMBAY / COLABA,2024-10-27 12:00:00,18.9,72.8167,11.0,30.7,22.0,,1006.6,80.42718915830085,30.7,1006.6,60.0,True,drift,17,relative_humidity
INM00043057,BOMBAY / COLABA,2024-10-28 03:00:00,18.9,72.8167,11.0,27.4,25.1,,1009.5,87.0,27.4,1009.5,87.0,False,,,
INM00043057,BOMBAY / COLABA,2024-10-28 06:00:00,18.9,72.8167,11.0,30.5,22.8,,1008.9,63.0,30.5,1008.9,63.0,False,,,
INM00043057,BOMBAY / COLABA,2024-10-28 09:00:00,18.9,72.8167,11.0,32.0,25.2,,1005.9,67.0,32.0,1005.9,67.0,False,,,
INM00043057,BOMBAY / COLABA,2024-10-28 12:00:00,18.9,72.8167,11.0,30.4,25.3,,1005.8,74.0,30.4,1005.8,74.0,False,,,
INM00043057,BOMBAY / COLABA,2024-10-29 03:00:00,18.9,72.8167,11.0,27.2,25.5,,1010.5,90.0,27.2,1010.5,90.0,False,,,
INM00043057,BOMBAY / COLABA,2024-10-29 06:00:00,18.9,72.8167,11.0,31.0,26.6,,1010.3,77.0,31.0,1010.3,77.0,False,,,
INM00043057,BOMBAY / COLABA,2024-10-29 09:00:00,18.9,72.8167,11.0,31.4,25.2,,1008.0,70.0,31.4,1008.0,70.0,False,,,
INM00043057,BOMBAY / COLABA,2024-10-29 12:00:00,18.9,72.8167,11.0,30.5,24.7,,1007.5,71.0,30.5,1007.5,71.0,False,,,
INM00043057,BOMBAY / COLABA,2024-10-30 03:00:00,18.9,72.8167,11.0,27.7,25.5,,1010.7,88.0,27.7,1010.7,88.0,False,,,
INM00043057,BOMBAY / COLABA,2024-10-30 09:00:00,18.9,72.8167,11.0,32.5,24.4,,1008.5,62.0,32.5,1008.5,62.0,False,,,
INM00043057,BOMBAY / COLABA,2024-10-30 12:00:00,18.9,72.8167,11.0,30.6,25.5,,1008.3,74.0,30.6,1008.3,74.0,False,,,
INM00043057,BOMBAY / COLABA,2024-10-31 03:00:00,18.9,72.8167,11.0,28.5,26.2,,1011.3,87.0,28.5,1011.3,87.0,False,,,
INM00043057,BOMBAY / COLABA,2024-10-31 06:00:00,18.9,72.8167,11.0,32.0,23.3,,1011.5,60.0,32.0,1011.5,60.0,False,,,
INM00043057,BOMBAY / COLABA,2024-10-31 12:00:00,18.9,72.8167,11.0,31.5,22.7,,1008.1,60.0,31.5,1008.1,60.0,False,,,
INM00043057,BOMBAY / COLABA,2024-11-01 03:00:00,18.9,72.8167,11.0,28.4,25.3,,1012.9,83.0,28.4,1012.9,83.0,False,,,
INM00043057,BOMBAY / COLABA,2024-11-01 06:00:00,18.9,72.8167,11.0,31.5,25.5,,1013.3,71.0,31.5,1013.3,71.0,False,,,
INM00043057,BOMBAY / COLABA,2024-11-01 09:00:00,18.9,72.8167,11.0,32.0,25.8,,1010.7,70.0,32.0,1010.7,70.0,False,,,
INM00043057,BOMBAY / COLABA,2024-11-01 12:00:00,18.9,72.8167,11.0,30.5,24.7,,1010.0,71.0,30.5,1010.0,71.0,False,,,
INM00043057,BOMBAY / COLABA,2024-11-02 03:00:00,18.9,72.8167,11.0,28.2,25.9,,1013.2,87.0,28.2,1013.2,87.0,False,,,
INM00043057,BOMBAY / COLABA,2024-11-02 06:00:00,18.9,72.8167,11.0,32.6,21.4,,1013.0,52.0,32.6,1013.0,52.0,False,,,
INM00043057,BOMBAY / COLABA,2024-11-02 09:00:00,18.9,72.8167,11.0,33.6,22.9,,1010.3,53.0,33.6,1010.3,53.0,False,,,
INM00043057,BOMBAY / COLABA,2024-11-02 12:00:00,18.9,72.8167,11.0,31.5,23.3,,1009.7,62.0,31.5,1009.7,62.0,False,,,
INM00043057,BOMBAY / COLABA,2024-11-03 03:00:00,18.9,72.8167,11.0,27.2,23.1,,1012.9,78.0,27.2,1012.9,78.0,False,,,
INM00043057,BOMBAY / COLABA,2024-11-03 06:00:00,18.9,72.8167,11.0,33.0,19.7,,1012.8,45.0,33.0,1012.8,45.0,False,,,
INM00043057,BOMBAY / COLABA,2024-11-03 09:00:00,18.9,72.8167,11.0,34.0,20.6,,1010.0,45.0,34.0,1010.0,45.0,False,,,
INM00043057,BOMBAY / COLABA,2024-11-03 12:00:00,18.9,72.8167,11.0,31.0,21.9,,1010.1,58.0,31.0,1010.1,58.0,False,,,
INM00043057,BOMBAY / COLABA,2024-11-03 15:00:00,18.9,72.8167,11.0,30.5,23.5,,1011.2,66.0,30.5,1011.2,66.0,False,,,
INM00043057,BOMBAY / COLABA,2024-11-04 00:00:00,18.9,72.8167,11.0,27.5,24.2,,1010.3,82.0,27.5,1010.3,82.0,False,,,
INM00043057,BOMBAY / COLABA,2024-11-04 03:00:00,18.9,72.8167,11.0,27.4,23.5,,1012.1,79.0,27.4,1012.1,79.0,False,,,
INM00043057,BOMBAY / COLABA,2024-11-04 06:00:00,18.9,72.8167,11.0,31.6,21.2,,1012.3,54.0,31.6,1012.3,54.0,False,,,
INM00043057,BOMBAY / COLABA,2024-11-04 09:00:00,18.9,72.8167,11.0,33.7,16.5,,1009.0,36.0,33.7,1009.0,36.0,False,,,
INM00043057,BOMBAY / COLABA,2024-11-04 12:00:00,18.9,72.8167,11.0,32.5,20.8,,1008.7,50.0,32.5,1008.7,50.0,False,,,
INM00043057,BOMBAY / COLABA,2024-11-04 15:00:00,18.9,72.8167,11.0,29.7,22.8,,1010.3,66.0,29.7,1010.3,66.0,False,,,
INM00043057,BOMBAY / COLABA,2024-11-05 00:00:00,18.9,72.8167,11.0,27.5,20.8,,1010.7,67.0,27.5,1010.7,67.0,False,,,
INM00043057,BOMBAY / COLABA,2024-11-05 03:00:00,18.9,72.8167,11.0,27.4,23.3,,1012.9,78.0,27.4,1012.9,78.0,False,,,
INM00043057,BOMBAY / COLABA,2024-11-05 09:00:00,18.9,72.8167,11.0,34.5,23.0,,1009.8,51.0,34.5,1009.8,51.0,False,,,
INM00043057,BOMBAY / COLABA,2024-11-05 12:00:00,18.9,72.8167,11.0,31.6,20.5,,1009.8,52.0,31.6,1009.8,52.0,False,,,
INM00043057,BOMBAY / COLABA,2024-11-06 03:00:00,18.9,72.8167,11.0,27.0,23.5,,1014.2,81.0,27.0,1014.2,81.0,False,,,
INM00043057,BOMBAY / COLABA,2024-11-06 06:00:00,18.9,72.8167,11.0,32.5,24.1,,1013.8,61.0,32.5,1013.8,61.0,False,,,
INM00043057,BOMBAY / COLABA,2024-11-06 09:00:00,18.9,72.8167,11.0,34.2,19.0,,1010.9,41.0,34.2,1010.9,41.0,False,,,
INM00043057,BOMBAY / COLABA,2024-11-06 12:00:00,18.9,72.8167,11.0,33.6,24.2,,1010.1,58.0,33.6,1010.1,58.0,False,,,
INM00043057,BOMBAY / COLABA,2024-11-07 03:00:00,18.9,72.8167,11.0,26.4,20.0,,1014.0,68.0,26.4,1014.0,68.0,False,,,
INM00043057,BOMBAY / COLABA,2024-11-07 06:00:00,18.9,72.8167,11.0,31.6,19.8,,1013.5,50.0,31.6,1013.5,50.0,False,,,
INM00043057,BOMBAY / COLABA,2024-11-07 09:00:00,18.9,72.8167,11.0,34.5,16.1,,1010.4,33.0,34.5,1010.4,33.0,False,,,
INM00043057,BOMBAY / COLABA,2024-11-07 12:00:00,18.9,72.8167,11.0,31.5,19.6,,1010.1,49.0,31.5,1010.1,49.0,False,,,
INM00043057,BOMBAY / COLABA,2024-11-08 00:00:00,18.9,72.8167,11.0,26.5,22.2,,1011.1,77.0,26.5,1011.1,77.0,False,,,
INM00043057,BOMBAY / COLABA,2024-11-08 03:00:00,18.9,72.8167,11.0,26.4,22.2,,1013.8,78.0,26.4,1013.8,78.0,False,,,
INM00043057,BOMBAY / COLABA,2024-11-08 06:00:00,18.9,72.8167,11.0,31.5,20.6,,1013.0,52.0,31.5,1013.0,52.0,False,,,
INM00043057,BOMBAY / COLABA,2024-11-08 09:00:00,18.9,72.8167,11.0,33.6,17.4,,1009.9,38.0,33.6,1009.9,38.0,False,,,
INM00043057,BOMBAY / COLABA,2024-11-08 12:00:00,18.9,72.8167,11.0,31.0,20.1,,1009.6,52.0,31.0,1009.6,52.0,False,,,
INM00043057,BOMBAY / COLABA,2024-11-08 15:00:00,18.9,72.8167,11.0,29.5,21.7,,1011.8,63.0,29.5,1011.8,63.0,False,,,
INM00043057,BOMBAY / COLABA,2024-11-09 00:00:00,18.9,72.8167,11.0,26.0,22.1,,1011.3,79.0,26.0,1011.3,79.0,False,,,
INM00043057,BOMBAY / COLABA,2024-11-09 03:00:00,18.9,72.8167,11.0,26.0,22.1,,1014.0,79.0,26.0,1014.0,79.0,False,,,
INM00043057,BOMBAY / COLABA,2024-11-09 06:00:00,18.9,72.8167,11.0,31.0,20.5,,1013.2,54.0,31.0,1013.2,54.0,False,,,
INM00043057,BOMBAY / COLABA,2024-11-09 09:00:00,18.9,72.8167,11.0,33.4,13.7,,1009.9,30.0,33.4,1009.9,30.0,False,,,
INM00043057,BOMBAY / COLABA,2024-11-09 12:00:00,18.9,72.8167,11.0,31.0,15.1,,1010.1,38.0,31.0,1010.1,38.0,False,,,
INM00043057,BOMBAY / COLABA,2024-11-10 00:00:00,18.9,72.8167,11.0,26.0,20.8,,1011.5,73.0,26.0,1011.5,73.0,False,,,
INM00043057,BOMBAY / COLABA,2024-11-10 03:00:00,18.9,72.8167,11.0,26.0,21.5,,1014.0,76.0,26.0,1014.0,76.0,False,,,
INM00043057,BOMBAY / COLABA,2024-11-10 06:00:00,18.9,72.8167,11.0,31.5,19.9,,1013.6,50.0,31.5,1013.6,50.0,False,,,
INM00043057,BOMBAY / COLABA,2024-11-10 09:00:00,18.9,72.8167,11.0,33.0,13.6,,1010.4,31.0,33.0,1010.4,31.0,False,,,
INM00043057,BOMBAY / COLABA,2024-11-10 12:00:00,18.9,72.8167,11.0,31.5,12.6,,1010.0,31.0,31.5,1010.0,31.0,False,,,
INM00043057,BOMBAY / COLABA,2024-11-11 03:00:00,18.9,72.8167,11.0,25.4,20.2,,1014.3,73.0,25.4,1014.3,73.0,False,,,
INM00043057,BOMBAY / COLABA,2024-11-11 06:00:00,18.9,72.8167,11.0,30.5,21.2,,1013.3,58.0,30.5,1013.3,58.0,False,,,
INM00043057,BOMBAY / COLABA,2024-11-11 09:00:00,18.9,72.8167,11.0,32.5,16.6,,1009.7,38.0,32.5,1009.7,38.0,False,,,
INM00043057,BOMBAY / COLABA,2024-11-11 12:00:00,18.9,72.8167,11.0,30.5,16.0,,1009.4,42.0,30.5,1009.4,42.0,False,,,
INM00043057,BOMBAY / COLABA,2024-11-12 03:00:00,18.9,72.8167,11.0,25.4,20.2,,1013.3,73.0,25.4,1013.3,73.0,False,,,
INM00043057,BOMBAY / COLABA,2024-11-12 06:00:00,18.9,72.8167,11.0,30.7,20.3,,1012.7,54.0,30.7,1012.7,54.0,False,,,
INM00043057,BOMBAY / COLABA,2024-11-12 09:00:00,18.9,72.8167,11.0,32.8,16.8,,1009.3,38.0,32.8,1009.3,38.0,False,,,
INM00043057,BOMBAY / COLABA,2024-11-12 12:00:00,18.9,72.8167,11.0,30.5,16.8,,1008.6,44.0,30.5,1008.6,44.0,False,,,
INM00043057,BOMBAY / COLABA,2024-11-12 15:00:00,18.9,72.8167,11.0,29.2,21.1,,1010.6,62.0,29.2,1010.6,62.0,False,,,
INM00043057,BOMBAY / COLABA,2024-11-13 03:00:00,18.9,72.8167,11.0,25.4,18.8,,1011.2,67.0,25.4,1011.2,67.0,False,,,
INM00043057,BOMBAY / COLABA,2024-11-13 06:00:00,18.9,72.8167,11.0,30.6,19.3,,1010.8,51.0,30.6,1010.8,51.0,False,,,
INM00043057,BOMBAY / COLABA,2024-11-13 09:00:00,18.9,72.8167,11.0,33.0,16.6,,1007.5,37.0,33.0,1007.5,37.0,False,,,
INM00043057,BOMBAY / COLABA,2024-11-13 12:00:00,18.9,72.8167,11.0,30.5,17.6,,1007.5,46.0,30.5,1007.5,46.0,False,,,
INM00043057,BOMBAY / COLABA,2024-11-14 03:00:00,18.9,72.8167,11.0,25.6,19.7,,1011.9,70.0,25.6,1011.9,70.0,False,,,
INM00043057,BOMBAY / COLABA,2024-11-14 06:00:00,18.9,72.8167,11.0,32.2,20.9,,1012.0,51.0,32.2,1012.0,51.0,False,,,
INM00043057,BOMBAY / COLABA,2024-11-14 09:00:00,18.9,72.8167,11.0,33.6,17.4,,1009.4,38.0,33.6,1009.4,38.0,False,,,
INM00043057,BOMBAY / COLABA,2024-11-14 12:00:00,18.9,72.8167,11.0,31.0,22.2,,1008.8,59.0,31.0,1008.8,59.0,False,,,
INM00043057,BOMBAY / COLABA,2024-11-14 15:00:00,18.9,72.8167,11.0,28.7,20.7,,1011.0,62.0,28.7,1011.0,62.0,False,,,
INM00043057,BOMBAY / COLABA,2024-11-15 00:00:00,18.9,72.8167,11.0,26.2,19.4,,1010.2,66.0,26.2,1010.2,66.0,False,,,
INM00043057,BOMBAY / COLABA,2024-11-15 03:00:00,18.9,72.8167,11.0,26.4,20.6,,1013.1,71.0,26.4,1013.1,71.0,False,,,
INM00043057,BOMBAY / COLABA,2024-11-15 06:00:00,18.9,72.8167,11.0,28.5,22.2,,1013.7,69.0,28.5,1013.7,69.0,False,,,
INM00043057,BOMBAY / COLABA,2024-11-15 09:00:00,18.9,72.8167,11.0,30.4,23.5,,1010.7,67.0,30.4,1010.7,67.0,False,,,
INM00043057,BOMBAY / COLABA,2024-11-15 12:00:00,18.9,72.8167,11.0,29.5,24.2,,1010.1,73.0,29.5,1010.1,73.0,False,,,
INM00043057,BOMBAY / COLABA,2024-11-15 15:00:00,18.9,72.8167,11.0,28.0,23.9,,1011.7,78.0,28.0,1011.7,78.0,False,,,
INM00043057,BOMBAY / COLABA,2024-11-16 00:00:00,18.9,72.8167,11.0,25.7,20.6,,1010.1,74.0,25.7,1010.1,74.0,False,,,
INM00043057,BOMBAY / COLABA,2024-11-16 03:00:00,18.9,72.8167,11.0,25.4,20.5,,1012.4,74.0,25.4,1012.4,74.0,False,,,
INM00043057,BOMBAY / COLABA,2024-11-16 06:00:00,18.9,72.8167,11.0,29.5,23.6,,1011.9,71.0,29.5,1011.9,71.0,False,,,
INM00043057,BOMBAY / COLABA,2024-11-16 09:00:00,18.9,72.8167,11.0,32.4,19.7,,1008.8,47.0,32.4,1008.8,47.0,False,,,
INM00043057,BOMBAY / COLABA,2024-11-16 12:00:00,18.9,72.8167,11.0,30.0,24.0,,1008.5,70.0,30.0,1008.5,70.0,False,,,
INM00043057,BOMBAY / COLABA,2024-11-17 00:00:00,18.9,72.8167,11.0,28.0,24.3,,1009.3,80.0,28.0,1009.3,80.0,False,,,
INM00043057,BOMBAY / COLABA,2024-11-17 03:00:00,18.9,72.8167,11.0,27.6,24.4,,1011.0,83.0,27.6,1011.0,83.0,False,,,
INM00043057,BOMBAY / COLABA,2024-11-17 06:00:00,18.9,72.8167,11.0,31.5,21.0,,1011.6,54.0,31.5,1011.6,54.0,True,frozen,19,relative_humidity
INM00043057,BOMBAY / COLABA,2024-11-17 09:00:00,18.9,72.8167,11.0,33.6,17.0,,1008.9,54.0,33.6,1008.9,37.0,True,frozen,19,relative_humidity
INM00043057,BOMBAY / COLABA,2024-11-17 12:00:00,18.9,72.8167,11.0,30.6,22.7,,1008.8,54.0,30.6,1008.8,63.0,True,frozen,19,relative_humidity
INM00043057,BOMBAY / COLABA,2024-11-17 15:00:00,18.9,72.8167,11.0,28.6,23.7,,1010.4,54.0,28.6,1010.4,75.0,True,frozen,19,relative_humidity
INM00043057,BOMBAY / COLABA,2024-11-18 03:00:00,18.9,72.8167,11.0,26.0,21.5,,1012.6,54.0,26.0,1012.6,76.0,True,frozen,19,relative_humidity
INM00043057,BOMBAY / COLABA,2024-11-18 06:00:00,18.9,72.8167,11.0,32.2,20.9,,1012.7,54.0,32.2,1012.7,51.0,True,frozen,19,relative_humidity
INM00043057,BOMBAY / COLABA,2024-11-18 09:00:00,18.9,72.8167,11.0,33.0,15.8,,1009.5,54.0,33.0,1009.5,36.0,True,frozen,19,relative_humidity
INM00043057,BOMBAY / COLABA,2024-11-18 12:00:00,18.9,72.8167,11.0,29.5,20.3,,1009.5,54.0,29.5,1009.5,58.0,True,frozen,19,relative_humidity
INM00043057,BOMBAY / COLABA,2024-11-19 03:00:00,18.9,72.8167,11.0,25.6,17.6,,1014.2,54.0,25.6,1014.2,61.0,True,frozen,19,relative_humidity
INM00043057,BOMBAY / COLABA,2024-11-19 06:00:00,18.9,72.8167,11.0,31.0,18.3,,1014.0,47.0,31.0,1014.0,47.0,False,,,
INM00043057,BOMBAY / COLABA,2024-11-19 12:00:00,18.9,72.8167,11.0,29.7,18.3,,1010.4,50.0,29.7,1010.4,50.0,False,,,
INM00043057,BOMBAY / COLABA,2024-11-20 03:00:00,18.9,72.8167,11.0,25.0,17.7,,1014.2,64.0,25.0,1014.2,64.0,False,,,
INM00043057,BOMBAY / COLABA,2024-11-20 06:00:00,18.9,72.8167,11.0,30.0,15.8,,1013.4,42.0,30.0,1013.4,42.0,False,,,
INM00043057,BOMBAY / COLABA,2024-11-20 09:00:00,18.9,72.8167,11.0,31.0,12.0,,1010.3,31.0,31.0,1010.3,31.0,False,,,
INM00043057,BOMBAY / COLABA,2024-11-20 12:00:00,18.9,72.8167,11.0,28.0,14.0,,1010.1,42.0,28.0,1010.1,42.0,False,,,
INM00043057,BOMBAY / COLABA,2024-11-21 03:00:00,18.9,72.8167,11.0,23.4,18.3,,1013.3,73.0,23.4,1013.3,73.0,False,,,
INM00043057,BOMBAY / COLABA,2024-11-21 06:00:00,18.9,72.8167,11.0,30.0,19.6,,1013.1,54.0,30.0,1013.1,54.0,False,,,
INM00043057,BOMBAY / COLABA,2024-11-21 09:00:00,18.9,72.8167,11.0,31.0,16.8,,1010.2,42.0,31.0,1010.2,42.0,False,,,
INM00043057,BOMBAY / COLABA,2024-11-21 12:00:00,18.9,72.8167,11.0,29.2,17.6,,1010.3,50.0,29.2,1010.3,50.0,False,,,
INM00043057,BOMBAY / COLABA,2024-11-21 15:00:00,18.9,72.8167,11.0,27.5,19.7,,1012.4,63.0,27.5,1012.4,63.0,False,,,
INM00043057,BOMBAY / COLABA,2024-11-22 03:00:00,18.9,72.8167,11.0,24.4,20.1,,1012.8,77.0,24.4,1012.8,77.0,False,,,
INM00043057,BOMBAY / COLABA,2024-11-22 06:00:00,18.9,72.8167,11.0,29.2,20.4,,1012.4,59.0,29.2,1012.4,59.0,False,,,
INM00043057,BOMBAY / COLABA,2024-11-22 09:00:00,18.9,72.8167,11.0,31.0,16.8,,1009.6,42.0,31.0,1009.6,42.0,False,,,
INM00043057,BOMBAY / COLABA,2024-11-22 12:00:00,18.9,72.8167,11.0,29.0,18.1,,1009.0,52.0,29.0,1009.0,52.0,False,,,
INM00043057,BOMBAY / COLABA,2024-11-22 15:00:00,18.9,72.8167,11.0,27.5,19.0,,1011.1,60.0,27.5,1011.1,60.0,False,,,
INM00043057,BOMBAY / COLABA,2024-11-23 00:00:00,18.9,72.8167,11.0,23.7,19.8,,1011.4,79.0,23.7,1011.4,79.0,False,,,
INM00043057,BOMBAY / COLABA,2024-11-23 03:00:00,18.9,72.8167,11.0,24.0,20.0,,1013.7,78.0,24.0,1013.7,78.0,False,,,
INM00043057,BOMBAY / COLABA,2024-11-23 06:00:00,18.9,72.8167,11.0,28.2,19.3,,1013.4,59.0,28.2,1013.4,59.0,False,,,
INM00043057,BOMBAY / COLABA,2024-11-23 09:00:00,18.9,72.8167,11.0,29.6,15.3,,1010.8,42.0,29.6,1010.8,42.0,False,,,
INM00043057,BOMBAY / COLABA,2024-11-23 12:00:00,18.9,72.8167,11.0,27.5,16.5,,1010.8,51.0,27.5,1010.8,51.0,False,,,
INM00043057,BOMBAY / COLABA,2024-11-24 03:00:00,18.9,72.8167,11.0,23.4,21.0,,1013.9,86.0,23.4,1013.9,86.0,False,,,
INM00043057,BOMBAY / COLABA,2024-11-24 06:00:00,18.9,72.8167,11.0,28.6,21.1,,1013.6,64.0,28.6,1013.6,64.0,False,,,
INM00043057,BOMBAY / COLABA,2024-11-24 09:00:00,18.9,72.8167,11.0,30.6,15.8,,1010.7,41.0,30.6,1010.7,41.0,False,,,
INM00043057,BOMBAY / COLABA,2024-11-24 12:00:00,18.9,72.8167,11.0,29.0,19.2,,1010.6,55.0,29.0,1010.6,55.0,False,,,
INM00043057,BOMBAY / COLABA,2024-11-24 15:00:00,18.9,72.8167,11.0,26.7,20.1,,1012.6,67.0,26.7,1012.6,67.0,False,,,
INM00043057,BOMBAY / COLABA,2024-11-25 00:00:00,18.9,72.8167,11.0,24.0,20.0,,1011.2,78.0,24.0,1011.2,78.0,False,,,
INM00043057,BOMBAY / COLABA,2024-11-25 03:00:00,18.9,72.8167,11.0,24.0,20.0,,1013.7,78.0,24.0,1013.7,78.0,False,,,
INM00043057,BOMBAY / COLABA,2024-11-25 06:00:00,18.9,72.8167,11.0,29.0,18.1,,1013.3,52.0,29.0,1013.3,52.0,False,,,
INM00043057,BOMBAY / COLABA,2024-11-25 09:00:00,18.9,72.8167,11.0,31.0,14.3,,1010.2,36.0,31.0,1010.2,36.0,False,,,
INM00043057,BOMBAY / COLABA,2024-11-25 12:00:00,18.9,72.8167,11.0,28.0,16.8,,1009.6,51.0,28.0,1009.6,51.0,False,,,
INM00043057,BOMBAY / COLABA,2024-11-25 15:00:00,18.9,72.8167,11.0,27.0,18.9,,1012.0,61.0,27.0,1012.0,61.0,False,,,
INM00043057,BOMBAY / COLABA,2024-11-26 00:00:00,18.9,72.8167,11.0,23.6,17.1,,1011.3,67.0,23.6,1011.3,67.0,False,,,
INM00043057,BOMBAY / COLABA,2024-11-26 03:00:00,18.9,72.8167,11.0,24.0,16.9,,1013.7,65.0,24.0,1013.7,65.0,False,,,
INM00043057,BOMBAY / COLABA,2024-11-26 06:00:00,18.9,72.8167,11.0,29.5,17.4,,1013.2,48.0,29.5,1013.2,48.0,False,,,
INM00043057,BOMBAY / COLABA,2024-11-26 09:00:00,18.9,72.8167,11.0,31.2,10.8,,1009.6,28.0,31.2,1009.6,28.0,False,,,
INM00043057,BOMBAY / COLABA,2024-11-26 12:00:00,18.9,72.8167,11.0,28.5,15.4,,1009.4,45.0,28.5,1009.4,45.0,False,,,
INM00043057,BOMBAY / COLABA,2024-11-26 15:00:00,18.9,72.8167,11.0,26.7,17.2,,1011.6,56.0,26.7,1011.6,56.0,False,,,
INM00043057,BOMBAY / COLABA,2024-11-27 03:00:00,18.9,72.8167,11.0,23.0,15.7,,1012.8,64.0,23.0,1012.8,64.0,False,,,
INM00043057,BOMBAY / COLABA,2024-11-27 06:00:00,18.9,72.8167,11.0,30.0,16.6,,1012.0,44.0,30.0,1012.0,44.0,False,,,
INM00043057,BOMBAY / COLABA,2024-11-27 12:00:00,18.9,72.8167,11.0,28.0,14.4,,1008.6,43.0,28.0,1008.6,43.0,False,,,
INM00043057,BOMBAY / COLABA,2024-11-27 15:00:00,18.9,72.8167,11.0,27.0,16.7,,1011.2,53.0,27.0,1011.2,53.0,False,,,
INM00043057,BOMBAY / COLABA,2024-11-28 00:00:00,18.9,72.8167,11.0,24.6,16.1,,1010.5,59.0,24.6,1010.5,59.0,False,,,
INM00043057,BOMBAY / COLABA,2024-11-28 03:00:00,18.9,72.8167,11.0,23.4,15.8,,1013.1,62.0,23.4,1013.1,62.0,False,,,
INM00043057,BOMBAY / COLABA,2024-11-28 06:00:00,18.9,72.8167,11.0,29.0,15.7,,1013.3,44.0,29.0,1013.3,44.0,False,,,
INM00043057,BOMBAY / COLABA,2024-11-28 09:00:00,18.9,72.8167,11.0,31.5,10.6,,1009.1,28.0,31.5,1009.1,28.0,False,,,
INM00043057,BOMBAY / COLABA,2024-11-28 12:00:00,18.9,72.8167,11.0,29.6,9.2,,1008.4,28.0,29.6,1008.4,28.0,False,,,
INM00043057,BOMBAY / COLABA,2024-11-29 03:00:00,18.9,72.8167,11.0,22.4,11.8,,1013.3,51.0,22.4,1013.3,51.0,False,,,
INM00043057,BOMBAY / COLABA,2024-11-29 06:00:00,18.9,72.8167,11.0,29.2,15.2,,1012.8,43.0,29.2,1012.8,43.0,False,,,
INM00043057,BOMBAY / COLABA,2024-11-29 12:00:00,18.9,72.8167,11.0,28.0,12.7,,1009.0,39.0,28.0,1009.0,39.0,False,,,
INM00043057,BOMBAY / COLABA,2024-11-29 15:00:00,18.9,72.8167,11.0,26.0,15.5,,1010.8,52.0,26.0,1010.8,52.0,False,,,
INM00043057,BOMBAY / COLABA,2024-11-30 00:00:00,18.9,72.8167,11.0,22.0,11.7,,1009.5,52.0,22.0,1009.5,52.0,False,,,
INM00043057,BOMBAY / COLABA,2024-11-30 03:00:00,18.9,72.8167,11.0,22.0,12.5,,1011.3,55.0,22.0,1011.3,55.0,False,,,
INM00043057,BOMBAY / COLABA,2024-11-30 06:00:00,18.9,72.8167,11.0,29.2,15.2,,1011.2,43.0,29.2,1011.2,43.0,False,,,
INM00043057,BOMBAY / COLABA,2024-11-30 09:00:00,18.9,72.8167,11.0,29.0,14.9,,1007.7,42.0,29.0,1007.7,42.0,False,,,
INM00043057,BOMBAY / COLABA,2024-11-30 12:00:00,18.9,72.8167,11.0,26.5,16.0,,1007.5,53.0,26.5,1007.5,53.0,False,,,
INM00043057,BOMBAY / COLABA,2024-11-30 15:00:00,18.9,72.8167,11.0,25.5,17.1,,1009.5,60.0,25.5,1009.5,60.0,False,,,
INM00043057,BOMBAY / COLABA,2024-12-01 00:00:00,18.9,72.8167,11.0,22.5,15.8,,1008.6,66.0,22.5,1008.6,66.0,False,,,
INM00043057,BOMBAY / COLABA,2024-12-01 03:00:00,18.9,72.8167,11.0,22.5,16.9,,1009.9,71.0,22.5,1009.9,71.0,False,,,
INM00043057,BOMBAY / COLABA,2024-12-01 09:00:00,18.9,72.8167,11.0,29.2,17.6,,1006.1,50.0,29.2,1006.1,50.0,False,,,
INM00043057,BOMBAY / COLABA,2024-12-01 12:00:00,18.9,72.8167,11.0,28.0,21.1,,1005.7,66.0,28.0,1005.7,66.0,False,,,
INM00043057,BOMBAY / COLABA,2024-12-01 15:00:00,18.9,72.8167,11.0,26.5,21.0,,1007.6,72.0,26.5,1007.6,72.0,False,,,
INM00043057,BOMBAY / COLABA,2024-12-02 00:00:00,18.9,72.8167,11.0,23.6,19.6,,1006.1,78.0,23.6,1006.1,78.0,False,,,
INM00043057,BOMBAY / COLABA,2024-12-02 03:00:00,18.9,72.8167,11.0,23.8,19.1,,1009.1,75.0,23.8,1009.1,75.0,False,,,
INM00043057,BOMBAY / COLABA,2024-12-02 09:00:00,18.9,72.8167,11.0,32.0,21.0,,1006.2,52.0,32.0,1006.2,52.0,False,,,
INM00043057,BOMBAY / COLABA,2024-12-02 12:00:00,18.9,72.8167,11.0,29.5,20.3,,1005.9,58.0,29.5,1005.9,58.0,False,,,
INM00043057,BOMBAY / COLABA,2024-12-02 15:00:00,18.9,72.8167,11.0,28.5,20.5,,1007.9,62.0,28.5,1007.9,62.0,False,,,
INM00043057,BOMBAY / COLABA,2024-12-03 00:00:00,18.9,72.8167,11.0,26.0,22.4,,1007.5,81.0,26.0,1007.5,81.0,False,,,
INM00043057,BOMBAY / COLABA,2024-12-03 03:00:00,18.9,72.8167,11.0,25.4,19.9,,1010.2,72.0,25.4,1010.2,72.0,False,,,
INM00043057,BOMBAY / COLABA,2024-12-03 06:00:00,18.9,72.8167,11.0,31.6,21.9,,1010.5,56.0,31.6,1010.5,56.0,False,,,
INM00043057,BOMBAY / COLABA,2024-12-03 09:00:00,18.9,72.8167,11.0,30.6,22.4,,1008.2,62.0,30.6,1008.2,62.0,False,,,
INM00043057,BOMBAY / COLABA,2024-12-03 12:00:00,18.9,72.8167,11.0,28.6,23.1,,1007.5,72.0,28.6,1007.5,72.0,False,,,
INM00043057,BOMBAY / COLABA,2024-12-04 00:00:00,18.9,72.8167,11.0,27.5,23.9,,1008.3,81.0,27.5,1008.3,81.0,False,,,
INM00043057,BOMBAY / COLABA,2024-12-04 03:00:00,18.9,72.8167,11.0,27.2,23.7,,1011.2,81.0,27.2,1011.2,81.0,False,,,
INM00043057,BOMBAY / COLABA,2024-12-04 06:00:00,18.9,72.8167,11.0,32.7,25.2,,1011.0,65.0,32.7,1011.0,65.0,False,,,
INM00043057,BOMBAY / COLABA,2024-12-04 12:00:00,18.9,72.8167,11.0,30.2,25.4,,1008.4,76.0,30.2,1008.4,76.0,False,,,
INM00043057,BOMBAY / COLABA,2024-12-05 03:00:00,18.9,72.8167,11.0,27.0,25.0,,1011.9,89.0,27.0,1011.9,89.0,False,,,
INM00043057,BOMBAY / COLABA,2024-12-05 06:00:00,18.9,72.8167,11.0,31.5,25.5,,1012.3,71.0,31.5,1012.3,71.0,False,,,
INM00043057,BOMBAY / COLABA,2024-12-05 09:00:00,18.9,72.8167,11.0,32.6,25.6,,1009.1,67.0,32.6,1009.1,67.0,False,,,
INM00043057,BOMBAY / COLABA,2024-12-05 12:00:00,18.9,72.8167,11.0,30.0,26.7,,1009.2,83.0,30.0,1009.2,83.0,False,,,
INM00043057,BOMBAY / COLABA,2024-12-05 15:00:00,18.9,72.8167,11.0,28.5,25.3,,1011.4,83.0,28.5,1011.4,83.0,False,,,
INM00043057,BOMBAY / COLABA,2024-12-06 00:00:00,18.9,72.8167,11.0,26.7,25.1,,1010.4,91.0,26.7,1010.4,91.0,False,,,
INM00043057,BOMBAY / COLABA,2024-12-06 03:00:00,18.9,72.8167,11.0,26.6,24.9,,1012.5,90.0,26.6,1012.5,90.0,False,,,
INM00043057,BOMBAY / COLABA,2024-12-06 06:00:00,18.9,72.8167,11.0,31.2,25.0,,1012.2,70.0,31.2,1012.2,70.0,False,,,
INM00043057,BOMBAY / COLABA,2024-12-06 09:00:00,18.9,72.8167,11.0,30.0,24.3,,1009.0,72.0,30.0,1009.0,72.0,False,,,
INM00043057,BOMBAY / COLABA,2024-12-06 12:00:00,18.9,72.8167,11.0,29.0,24.1,,1008.3,75.0,29.0,1008.3,75.0,False,,,
INM00043057,BOMBAY / COLABA,2024-12-07 03:00:00,18.9,72.8167,11.0,24.4,19.8,,1011.8,76.0,24.4,1011.8,76.0,False,,,
INM00043057,BOMBAY / COLABA,2024-12-07 06:00:00,18.9,72.8167,11.0,29.2,19.4,,1011.4,56.0,29.2,1011.4,56.0,False,,,
INM00043057,BOMBAY / COLABA,2024-12-07 09:00:00,18.9,72.8167,11.0,29.7,17.6,,1009.2,48.0,29.7,1009.2,48.0,False,,,
INM00043057,BOMBAY / COLABA,2024-12-07 12:00:00,18.9,72.8167,11.0,27.5,15.3,,1009.2,47.0,27.5,1009.2,47.0,False,,,
INM00043057,BOMBAY / COLABA,2024-12-08 00:00:00,18.9,72.8167,11.0,23.6,13.3,,1010.0,53.0,23.6,1010.0,53.0,False,,,
INM00043057,BOMBAY / COLABA,2024-12-08 03:00:00,18.9,72.8167,11.0,22.2,13.6,,1012.7,58.0,22.2,1012.7,58.0,False,,,
INM00043057,BOMBAY / COLABA,2024-12-08 06:00:00,18.9,72.8167,11.0,28.5,13.7,,1012.9,40.0,28.5,1012.9,40.0,False,,,
INM00043057,BOMBAY / COLABA,2024-12-08 09:00:00,18.9,72.8167,11.0,28.2,12.5,,1009.9,38.0,28.2,1009.9,38.0,False,,,
INM00043057,BOMBAY / COLABA,2024-12-08 12:00:00,18.9,72.8167,11.0,26.6,13.4,,1009.2,44.0,26.6,1009.2,44.0,False,,,
INM00043057,BOMBAY / COLABA,2024-12-08 15:00:00,18.9,72.8167,11.0,25.0,12.6,,1011.1,46.0,25.0,1011.1,46.0,False,,,
INM00043057,BOMBAY / COLABA,2024-12-09 00:00:00,18.9,72.8167,11.0,20.6,7.9,,1011.0,44.0,20.6,1011.0,44.0,False,,,
INM00043057,BOMBAY / COLABA,2024-12-09 03:00:00,18.9,72.8167,11.0,20.8,7.7,,1013.1,43.0,20.8,1013.1,43.0,False,,,
INM00043057,BOMBAY / COLABA,2024-12-09 09:00:00,18.9,72.8167,11.0,27.5,8.5,,1009.5,30.0,27.5,1009.5,30.0,False,,,
INM00043057,BOMBAY / COLABA,2024-12-09 12:00:00,18.9,72.8167,11.0,26.2,13.7,,1009.4,46.0,26.2,1009.4,46.0,False,,,
INM00043057,BOMBAY / COLABA,2024-12-09 15:00:00,18.9,72.8167,11.0,25.0,11.7,,1011.3,43.0,25.0,1011.3,43.0,False,,,
INM00043057,BOMBAY / COLABA,2024-12-10 00:00:00,18.9,72.8167,11.0,22.5,9.9,,1009.9,45.0,22.5,1009.9,45.0,False,,,
INM00043057,BOMBAY / COLABA,2024-12-10 03:00:00,18.9,72.8167,11.0,23.0,10.8,,1012.0,46.0,23.0,1012.0,46.0,False,,,
INM00043057,BOMBAY / COLABA,2024-12-10 09:00:00,18.9,72.8167,11.0,29.0,14.5,,1009.6,41.0,29.0,1009.6,41.0,False,,,
INM00043057,BOMBAY / COLABA,2024-12-10 12:00:00,18.9,72.8167,11.0,26.6,17.0,,1009.5,56.0,26.6,1009.5,56.0,False,,,
INM00043057,BOMBAY / COLABA,2024-12-10 15:00:00,18.9,72.8167,11.0,25.5,18.1,,1011.5,64.0,25.5,1011.5,64.0,False,,,
INM00043057,BOMBAY / COLABA,2024-12-11 00:00:00,18.9,72.8167,11.0,23.7,17.4,,1010.6,68.0,23.7,1010.6,68.0,False,,,
INM00043057,BOMBAY / COLABA,2024-12-11 03:00:00,18.9,72.8167,11.0,23.5,16.9,,1012.9,67.0,23.5,1012.9,67.0,False,,,
INM00043057,BOMBAY / COLABA,2024-12-11 06:00:00,18.9,72.8167,11.0,30.2,18.4,,1012.8,49.0,30.2,1012.8,49.0,False,,,
INM00043057,BOMBAY / COLABA,2024-12-11 09:00:00,18.9,72.8167,11.0,32.4,15.8,,1010.2,37.0,32.4,1010.2,37.0,False,,,
INM00043057,BOMBAY / COLABA,2024-12-11 12:00:00,18.9,72.8167,11.0,27.6,21.3,,1009.8,69.0,27.6,1009.8,69.0,False,,,
INM00043057,BOMBAY / COLABA,2024-12-11 15:00:00,18.9,72.8167,11.0,26.0,20.2,,1011.7,70.0,26.0,1011.7,70.0,False,,,
INM00043057,BOMBAY / COLABA,2024-12-12 03:00:00,18.9,72.8167,11.0,23.4,19.0,,1012.5,76.0,23.4,1012.5,76.0,False,,,
INM00043057,BOMBAY / COLABA,2024-12-12 06:00:00,18.9,72.8167,11.0,29.6,17.3,,1013.3,48.0,29.6,1013.3,48.0,False,,,
INM00043057,BOMBAY / COLABA,2024-12-12 09:00:00,18.9,72.8167,11.0,28.8,17.1,,1010.4,49.0,28.8,1010.4,49.0,False,,,
INM00043057,BOMBAY / COLABA,2024-12-12 12:00:00,18.9,72.8167,11.0,26.6,19.2,,1009.9,64.0,26.6,1009.9,64.0,False,,,
INM00043057,BOMBAY / COLABA,2024-12-13 03:00:00,18.9,72.8167,11.0,23.0,16.8,,1013.4,68.0,23.0,1013.4,68.0,False,,,
INM00043057,BOMBAY / COLABA,2024-12-13 06:00:00,18.9,72.8167,11.0,28.7,16.7,,1013.5,48.0,28.7,1013.5,48.0,False,,,
INM00043057,BOMBAY / COLABA,2024-12-13 09:00:00,18.9,72.8167,11.0,31.2,12.3,,1010.3,31.0,31.2,1010.3,31.0,False,,,
INM00043057,BOMBAY / COLABA,2024-12-13 12:00:00,18.9,72.8167,11.0,27.2,17.0,,1009.8,54.0,27.2,1009.8,54.0,False,,,
INM00043057,BOMBAY / COLABA,2024-12-14 03:00:00,18.9,72.8167,11.0,22.6,14.5,,1014.1,60.0,22.6,1014.1,60.0,False,,,
INM00043057,BOMBAY / COLABA,2024-12-14 06:00:00,18.9,72.8167,11.0,28.0,16.0,,1014.6,48.0,28.0,1014.6,48.0,False,,,
INM00043057,BOMBAY / COLABA,2024-12-14 09:00:00,18.9,72.8167,11.0,30.6,10.3,,1011.1,28.0,30.6,1011.1,28.0,False,,,
INM00043057,BOMBAY / COLABA,2024-12-14 12:00:00,18.9,72.8167,11.0,29.0,11.3,,1010.6,33.0,29.0,1010.6,33.0,False,,,
INM00043057,BOMBAY / COLABA,2024-12-15 03:00:00,18.9,72.8167,11.0,23.0,12.5,,1014.9,52.0,23.0,1014.9,52.0,False,,,
INM00043057,BOMBAY / COLABA,2024-12-15 06:00:00,18.9,72.8167,11.0,28.5,15.0,,1015.6,44.0,28.5,1015.6,44.0,False,,,
INM00043057,BOMBAY / COLABA,2024-12-15 09:00:00,18.9,72.8167,11.0,31.6,10.4,,1011.9,27.0,31.6,1011.9,27.0,False,,,
INM00043057,BOMBAY / COLABA,2024-12-15 12:00:00,18.9,72.8167,11.0,28.5,15.8,,1011.5,46.0,28.5,1011.5,46.0,False,,,
INM00043057,BOMBAY / COLABA,2024-12-16 00:00:00,18.9,72.8167,11.0,21.5,14.2,,1012.1,63.0,21.5,1012.1,63.0,False,,,
INM00043057,BOMBAY / COLABA,2024-12-16 03:00:00,18.9,72.8167,11.0,21.0,15.3,,1014.6,70.0,21.0,1014.6,70.0,False,,,
INM00043057,BOMBAY / COLABA,2024-12-16 06:00:00,18.9,72.8167,11.0,28.7,14.7,,1014.5,42.0,28.7,1014.5,42.0,False,,,
INM00043057,BOMBAY / COLABA,2024-12-16 09:00:00,18.9,72.8167,11.0,31.0,5.9,,1011.1,21.0,31.0,1011.1,21.0,False,,,
INM00043057,BOMBAY / COLABA,2024-12-16 12:00:00,18.9,72.8167,11.0,27.0,15.6,,1010.2,50.0,27.0,1010.2,50.0,False,,,
INM00043057,BOMBAY / COLABA,2024-12-16 15:00:00,18.9,72.8167,11.0,25.0,16.2,,1011.7,58.0,25.0,1011.7,58.0,False,,,
INM00043057,BOMBAY / COLABA,2024-12-17 00:00:00,18.9,72.8167,11.0,21.0,17.1,,1011.6,79.0,21.0,1011.6,79.0,False,,,
INM00043057,BOMBAY / COLABA,2024-12-17 03:00:00,18.9,72.8167,11.0,20.4,16.4,,1013.5,78.0,20.4,1013.5,78.0,False,,,
INM00043057,BOMBAY / COLABA,2024-12-17 09:00:00,18.9,72.8167,11.0,29.5,11.9,,1009.9,34.0,29.5,1009.9,34.0,False,,,
INM00043057,BOMBAY / COLABA,2024-12-17 12:00:00,18.9,72.8167,11.0,26.2,16.1,,1009.2,54.0,26.2,1009.2,54.0,False,,,
INM00043057,BOMBAY / COLABA,2024-12-17 15:00:00,18.9,72.8167,11.0,24.0,18.0,,1010.9,69.0,24.0,1010.9,69.0,False,,,
INM00043057,BOMBAY / COLABA,2024-12-18 03:00:00,18.9,72.8167,11.0,20.0,16.4,,1012.4,80.0,20.0,1012.4,80.0,False,,,
INM00043057,BOMBAY / COLABA,2024-12-18 06:00:00,18.9,72.8167,11.0,26.7,18.3,,1011.7,60.0,26.7,1011.7,60.0,False,,,
INM00043057,BOMBAY / COLABA,2024-12-19 00:00:00,18.9,72.8167,11.0,22.0,18.8,,1009.6,82.0,22.0,1009.6,82.0,False,,,
INM00043057,BOMBAY / COLABA,2024-12-19 03:00:00,18.9,72.8167,11.0,21.0,18.1,,1011.6,84.0,21.0,1011.6,84.0,False,,,
INM00043057,BOMBAY / COLABA,2024-12-19 06:00:00,18.9,72.8167,11.0,25.6,18.7,,1012.1,66.0,25.6,1012.1,66.0,False,,,
INM00043057,BOMBAY / COLABA,2024-12-19 09:00:00,18.9,72.8167,11.0,28.6,17.9,,1009.3,52.0,28.6,1009.3,52.0,False,,,
INM00043057,BOMBAY / COLABA,2024-12-19 12:00:00,18.9,72.8167,11.0,26.5,17.9,,1008.4,59.0,26.5,1008.4,59.0,False,,,
INM00043057,BOMBAY / COLABA,2024-12-20 03:00:00,18.9,72.8167,11.0,21.4,19.5,,1012.2,89.0,21.4,1012.2,89.0,False,,,
INM00043057,BOMBAY / COLABA,2024-12-20 06:00:00,18.9,72.8167,11.0,26.2,22.0,,1012.4,78.0,26.2,1012.4,78.0,False,,,
INM00043057,BOMBAY / COLABA,2024-12-20 12:00:00,18.9,72.8167,11.0,25.6,20.4,,1008.8,73.0,25.6,1008.8,73.0,False,,,
INM00043057,BOMBAY / COLABA,2024-12-21 03:00:00,18.9,72.8167,11.0,21.7,19.9,,1011.9,90.0,21.7,1011.9,90.0,False,,,
INM00043057,BOMBAY / COLABA,2024-12-21 06:00:00,18.9,72.8167,11.0,26.0,20.5,,1012.3,72.0,26.0,1012.3,72.0,False,,,
INM00043057,BOMBAY / COLABA,2024-12-21 09:00:00,18.9,72.8167,11.0,27.8,19.2,,1009.3,60.0,27.8,1009.3,60.0,False,,,
INM00043057,BOMBAY / COLABA,2024-12-21 12:00:00,18.9,72.8167,11.0,26.7,18.3,,1009.7,60.0,26.7,1009.7,60.0,False,,,
INM00043057,BOMBAY / COLABA,2024-12-21 15:00:00,18.9,72.8167,11.0,24.6,19.3,,1012.2,72.0,24.6,1012.2,72.0,False,,,
INM00043057,BOMBAY / COLABA,2024-12-22 03:00:00,18.9,72.8167,11.0,22.6,20.4,,1012.6,87.0,22.6,1012.6,87.0,False,,,
INM00043057,BOMBAY / COLABA,2024-12-22 06:00:00,18.9,72.8167,11.0,27.5,22.4,,1012.9,74.0,27.5,1012.9,74.0,False,,,
INM00043057,BOMBAY / COLABA,2024-12-22 09:00:00,18.9,72.8167,11.0,29.0,20.6,,1010.0,61.0,29.0,1010.0,61.0,False,,,
INM00043057,BOMBAY / COLABA,2024-12-22 12:00:00,18.9,72.8167,11.0,27.7,20.5,,1009.9,65.0,27.7,1009.9,65.0,False,,,
INM00043057,BOMBAY / COLABA,2024-12-22 15:00:00,18.9,72.8167,11.0,26.2,19.4,,1011.7,66.0,26.2,1011.7,66.0,False,,,
INM00043057,BOMBAY / COLABA,2024-12-23 00:00:00,18.9,72.8167,11.0,24.0,21.3,,1010.8,85.0,24.0,1010.8,85.0,False,,,
INM00043057,BOMBAY / COLABA,2024-12-23 03:00:00,18.9,72.8167,11.0,23.8,21.4,,1012.9,86.0,23.8,1012.9,86.0,False,,,
INM00043057,BOMBAY / COLABA,2024-12-23 09:00:00,18.9,72.8167,11.0,27.6,21.0,,1010.5,67.0,27.6,1010.5,67.0,False,,,
INM00043057,BOMBAY / COLABA,2024-12-23 12:00:00,18.9,72.8167,11.0,26.2,20.7,,1010.6,72.0,26.2,1010.6,72.0,False,,,
INM00043057,BOMBAY / COLABA,2024-12-23 15:00:00,18.9,72.8167,11.0,25.6,19.1,,1012.4,67.0,25.6,1012.4,67.0,False,,,
INM00043057,BOMBAY / COLABA,2024-12-24 00:00:00,18.9,72.8167,11.0,22.7,17.3,,1010.9,72.0,22.7,1010.9,72.0,False,,,
INM00043057,BOMBAY / COLABA,2024-12-24 03:00:00,18.9,72.8167,11.0,22.4,16.9,,1013.0,71.0,22.4,1013.0,71.0,False,,,
INM00043057,BOMBAY / COLABA,2024-12-24 06:00:00,18.9,72.8167,11.0,27.0,18.9,,1013.4,61.0,27.0,1013.4,61.0,False,,,
INM00043057,BOMBAY / COLABA,2024-12-24 12:00:00,18.9,72.8167,11.0,25.5,17.4,,1010.7,61.0,25.5,1010.7,61.0,False,,,
INM00043057,BOMBAY / COLABA,2024-12-25 03:00:00,18.9,72.8167,11.0,21.0,15.7,,1013.9,72.0,21.0,1013.9,72.0,False,,,
INM00043057,BOMBAY / COLABA,2024-12-25 06:00:00,18.9,72.8167,11.0,26.2,16.9,,1014.3,57.0,26.2,1014.3,57.0,False,,,
INM00043057,BOMBAY / COLABA,2024-12-25 09:00:00,18.9,72.8167,11.0,28.4,18.8,,1011.3,56.0,28.4,1011.3,56.0,False,,,
INM00043057,BOMBAY / COLABA,2024-12-25 12:00:00,18.9,72.8167,11.0,26.2,19.4,,1011.2,66.0,26.2,1011.2,66.0,False,,,
INM00043057,BOMBAY / COLABA,2024-12-25 15:00:00,18.9,72.8167,11.0,25.5,20.8,,1014.0,75.0,25.5,1014.0,75.0,False,,,
INM00043057,BOMBAY / COLABA,2024-12-26 00:00:00,18.9,72.8167,11.0,24.0,14.2,,1013.4,54.0,24.0,1013.4,54.0,False,,,
INM00043057,BOMBAY / COLABA,2024-12-26 03:00:00,18.9,72.8167,11.0,24.0,17.2,,1015.5,66.0,24.0,1015.5,66.0,False,,,
INM00043057,BOMBAY / COLABA,2024-12-26 06:00:00,18.9,72.8167,11.0,27.2,19.2,,1016.7,62.0,27.2,1016.7,62.0,False,,,
INM00043057,BOMBAY / COLABA,2024-12-26 09:00:00,18.9,72.8167,11.0,27.6,20.3,,1013.7,64.0,27.6,1013.7,64.0,False,,,
INM00043057,BOMBAY / COLABA,2024-12-26 12:00:00,18.9,72.8167,11.0,26.7,22.7,,1013.3,79.0,26.7,1013.3,79.0,False,,,
INM00043057,BOMBAY / COLABA,2024-12-26 15:00:00,18.9,72.8167,11.0,25.5,20.8,,1015.3,75.0,25.5,1015.3,75.0,False,,,
INM00043057,BOMBAY / COLABA,2024-12-27 00:00:00,18.9,72.8167,11.0,22.7,15.5,,1013.8,64.0,22.7,1013.8,64.0,False,,,
INM00043057,BOMBAY / COLABA,2024-12-27 03:00:00,18.9,72.8167,11.0,23.4,18.0,,1016.0,72.0,23.4,1016.0,72.0,False,,,
INM00043057,BOMBAY / COLABA,2024-12-27 06:00:00,18.9,72.8167,11.0,29.0,18.1,,1016.4,52.0,29.0,1016.4,52.0,False,,,
INM00043057,BOMBAY / COLABA,2024-12-27 12:00:00,18.9,72.8167,11.0,26.0,23.1,,1013.0,84.0,26.0,1013.0,84.0,False,,,
INM00043057,BOMBAY / COLABA,2024-12-27 15:00:00,18.9,72.8167,11.0,25.5,22.1,,1015.3,82.0,25.5,1015.3,82.0,False,,,
INM00043057,BOMBAY / COLABA,2024-12-28 00:00:00,18.9,72.8167,11.0,24.6,19.0,,1013.7,71.0,24.6,1013.7,71.0,False,,,
INM00043057,BOMBAY / COLABA,2024-12-28 03:00:00,18.9,72.8167,11.0,24.2,19.5,,1016.0,75.0,24.2,1016.0,75.0,False,,,
INM00043057,BOMBAY / COLABA,2024-12-28 06:00:00,18.9,72.8167,11.0,27.6,20.0,,1016.3,63.0,27.6,1016.3,63.0,False,,,
INM00043057,BOMBAY / COLABA,2024-12-28 09:00:00,18.9,72.8167,11.0,28.0,20.4,,1013.1,63.0,28.0,1013.1,63.0,False,,,
INM00043057,BOMBAY / COLABA,2024-12-28 12:00:00,18.9,72.8167,11.0,26.5,21.6,,1013.0,75.0,26.5,1013.0,75.0,False,,,
INM00043057,BOMBAY / COLABA,2024-12-28 15:00:00,18.9,72.8167,11.0,25.5,22.1,,1014.6,82.0,25.5,1014.6,82.0,False,,,
INM00043057,BOMBAY / COLABA,2024-12-29 03:00:00,18.9,72.8167,11.0,23.0,19.6,,1015.7,81.0,23.0,1015.7,81.0,False,,,
INM00043057,BOMBAY / COLABA,2024-12-29 06:00:00,18.9,72.8167,11.0,28.0,21.8,,1015.8,69.0,28.0,1015.8,69.0,False,,,
INM00043057,BOMBAY / COLABA,2024-12-29 12:00:00,18.9,72.8167,11.0,27.2,21.8,,1012.9,72.0,27.2,1012.9,72.0,False,,,
INM00043057,BOMBAY / COLABA,2024-12-29 15:00:00,18.9,72.8167,11.0,26.0,20.2,,1015.2,70.0,26.0,1015.2,70.0,False,,,
INM00043057,BOMBAY / COLABA,2024-12-30 00:00:00,18.9,72.8167,11.0,23.5,17.6,,1013.2,70.0,23.5,1013.2,70.0,False,,,
INM00043057,BOMBAY / COLABA,2024-12-30 03:00:00,18.9,72.8167,11.0,24.0,19.7,,1015.4,77.0,24.0,1015.4,77.0,False,,,
INM00043057,BOMBAY / COLABA,2024-12-30 06:00:00,18.9,72.8167,11.0,29.7,22.5,,1015.8,65.0,29.7,1015.8,65.0,False,,,
INM00043057,BOMBAY / COLABA,2024-12-30 09:00:00,18.9,72.8167,11.0,31.0,21.5,,1013.0,57.0,31.0,1013.0,57.0,False,,,
INM00043057,BOMBAY / COLABA,2024-12-30 12:00:00,18.9,72.8167,11.0,28.0,23.0,,1012.7,74.0,28.0,1012.7,74.0,False,,,
INM00043057,BOMBAY / COLABA,2024-12-30 15:00:00,18.9,72.8167,11.0,26.2,22.0,,1014.8,78.0,26.2,1014.8,78.0,False,,,
INM00043057,BOMBAY / COLABA,2024-12-31 00:00:00,18.9,72.8167,11.0,23.7,21.4,,1013.7,87.0,23.7,1013.7,87.0,False,,,
INM00043057,BOMBAY / COLABA,2024-12-31 03:00:00,18.9,72.8167,11.0,24.0,21.3,,1015.6,85.0,24.0,1015.6,85.0,False,,,
INM00043057,BOMBAY / COLABA,2024-12-31 06:00:00,18.9,72.8167,11.0,30.0,20.7,,1016.5,57.0,30.0,1016.5,57.0,False,,,
INM00043057,BOMBAY / COLABA,2024-12-31 12:00:00,18.9,72.8167,11.0,27.7,21.5,,1013.1,69.0,27.7,1013.1,69.0,False,,,
INM00043057,BOMBAY / COLABA,2025-01-01 03:00:00,18.9,72.8167,11.0,23.6,20.5,,1014.8,83.0,23.6,1014.8,83.0,False,,,
INM00043057,BOMBAY / COLABA,2025-01-01 06:00:00,18.9,72.8167,11.0,28.7,21.0,,1015.4,63.0,28.7,1015.4,63.0,False,,,
INM00043057,BOMBAY / COLABA,2025-01-01 09:00:00,18.9,72.8167,11.0,31.0,20.1,,1012.2,52.0,31.0,1012.2,52.0,False,,,
INM00043057,BOMBAY / COLABA,2025-01-01 12:00:00,18.9,72.8167,11.0,28.0,23.3,,1011.2,76.0,28.0,1011.2,76.0,False,,,
INM00043057,BOMBAY / COLABA,2025-01-01 15:00:00,18.9,72.8167,11.0,26.7,20.4,,1013.4,68.0,26.7,1013.4,68.0,False,,,
INM00043057,BOMBAY / COLABA,2025-01-02 00:00:00,18.9,72.8167,11.0,23.5,19.3,,1012.4,77.0,23.5,1012.4,77.0,False,,,
INM00043057,BOMBAY / COLABA,2025-01-02 03:00:00,18.9,72.8167,11.0,23.0,18.9,,1014.4,78.0,23.0,1014.4,78.0,False,,,
INM00043057,BOMBAY / COLABA,2025-01-02 09:00:00,18.9,72.8167,11.0,31.2,20.0,,1012.1,51.0,31.2,1012.1,51.0,False,,,
INM00043057,BOMBAY / COLABA,2025-01-02 12:00:00,18.9,72.8167,11.0,28.5,20.2,,1011.5,61.0,28.5,1011.5,61.0,False,,,
INM00043057,BOMBAY / COLABA,2025-01-03 03:00:00,18.9,72.8167,11.0,23.2,17.4,,1015.2,70.0,23.2,1015.2,70.0,False,,,
INM00043057,BOMBAY / COLABA,2025-01-03 09:00:00,18.9,72.8167,11.0,32.2,9.8,,1012.1,25.0,32.2,1012.1,25.0,False,,,
INM00043057,BOMBAY / COLABA,2025-01-03 12:00:00,18.9,72.8167,11.0,29.0,16.5,,1011.0,47.0,29.0,1011.0,47.0,False,,,
INM00043057,BOMBAY / COLABA,2025-01-03 15:00:00,18.9,72.8167,11.0,26.7,18.0,,1012.3,59.0,26.7,1012.3,59.0,False,,,
INM00043057,BOMBAY / COLABA,2025-01-04 00:00:00,18.9,72.8167,11.0,22.0,18.8,,1011.8,82.0,22.0,1011.8,82.0,False,,,
INM00043057,BOMBAY / COLABA,2025-01-04 03:00:00,18.9,72.8167,11.0,21.2,16.6,,1013.9,75.0,21.2,1013.9,75.0,False,,,
INM00043057,BOMBAY / COLABA,2025-01-04 12:00:00,18.9,72.8167,11.0,27.2,16.2,,1010.3,51.0,27.2,1010.3,51.0,False,,,
INM00043057,BOMBAY / COLABA,2025-01-04 15:00:00,18.9,72.8167,11.0,25.5,19.5,,1012.5,70.0,25.5,1012.5,70.0,False,,,
INM00043057,BOMBAY / COLABA,2025-01-05 00:00:00,18.9,72.8167,11.0,22.5,18.3,,1011.1,77.0,22.5,1011.1,77.0,False,,,
INM00043057,BOMBAY / COLABA,2025-01-05 03:00:00,18.9,72.8167,11.0,22.4,18.6,,1013.4,79.0,22.4,1013.4,79.0,False,,,
INM00043057,BOMBAY / COLABA,2025-01-05 06:00:00,18.9,72.8167,11.0,27.0,16.7,,1013.8,53.0,27.0,1013.8,53.0,False,,,
INM00043057,BOMBAY / COLABA,2025-01-05 09:00:00,18.9,72.8167,11.0,28.2,17.8,,1010.7,53.0,28.2,1010.7,53.0,False,,,
INM00043057,BOMBAY / COLABA,2025-01-05 12:00:00,18.9,72.8167,11.0,25.2,18.6,,1010.4,67.0,25.2,1010.4,67.0,False,,,
INM00043057,BOMBAY / COLABA,2025-01-05 15:00:00,18.9,72.8167,11.0,24.0,19.3,,1012.8,75.0,24.0,1012.8,75.0,False,,,
INM00043057,BOMBAY / COLABA,2025-01-06 00:00:00,18.9,72.8167,11.0,21.6,12.5,,1011.5,56.0,21.6,1011.5,56.0,False,,,
INM00043057,BOMBAY / COLABA,2025-01-06 03:00:00,18.9,72.8167,11.0,20.0,11.7,,1014.0,59.0,20.0,1014.0,59.0,False,,,
INM00043057,BOMBAY / COLABA,2025-01-06 06:00:00,18.9,72.8167,11.0,25.2,14.9,,1014.3,53.0,25.2,1014.3,53.0,False,,,
INM00043057,BOMBAY / COLABA,2025-01-06 09:00:00,18.9,72.8167,11.0,26.5,15.2,,1013.3,50.0,26.5,1013.3,50.0,False,,,
INM00043057,BOMBAY / COLABA,2025-01-06 12:00:00,18.9,72.8167,11.0,25.0,15.0,,1010.7,54.0,25.0,1010.7,54.0,False,,,
INM00043057,BOMBAY / COLABA,2025-01-07 00:00:00,18.9,72.8167,11.0,19.7,13.9,,1012.1,69.0,19.7,1012.1,69.0,False,,,
INM00043057,BOMBAY / COLABA,2025-01-07 03:00:00,18.9,72.8167,11.0,19.4,12.3,,1014.0,64.0,19.4,1014.0,64.0,False,,,
INM00043057,BOMBAY / COLABA,2025-01-07 09:00:00,18.9,72.8167,11.0,28.2,17.8,,1010.2,53.0,28.2,1010.2,53.0,False,,,
INM00043057,BOMBAY / COLABA,2025-01-07 12:00:00,18.9,72.8167,11.0,25.6,19.4,,1009.9,69.0,25.6,1009.9,69.0,False,,,
INM00043057,BOMBAY / COLABA,2025-01-08 03:00:00,18.9,72.8167,11.0,22.4,15.8,,1013.5,66.0,22.4,1013.5,66.0,False,,,
INM00043057,BOMBAY / COLABA,2025-01-08 06:00:00,18.9,72.8167,11.0,26.5,16.4,,1013.7,54.0,26.5,1013.7,54.0,False,,,
INM00043057,BOMBAY / COLABA,2025-01-08 09:00:00,18.9,72.8167,11.0,27.6,16.7,,1010.7,51.0,27.6,1010.7,51.0,False,,,
INM00043057,BOMBAY / COLABA,2025-01-08 12:00:00,18.9,72.8167,11.0,26.5,17.5,,1010.0,58.0,26.5,1010.0,58.0,False,,,
INM00043057,BOMBAY / COLABA,2025-01-08 15:00:00,18.9,72.8167,11.0,25.6,17.3,,1011.5,60.0,25.6,1011.5,60.0,False,,,
INM00043057,BOMBAY / COLABA,2025-01-09 00:00:00,18.9,72.8167,11.0,22.7,15.5,,1011.1,64.0,22.7,1011.1,64.0,False,,,
INM00043057,BOMBAY / COLABA,2025-01-09 03:00:00,18.9,72.8167,11.0,23.0,12.5,,1013.3,52.0,23.0,1013.3,52.0,False,,,
INM00043057,BOMBAY / COLABA,2025-01-09 06:00:00,18.9,72.8167,11.0,28.5,14.5,,1013.8,42.0,28.5,1013.8,42.0,False,,,
INM00043057,BOMBAY / COLABA,2025-01-09 09:00:00,18.9,72.8167,11.0,29.8,11.6,,1010.6,32.0,29.8,1010.6,32.0,False,,,
INM00043057,BOMBAY / COLABA,2025-01-09 12:00:00,18.9,72.8167,11.0,28.0,16.8,,1010.6,51.0,28.0,1010.6,51.0,False,,,
INM00043057,BOMBAY / COLABA,2025-01-09 15:00:00,18.9,72.8167,11.0,25.2,19.6,,1013.0,71.0,25.2,1013.0,71.0,False,,,
INM00043057,BOMBAY / COLABA,2025-01-10 00:00:00,18.9,72.8167,11.0,22.0,18.2,,1012.0,79.0,22.0,1012.0,79.0,False,,,
INM00043057,BOMBAY / COLABA,2025-01-10 03:00:00,18.9,72.8167,11.0,21.2,16.6,,1014.6,75.0,21.2,1014.6,75.0,False,,,
INM00043057,BOMBAY / COLABA,2025-01-10 09:00:00,18.9,72.8167,11.0,29.0,12.7,,1012.3,,29.0,1012.3,37.0,True,dropout,12,relative_humidity
INM00043057,BOMBAY / COLABA,2025-01-10 12:00:00,18.9,72.8167,11.0,27.5,15.3,,1011.6,,27.5,1011.6,47.0,True,dropout,12,relative_humidity
INM00043057,BOMBAY / COLABA,2025-01-10 15:00:00,18.9,72.8167,11.0,25.5,20.8,,1013.6,,25.5,1013.6,75.0,True,dropout,12,relative_humidity
INM00043057,BOMBAY / COLABA,2025-01-11 03:00:00,18.9,72.8167,11.0,22.0,18.8,,1015.4,,22.0,1015.4,82.0,True,dropout,12,relative_humidity
INM00043057,BOMBAY / COLABA,2025-01-11 12:00:00,18.9,72.8167,11.0,25.2,19.3,,1012.1,,25.2,1012.1,70.0,True,dropout,12,relative_humidity
INM00043057,BOMBAY / COLABA,2025-01-11 15:00:00,18.9,72.8167,11.0,24.0,18.7,,1013.8,,24.0,1013.8,72.0,True,dropout,12,relative_humidity
INM00043057,BOMBAY / COLABA,2025-01-12 00:00:00,18.9,72.8167,11.0,22.0,17.8,,1013.7,77.0,22.0,1013.7,77.0,False,,,
INM00043057,BOMBAY / COLABA,2025-01-12 03:00:00,18.9,72.8167,11.0,21.7,16.9,,1015.5,74.0,21.7,1015.5,74.0,False,,,
INM00043057,BOMBAY / COLABA,2025-01-12 06:00:00,18.9,72.8167,11.0,26.2,17.3,,1015.8,58.0,26.2,1015.8,58.0,False,,,
INM00043057,BOMBAY / COLABA,2025-01-12 09:00:00,18.9,72.8167,11.0,27.0,17.5,,1012.4,56.0,27.0,1012.4,56.0,False,,,
INM00043057,BOMBAY / COLABA,2025-01-12 12:00:00,18.9,72.8167,11.0,26.0,19.2,,1011.8,66.0,26.0,1011.8,66.0,False,,,
INM00043057,BOMBAY / COLABA,2025-01-12 15:00:00,18.9,72.8167,11.0,25.0,18.7,,1013.2,68.0,25.0,1013.2,68.0,False,,,
INM00043057,BOMBAY / COLABA,2025-01-13 03:00:00,18.9,72.8167,11.0,22.8,16.2,,1013.5,66.0,22.8,1013.5,66.0,False,,,
INM00043057,BOMBAY / COLABA,2025-01-13 06:00:00,18.9,72.8167,11.0,28.2,18.2,,1013.1,55.0,28.2,1013.1,55.0,False,,,
INM00043057,BOMBAY / COLABA,2025-01-13 09:00:00,18.9,72.8167,11.0,32.4,17.0,,1009.7,40.0,32.4,1009.7,40.0,False,,,
INM00043057,BOMBAY / COLABA,2025-01-13 12:00:00,18.9,72.8167,11.0,27.5,20.4,,1009.2,65.0,27.5,1009.2,65.0,False,,,
INM00043057,BOMBAY / COLABA,2025-01-14 03:00:00,18.9,72.8167,11.0,24.4,20.7,,1012.8,80.0,24.4,1012.8,80.0,False,,,
INM00043057,BOMBAY / COLABA,2025-01-14 06:00:00,18.9,72.8167,11.0,28.5,21.2,,1013.4,65.0,28.5,1013.4,65.0,False,,,
INM00043057,BOMBAY / COLABA,2025-01-14 09:00:00,18.9,72.8167,11.0,31.0,20.8,,1010.6,55.0,31.0,1010.6,55.0,False,,,
INM00043057,BOMBAY / COLABA,2025-01-14 12:00:00,18.9,72.8167,11.0,28.6,23.4,,1010.4,74.0,28.6,1010.4,74.0,False,,,
INM00043057,BOMBAY / COLABA,2025-01-14 15:00:00,18.9,72.8167,11.0,26.2,23.3,,1012.3,84.0,26.2,1012.3,84.0,False,,,
INM00043057,BOMBAY / COLABA,2025-01-15 00:00:00,18.9,72.8167,11.0,24.2,22.1,,1012.2,88.0,24.2,1012.2,88.0,False,,,
INM00043057,BOMBAY / COLABA,2025-01-15 03:00:00,18.9,72.8167,11.0,23.6,21.5,,1014.5,88.0,23.6,1014.5,88.0,False,,,
INM00043057,BOMBAY / COLABA,2025-01-15 06:00:00,18.9,72.8167,11.0,28.0,23.7,,1014.9,78.0,28.0,1014.9,78.0,False,,,
INM00043057,BOMBAY / COLABA,2025-01-15 09:00:00,18.9,72.8167,11.0,29.2,24.0,,1012.3,74.0,29.2,1012.3,74.0,False,,,
INM00043057,BOMBAY / COLABA,2025-01-15 12:00:00,18.9,72.8167,11.0,26.5,22.6,,1012.0,79.0,26.5,1012.0,79.0,False,,,
INM00043057,BOMBAY / COLABA,2025-01-16 03:00:00,18.9,72.8167,11.0,22.4,18.6,,1014.9,79.0,22.4,1014.9,79.0,False,,,
INM00043057,BOMBAY / COLABA,2025-01-16 06:00:00,18.9,72.8167,11.0,27.0,18.9,,1015.4,61.0,27.0,1015.4,61.0,False,,,
INM00043057,BOMBAY / COLABA,2025-01-16 09:00:00,18.9,72.8167,11.0,27.8,19.9,,1012.4,62.0,27.8,1012.4,62.0,False,,,
INM00043057,BOMBAY / COLABA,2025-01-16 12:00:00,18.9,72.8167,11.0,26.2,20.7,,1012.4,72.0,26.2,1012.4,72.0,False,,,
INM00043057,BOMBAY / COLABA,2025-01-16 15:00:00,18.9,72.8167,11.0,25.0,21.4,,1014.5,80.0,25.0,1014.5,80.0,False,,,
INM00043057,BOMBAY / COLABA,2025-01-17 00:00:00,18.9,72.8167,11.0,23.5,19.7,,1012.3,79.0,23.5,1012.3,79.0,False,,,
INM00043057,BOMBAY / COLABA,2025-01-17 03:00:00,18.9,72.8167,11.0,23.8,20.1,,1013.8,80.0,23.8,1013.8,80.0,False,,,
INM00043057,BOMBAY / COLABA,2025-01-17 06:00:00,18.9,72.8167,11.0,29.7,18.7,,1013.5,52.0,29.7,1013.5,52.0,False,,,
INM00043057,BOMBAY / COLABA,2025-01-17 12:00:00,18.9,72.8167,11.0,28.0,23.3,,1009.2,76.0,28.0,1009.2,76.0,False,,,
INM00043057,BOMBAY / COLABA,2025-01-18 03:00:00,18.9,72.8167,11.0,23.8,18.4,,1013.5,72.0,23.8,1013.5,72.0,False,,,
INM00043057,BOMBAY / COLABA,2025-01-18 06:00:00,18.9,72.8167,11.0,30.5,16.4,,1013.4,43.0,30.5,1013.4,43.0,False,,,
INM00043057,BOMBAY / COLABA,2025-01-18 09:00:00,18.9,72.8167,11.0,33.0,20.1,,1010.2,47.0,33.0,1010.2,47.0,False,,,
INM00043057,BOMBAY / COLABA,2025-01-18 12:00:00,18.9,72.8167,11.0,28.6,20.8,,1009.6,63.0,28.6,1009.6,63.0,False,,,
INM00043057,BOMBAY / COLABA,2025-01-18 15:00:00,18.9,72.8167,11.0,27.0,18.6,,1011.6,60.0,27.0,1011.6,60.0,False,,,
INM00043057,BOMBAY / COLABA,2025-01-19 00:00:00,18.9,72.8167,11.0,23.5,20.6,,1011.6,84.0,23.5,1011.6,84.0,False,,,
INM00043057,BOMBAY / COLABA,2025-01-19 03:00:00,18.9,72.8167,11.0,23.4,20.3,,1014.2,83.0,23.4,1014.2,83.0,False,,,
INM00043057,BOMBAY / COLABA,2025-01-19 06:00:00,18.9,72.8167,11.0,28.6,17.2,,1014.8,50.0,28.6,1014.8,50.0,False,,,
INM00043057,BOMBAY / COLABA,2025-01-19 09:00:00,18.9,72.8167,11.0,32.6,18.1,,1011.5,42.0,32.6,1011.5,42.0,False,,,
INM00043057,BOMBAY / COLABA,2025-01-19 12:00:00,18.9,72.8167,11.0,29.0,21.6,,1010.8,64.0,29.0,1010.8,64.0,False,,,
INM00043057,BOMBAY / COLABA,2025-01-19 15:00:00,18.9,72.8167,11.0,26.7,20.4,,1012.2,68.0,26.7,1012.2,68.0,False,,,
INM00043057,BOMBAY / COLABA,2025-01-20 00:00:00,18.9,72.8167,11.0,23.0,17.5,,1011.2,71.0,23.0,1011.2,71.0,False,,,
INM00043057,BOMBAY / COLABA,2025-01-20 03:00:00,18.9,72.8167,11.0,23.5,19.3,,1013.4,77.0,23.5,1013.4,77.0,False,,,
INM00043057,BOMBAY / COLABA,2025-01-20 06:00:00,18.9,72.8167,11.0,29.6,16.9,,1013.8,46.0,29.6,1013.8,46.0,False,,,
INM00043057,BOMBAY / COLABA,2025-01-20 09:00:00,18.9,72.8167,11.0,32.0,18.1,,1011.1,44.0,32.0,1011.1,44.0,False,,,
INM00043057,BOMBAY / COLABA,2025-01-20 12:00:00,18.9,72.8167,11.0,28.5,18.1,,1010.0,53.0,28.5,1010.0,53.0,False,,,
INM00043057,BOMBAY / COLABA,2025-01-21 03:00:00,18.9,72.8167,11.0,23.8,20.7,,1012.4,83.0,23.8,1012.4,83.0,False,,,
INM00043057,BOMBAY / COLABA,2025-01-21 06:00:00,18.9,72.8167,11.0,27.5,20.1,,1012.9,64.0,27.5,1012.9,64.0,False,,,
INM00043057,BOMBAY / COLABA,2025-01-21 09:00:00,18.9,72.8167,11.0,30.6,18.9,,1009.8,50.0,30.6,1009.8,50.0,False,,,
INM00043057,BOMBAY / COLABA,2025-01-21 12:00:00,18.9,72.8167,11.0,28.0,21.1,,1009.2,66.0,28.0,1009.2,66.0,False,,,
INM00043057,BOMBAY / COLABA,2025-01-22 03:00:00,18.9,72.8167,11.0,23.0,20.2,,1011.7,84.0,23.0,1011.7,84.0,False,,,
INM00043057,BOMBAY / COLABA,2025-01-22 06:00:00,18.9,72.8167,11.0,28.2,20.3,,1012.5,62.0,28.2,1012.5,62.0,False,,,
INM00043057,BOMBAY / COLABA,2025-01-22 09:00:00,18.9,72.8167,11.0,29.5,20.3,,1009.3,58.0,29.5,1009.3,58.0,False,,,
INM00043057,BOMBAY / COLABA,2025-01-22 12:00:00,18.9,72.8167,11.0,27.0,21.0,,1008.8,70.0,27.0,1008.8,70.0,False,,,
INM00043057,BOMBAY / COLABA,2025-01-22 15:00:00,18.9,72.8167,11.0,26.0,20.2,,1010.7,70.0,26.0,1010.7,70.0,False,,,
INM00043057,BOMBAY / COLABA,2025-01-23 00:00:00,18.9,72.8167,11.0,23.7,15.9,,1010.1,62.0,23.7,1010.1,62.0,False,,,
INM00043057,BOMBAY / COLABA,2025-01-23 03:00:00,18.9,72.8167,11.0,23.4,15.1,,1012.4,14.786783906884096,23.4,1012.4,60.0,True,spike,8,relative_humidity
INM00043057,BOMBAY / COLABA,2025-01-23 06:00:00,18.9,72.8167,11.0,26.6,14.2,,1012.8,47.0,26.6,1012.8,47.0,False,,,
INM00043057,BOMBAY / COLABA,2025-01-23 12:00:00,18.9,72.8167,11.0,26.4,18.2,,1008.7,61.0,26.4,1008.7,61.0,False,,,
INM00043057,BOMBAY / COLABA,2025-01-24 03:00:00,18.9,72.8167,11.0,21.6,14.8,,1010.5,65.0,21.6,1010.5,65.0,False,,,
INM00043057,BOMBAY / COLABA,2025-01-24 06:00:00,18.9,72.8167,11.0,29.0,16.5,,1011.0,47.0,29.0,1011.0,47.0,False,,,
INM00043057,BOMBAY / COLABA,2025-01-24 09:00:00,18.9,72.8167,11.0,29.8,21.1,,1008.3,60.0,29.8,1008.3,60.0,False,,,
INM00043057,BOMBAY / COLABA,2025-01-24 12:00:00,18.9,72.8167,11.0,27.5,20.4,,1008.7,65.0,27.5,1008.7,65.0,False,,,
INM00043057,BOMBAY / COLABA,2025-01-24 15:00:00,18.9,72.8167,11.0,26.6,20.9,,1010.4,71.0,26.6,1010.4,71.0,False,,,
INM00043057,BOMBAY / COLABA,2025-01-25 00:00:00,18.9,72.8167,11.0,24.0,21.6,,1009.3,87.0,24.0,1009.3,87.0,False,,,
INM00043057,BOMBAY / COLABA,2025-01-25 03:00:00,18.9,72.8167,11.0,24.0,21.0,,1011.8,83.0,24.0,1011.8,83.0,False,,,
INM00043057,BOMBAY / COLABA,2025-01-25 06:00:00,18.9,72.8167,11.0,29.5,18.9,,1012.4,99.77740515357831,29.5,1012.4,53.0,True,spike,4,relative_humidity
INM00043057,BOMBAY / COLABA,2025-01-25 09:00:00,18.9,72.8167,11.0,31.0,21.2,,1009.8,56.0,31.0,1009.8,56.0,False,,,
INM00043057,BOMBAY / COLABA,2025-01-25 12:00:00,18.9,72.8167,11.0,28.2,22.6,,1008.9,72.0,28.2,1008.9,72.0,False,,,
INM00043057,BOMBAY / COLABA,2025-01-25 15:00:00,18.9,72.8167,11.0,27.0,20.6,,1011.0,68.0,27.0,1011.0,68.0,False,,,
INM00043057,BOMBAY / COLABA,2025-01-26 00:00:00,18.9,72.8167,11.0,24.5,22.0,,1009.8,86.0,24.5,1009.8,86.0,False,,,
INM00043057,BOMBAY / COLABA,2025-01-26 03:00:00,18.9,72.8167,11.0,23.8,21.4,,1012.2,86.0,23.8,1012.2,86.0,False,,,
INM00043057,BOMBAY / COLABA,2025-01-26 09:00:00,18.9,72.8167,11.0,31.0,22.2,,1009.0,59.0,31.0,1009.0,59.0,False,,,
INM00043057,BOMBAY / COLABA,2025-01-26 12:00:00,18.9,72.8167,11.0,27.6,23.5,,1008.1,78.0,27.6,1008.1,78.0,False,,,
INM00043057,BOMBAY / COLABA,2025-01-26 15:00:00,18.9,72.8167,11.0,26.5,21.0,,1010.3,72.0,26.5,1010.3,72.0,False,,,
INM00043057,BOMBAY / COLABA,2025-01-27 00:00:00,18.9,72.8167,11.0,23.6,21.5,,1009.5,88.0,23.6,1009.5,88.0,False,,,
INM00043057,BOMBAY / COLABA,2025-01-27 03:00:00,18.9,72.8167,11.0,23.4,21.6,,1011.4,90.0,23.4,1011.4,90.0,False,,,
INM00043057,BOMBAY / COLABA,2025-01-27 09:00:00,18.9,72.8167,11.0,29.0,22.9,,1008.4,70.0,29.0,1008.4,70.0,False,,,
INM00043057,BOMBAY / COLABA,2025-01-27 12:00:00,18.9,72.8167,11.0,27.5,21.4,,1007.3,69.0,27.5,1007.3,69.0,False,,,
INM00043057,BOMBAY / COLABA,2025-01-27 15:00:00,18.9,72.8167,11.0,26.5,18.6,,1009.1,62.0,26.5,1009.1,62.0,False,,,
INM00043057,BOMBAY / COLABA,2025-01-28 00:00:00,18.9,72.8167,11.0,23.0,17.5,,1007.9,71.0,23.0,1007.9,71.0,False,,,
INM00043057,BOMBAY / COLABA,2025-01-28 03:00:00,18.9,72.8167,11.0,22.8,19.4,,1010.5,81.0,22.8,1010.5,81.0,False,,,
INM00043057,BOMBAY / COLABA,2025-01-28 06:00:00,18.9,72.8167,11.0,28.7,20.3,,1011.6,60.0,28.7,1011.6,60.0,False,,,
INM00043057,BOMBAY / COLABA,2025-01-28 09:00:00,18.9,72.8167,11.0,28.0,20.4,,1009.5,63.0,28.0,1009.5,63.0,False,,,
INM00043057,BOMBAY / COLABA,2025-01-28 12:00:00,18.9,72.8167,11.0,27.2,21.8,,1009.1,72.0,27.2,1009.1,72.0,False,,,
INM00043057,BOMBAY / COLABA,2025-01-29 03:00:00,18.9,72.8167,11.0,21.4,18.5,,1013.3,84.0,21.4,1013.3,84.0,False,,,
INM00043057,BOMBAY / COLABA,2025-01-29 06:00:00,18.9,72.8167,11.0,27.7,16.6,,1014.4,51.0,27.7,1014.4,51.0,False,,,
INM00043057,BOMBAY / COLABA,2025-01-29 12:00:00,18.9,72.8167,11.0,27.0,20.6,,1010.1,68.0,27.0,1010.1,68.0,False,,,
INM00043057,BOMBAY / COLABA,2025-01-30 03:00:00,18.9,72.8167,11.0,23.0,19.2,,1011.8,79.0,23.0,1011.8,79.0,False,,,
INM00043057,BOMBAY / COLABA,2025-01-30 06:00:00,18.9,72.8167,11.0,27.5,19.0,,1013.0,60.0,27.5,1013.0,60.0,False,,,
INM00043057,BOMBAY / COLABA,2025-01-30 09:00:00,18.9,72.8167,11.0,28.4,19.5,,1009.8,59.0,28.4,1009.8,59.0,False,,,
INM00043057,BOMBAY / COLABA,2025-01-30 12:00:00,18.9,72.8167,11.0,27.2,15.0,,1008.4,47.0,27.2,1008.4,47.0,False,,,
INM00043057,BOMBAY / COLABA,2025-01-30 15:00:00,18.9,72.8167,11.0,25.7,16.4,,1009.9,57.0,25.7,1009.9,57.0,False,,,
INM00043057,BOMBAY / COLABA,2025-01-31 00:00:00,18.9,72.8167,11.0,23.2,17.1,,1009.5,69.0,23.2,1009.5,69.0,False,,,
INM00043057,BOMBAY / COLABA,2025-01-31 03:00:00,18.9,72.8167,11.0,21.6,16.0,,1012.0,71.0,21.6,1012.0,71.0,False,,,
INM00043057,BOMBAY / COLABA,2025-01-31 06:00:00,18.9,72.8167,11.0,27.6,16.7,,1012.8,51.0,27.6,1012.8,51.0,False,,,
INM00043057,BOMBAY / COLABA,2025-01-31 12:00:00,18.9,72.8167,11.0,26.5,16.0,,1009.0,53.0,26.5,1009.0,53.0,False,,,
INM00043057,BOMBAY / COLABA,2025-02-01 03:00:00,18.9,72.8167,11.0,22.4,19.6,,1012.7,84.0,22.4,1012.7,84.0,False,,,
INM00043057,BOMBAY / COLABA,2025-02-01 06:00:00,18.9,72.8167,11.0,27.5,18.7,,1013.3,59.0,27.5,1013.3,59.0,False,,,
INM00043057,BOMBAY / COLABA,2025-02-01 09:00:00,18.9,72.8167,11.0,28.6,20.4,,1011.0,61.0,28.6,1011.0,61.0,False,,,
INM00043057,BOMBAY / COLABA,2025-02-01 12:00:00,18.9,72.8167,11.0,26.7,19.4,,1010.2,64.0,26.7,1010.2,64.0,False,,,
INM00043057,BOMBAY / COLABA,2025-02-01 15:00:00,18.9,72.8167,11.0,25.5,20.5,,1011.8,74.0,25.5,1011.8,74.0,False,,,
INM00043057,BOMBAY / COLABA,2025-02-02 00:00:00,18.9,72.8167,11.0,22.0,13.0,,1010.5,57.0,22.0,1010.5,57.0,False,,,
INM00043057,BOMBAY / COLABA,2025-02-02 03:00:00,18.9,72.8167,11.0,22.0,14.2,,1012.8,61.0,22.0,1012.8,61.0,False,,,
INM00043057,BOMBAY / COLABA,2025-02-02 06:00:00,18.9,72.8167,11.0,29.0,15.3,,1013.5,43.0,29.0,1013.5,43.0,False,,,
INM00043057,BOMBAY / COLABA,2025-02-02 09:00:00,18.9,72.8167,11.0,29.4,16.7,,1010.3,46.0,29.4,1010.3,46.0,False,,,
INM00043057,BOMBAY / COLABA,2025-02-02 12:00:00,18.9,72.8167,11.0,27.7,19.2,,1009.6,60.0,27.7,1009.6,60.0,False,,,
INM00043057,BOMBAY / COLABA,2025-02-02 15:00:00,18.9,72.8167,11.0,27.0,18.2,,1011.3,59.0,27.0,1011.3,59.0,False,,,
INM00043057,BOMBAY / COLABA,2025-02-03 00:00:00,18.9,72.8167,11.0,24.0,16.1,,1010.3,61.0,24.0,1010.3,61.0,False,,,
INM00043057,BOMBAY / COLABA,2025-02-03 03:00:00,18.9,72.8167,11.0,23.6,19.6,,1012.4,78.0,23.6,1012.4,78.0,False,,,
INM00043057,BOMBAY / COLABA,2025-02-03 09:00:00,18.9,72.8167,11.0,27.0,18.9,,1010.4,61.0,27.0,1010.4,61.0,False,,,
INM00043057,BOMBAY / COLABA,2025-02-03 12:00:00,18.9,72.8167,11.0,27.0,18.9,,1010.4,61.0,27.0,1010.4,61.0,False,,,
INM00043057,BOMBAY / COLABA,2025-02-03 15:00:00,18.9,72.8167,11.0,26.0,18.5,,1012.8,63.0,26.0,1012.8,63.0,False,,,
INM00043057,BOMBAY / COLABA,2025-02-04 00:00:00,18.9,72.8167,11.0,22.0,13.8,,1011.3,60.0,22.0,1011.3,60.0,False,,,
INM00043057,BOMBAY / COLABA,2025-02-04 03:00:00,18.9,72.8167,11.0,22.4,15.8,,1013.9,66.0,22.4,1013.9,66.0,False,,,
INM00043057,BOMBAY / COLABA,2025-02-04 09:00:00,18.9,72.8167,11.0,29.2,20.8,,1012.1,61.0,29.2,1012.1,61.0,False,,,
INM00043057,BOMBAY / COLABA,2025-02-04 12:00:00,18.9,72.8167,11.0,28.2,19.6,,1011.2,60.0,28.2,1011.2,60.0,False,,,
INM00043057,BOMBAY / COLABA,2025-02-04 15:00:00,18.9,72.8167,11.0,26.0,20.5,,1012.6,72.0,26.0,1012.6,72.0,False,,,
INM00043057,BOMBAY / COLABA,2025-02-05 00:00:00,18.9,72.8167,11.0,22.5,11.3,,1011.3,49.0,22.5,1011.3,49.0,False,,,
INM00043057,BOMBAY / COLABA,2025-02-05 03:00:00,18.9,72.8167,11.0,22.4,12.2,,1013.5,53.0,22.4,1013.5,53.0,False,,,
INM00043057,BOMBAY / COLABA,2025-02-05 06:00:00,18.9,72.8167,11.0,28.7,12.0,,1013.6,36.0,28.7,1013.6,36.0,False,,,
INM00043057,BOMBAY / COLABA,2025-02-05 12:00:00,18.9,72.8167,11.0,27.5,18.0,,1009.4,56.0,27.5,1009.4,56.0,False,,,
INM00043057,BOMBAY / COLABA,2025-02-06 00:00:00,18.9,72.8167,11.0,23.0,15.7,,1009.7,64.0,23.0,1009.7,64.0,False,,,
INM00043057,BOMBAY / COLABA,2025-02-06 03:00:00,18.9,72.8167,11.0,23.0,17.2,,1011.7,70.0,23.0,1011.7,70.0,False,,,
INM00043057,BOMBAY / COLABA,2025-02-06 06:00:00,18.9,72.8167,11.0,29.7,16.8,,1012.3,46.0,29.7,1012.3,46.0,False,,,
INM00043057,BOMBAY / COLABA,2025-02-06 12:00:00,18.9,72.8167,11.0,28.0,22.1,,1008.6,70.0,28.0,1008.6,70.0,False,,,
INM00043057,BOMBAY / COLABA,2025-02-07 03:00:00,18.9,72.8167,11.0,24.0,21.3,,1012.6,85.0,24.0,1012.6,85.0,False,,,
INM00043057,BOMBAY / COLABA,2025-02-07 06:00:00,18.9,72.8167,11.0,30.5,21.8,,1013.9,60.0,30.5,1013.9,60.0,False,,,
INM00043057,BOMBAY / COLABA,2025-02-07 09:00:00,18.9,72.8167,11.0,33.0,21.9,,1010.9,52.0,33.0,1010.9,52.0,False,,,
INM00043057,BOMBAY / COLABA,2025-02-07 12:00:00,18.9,72.8167,11.0,30.0,23.3,,1010.4,67.0,30.0,1010.4,67.0,False,,,
INM00043057,BOMBAY / COLABA,2025-02-07 15:00:00,18.9,72.8167,11.0,28.0,19.0,,1012.0,58.0,28.0,1012.0,58.0,False,,,
INM00043057,BOMBAY / COLABA,2025-02-08 00:00:00,18.9,72.8167,11.0,25.0,22.3,,1010.6,85.0,25.0,1010.6,85.0,False,,,
INM00043057,BOMBAY / COLABA,2025-02-08 03:00:00,18.9,72.8167,11.0,24.4,21.7,,1012.8,85.0,24.4,1012.8,85.0,False,,,
INM00043057,BOMBAY / COLABA,2025-02-08 06:00:00,18.9,72.8167,11.0,30.6,20.4,,1013.7,54.0,30.6,1013.7,54.0,False,,,
INM00043057,BOMBAY / COLABA,2025-02-08 09:00:00,18.9,72.8167,11.0,33.0,20.1,,1010.7,47.0,33.0,1010.7,47.0,False,,,
INM00043057,BOMBAY / COLABA,2025-02-08 12:00:00,18.9,72.8167,11.0,30.0,24.0,,1009.8,70.0,30.0,1009.8,70.0,False,,,
INM00043057,BOMBAY / COLABA,2025-02-09 03:00:00,18.9,72.8167,11.0,24.4,22.9,,1012.3,91.0,24.4,1012.3,91.0,False,,,
INM00043057,BOMBAY / COLABA,2025-02-09 06:00:00,18.9,72.8167,11.0,31.0,19.8,,1013.1,51.0,31.0,1013.1,51.0,False,,,
INM00043057,BOMBAY / COLABA,2025-02-09 09:00:00,18.9,72.8167,11.0,31.2,23.1,,1009.6,62.0,31.2,1009.6,62.0,False,,,
INM00043057,BOMBAY / COLABA,2025-02-09 12:00:00,18.9,72.8167,11.0,29.6,22.6,,1009.1,66.0,29.6,1009.1,66.0,True,drift,15,relative_humidity
INM00043057,BOMBAY / COLABA,2025-02-09 15:00:00,18.9,72.8167,11.0,28.7,16.7,,1011.1,49.185035348765815,28.7,1011.1,48.0,True,drift,15,relative_humidity
INM00043057,BOMBAY / COLABA,2025-02-10 00:00:00,18.9,72.8167,11.0,26.5,17.5,,1011.2,60.370070697531624,26.5,1011.2,58.0,True,drift,15,relative_humidity
INM00043057,BOMBAY / COLABA,2025-02-10 03:00:00,18.9,72.8167,11.0,25.4,16.3,,1013.7,60.55510604629744,25.4,1013.7,57.0,True,drift,15,relative_humidity
INM00043057,BOMBAY / COLABA,2025-02-10 06:00:00,18.9,72.8167,11.0,29.7,18.7,,1014.8,56.740141395063254,29.7,1014.8,52.0,True,drift,15,relative_humidity
INM00043057,BOMBAY / COLABA,2025-02-10 09:00:00,18.9,72.8167,11.0,30.5,19.1,,1011.8,56.92517674382907,30.5,1011.8,51.0,True,drift,15,relative_humidity
INM00043057,BOMBAY / COLABA,2025-02-10 12:00:00,18.9,72.8167,11.0,28.5,22.5,,1010.8,77.11021209259488,28.5,1010.8,70.0,True,drift,15,relative_humidity
INM00043057,BOMBAY / COLABA,2025-02-10 15:00:00,18.9,72.8167,11.0,27.2,20.2,,1012.8,74.29524744136069,27.2,1012.8,66.0,True,drift,15,relative_humidity
INM00043057,BOMBAY / COLABA,2025-02-11 00:00:00,18.9,72.8167,11.0,25.0,19.4,,1011.8,80.48028279012651,25.0,1011.8,71.0,True,drift,15,relative_humidity
INM00043057,BOMBAY / COLABA,2025-02-11 03:00:00,18.9,72.8167,11.0,23.5,18.0,,1014.4,81.66531813889232,23.5,1014.4,71.0,True,drift,15,relative_humidity
INM00043057,BOMBAY / COLABA,2025-02-11 09:00:00,18.9,72.8167,11.0,29.4,19.6,,1013.0,67.85035348765814,29.4,1013.0,56.0,True,drift,15,relative_humidity
INM00043057,BOMBAY / COLABA,2025-02-11 12:00:00,18.9,72.8167,11.0,27.5,20.1,,1011.7,77.03538883642395,27.5,1011.7,64.0,True,drift,15,relative_humidity
INM00043057,BOMBAY / COLABA,2025-02-12 03:00:00,18.9,72.8167,11.0,22.0,16.4,,1015.6,85.22042418518976,22.0,1015.6,71.0,True,drift,15,relative_humidity
INM00043057,BOMBAY / COLABA,2025-02-12 12:00:00,18.9,72.8167,11.0,27.6,20.0,,1011.3,78.40545953395558,27.6,1011.3,63.0,True,drift,15,relative_humidity
INM00043057,BOMBAY / COLABA,2025-02-12 15:00:00,18.9,72.8167,11.0,26.5,21.0,,1012.8,88.59049488272139,26.5,1012.8,72.0,True,drift,15,relative_humidity
INM00043057,BOMBAY / COLABA,2025-02-13 00:00:00,18.9,72.8167,11.0,22.5,19.9,,1011.7,102.77553023148721,22.5,1011.7,85.0,True,drift,15,relative_humidity
INM00043057,BOMBAY / COLABA,2025-02-13 03:00:00,18.9,72.8167,11.0,22.2,17.4,,1013.9,92.96056558025302,22.2,1013.9,74.0,True,drift,15,relative_humidity
INM00043057,BOMBAY / COLABA,2025-02-13 12:00:00,18.9,72.8167,11.0,28.7,18.9,,1010.1,75.14560092901883,28.7,1010.1,55.0,True,drift,15,relative_humidity
INM00043057,BOMBAY / COLABA,2025-02-14 00:00:00,18.9,72.8167,11.0,23.6,17.5,,1011.7,90.33063627778463,23.6,1011.7,69.0,True,drift,15,relative_humidity
INM00043057,BOMBAY / COLABA,2025-02-14 03:00:00,18.9,72.8167,11.0,24.6,19.3,,1013.6,94.51567162655046,24.6,1013.6,72.0,True,drift,15,relative_humidity
INM00043057,BOMBAY / COLABA,2025-02-14 06:00:00,18.9,72.8167,11.0,32.5,18.6,,1014.5,44.0,32.5,1014.5,44.0,False,,,
INM00043057,BOMBAY / COLABA,2025-02-14 12:00:00,18.9,72.8167,11.0,29.0,18.8,,1009.6,54.0,29.0,1009.6,54.0,False,,,
INM00043057,BOMBAY / COLABA,2025-02-14 15:00:00,18.9,72.8167,11.0,27.5,19.0,,1011.1,60.0,27.5,1011.1,60.0,False,,,
INM00043057,BOMBAY / COLABA,2025-02-15 00:00:00,18.9,72.8167,11.0,23.7,20.4,,1010.6,82.0,23.7,1010.6,82.0,False,,,
INM00043057,BOMBAY / COLABA,2025-02-15 03:00:00,18.9,72.8167,11.0,23.4,19.7,,1013.1,80.0,23.4,1013.1,80.0,False,,,
INM00043057,BOMBAY / COLABA,2025-02-15 06:00:00,18.9,72.8167,11.0,29.7,18.7,,1013.4,52.0,29.7,1013.4,52.0,False,,,
INM00043057,BOMBAY / COLABA,2025-02-15 12:00:00,18.9,72.8167,11.0,28.7,18.9,,1009.0,55.0,28.7,1009.0,55.0,False,,,
INM00043057,BOMBAY / COLABA,2025-02-16 03:00:00,18.9,72.8167,11.0,24.6,14.5,,1012.9,53.0,24.6,1012.9,53.0,False,,,
INM00043057,BOMBAY / COLABA,2025-02-16 06:00:00,18.9,72.8167,11.0,29.7,15.6,,1013.4,42.0,29.7,1013.4,42.0,False,,,
INM00043057,BOMBAY / COLABA,2025-02-16 09:00:00,18.9,72.8167,11.0,31.2,18.2,,1010.7,46.0,31.2,1010.7,46.0,False,,,
INM00043057,BOMBAY / COLABA,2025-02-16 12:00:00,18.9,72.8167,11.0,28.7,17.4,,1010.5,50.0,28.7,1010.5,50.0,False,,,
INM00043057,BOMBAY / COLABA,2025-02-17 03:00:00,18.9,72.8167,11.0,24.2,19.2,,1013.9,74.0,24.2,1013.9,74.0,False,,,
INM00043057,BOMBAY / COLABA,2025-02-17 06:00:00,18.9,72.8167,11.0,30.0,19.6,,1014.4,54.0,30.0,1014.4,54.0,False,,,
INM00043057,BOMBAY / COLABA,2025-02-17 09:00:00,18.9,72.8167,11.0,30.0,21.4,,1011.4,60.0,30.0,1011.4,60.0,False,,,
INM00043057,BOMBAY / COLABA,2025-02-17 12:00:00,18.9,72.8167,11.0,27.7,20.9,,1010.5,67.0,27.7,1010.5,67.0,False,,,
INM00043057,BOMBAY / COLABA,2025-02-17 15:00:00,18.9,72.8167,11.0,27.0,20.0,,1011.9,66.0,27.0,1011.9,66.0,False,,,
INM00043057,BOMBAY / COLABA,2025-02-18 00:00:00,18.9,72.8167,11.0,25.0,21.7,,1011.5,82.0,25.0,1011.5,82.0,False,,,
INM00043057,BOMBAY / COLABA,2025-02-18 03:00:00,18.9,72.8167,11.0,24.0,19.3,,1014.1,75.0,24.0,1014.1,75.0,False,,,
INM00043057,BOMBAY / COLABA,2025-02-18 06:00:00,18.9,72.8167,11.0,30.6,17.4,,1014.3,45.0,30.6,1014.3,45.0,True,frozen,36,relative_humidity
INM00043057,BOMBAY / COLABA,2025-02-18 12:00:00,18.9,72.8167,11.0,27.7,20.5,,1010.6,45.0,27.7,1010.6,65.0,True,frozen,36,relative_humidity
INM00043057,BOMBAY / COLABA,2025-02-18 15:00:00,18.9,72.8167,11.0,27.2,20.5,,1011.9,45.0,27.2,1011.9,67.0,True,frozen,36,relative_humidity
INM00043057,BOMBAY / COLABA,2025-02-19 03:00:00,18.9,72.8167,11.0,24.2,22.1,,1012.8,45.0,24.2,1012.8,88.0,True,frozen,36,relative_humidity
INM00043057,BOMBAY / COLABA,2025-02-19 06:00:00,18.9,72.8167,11.0,29.6,20.2,,1013.1,45.0,29.6,1013.1,57.0,True,frozen,36,relative_humidity
INM00043057,BOMBAY / COLABA,2025-02-19 09:00:00,18.9,72.8167,11.0,30.2,19.9,,1010.4,45.0,30.2,1010.4,54.0,True,frozen,36,relative_humidity
INM00043057,BOMBAY / COLABA,2025-02-19 12:00:00,18.9,72.8167,11.0,28.5,20.2,,1009.3,45.0,28.5,1009.3,61.0,True,frozen,36,relative_humidity
INM00043057,BOMBAY / COLABA,2025-02-19 15:00:00,18.9,72.8167,11.0,27.0,20.6,,1011.1,45.0,27.0,1011.1,68.0,True,frozen,36,relative_humidity
INM00043057,BOMBAY / COLABA,2025-02-20 03:00:00,18.9,72.8167,11.0,23.6,18.9,,1012.9,75.0,23.6,1012.9,75.0,False,,,
INM00043057,BOMBAY / COLABA,2025-02-20 09:00:00,18.9,72.8167,11.0,30.2,21.6,,1010.6,60.0,30.2,1010.6,60.0,False,,,
INM00043057,BOMBAY / COLABA,2025-02-20 12:00:00,18.9,72.8167,11.0,28.7,19.6,,1009.9,58.0,28.7,1009.9,58.0,False,,,
INM00043057,BOMBAY / COLABA,2025-02-20 15:00:00,18.9,72.8167,11.0,27.7,19.2,,1011.6,60.0,27.7,1011.6,60.0,False,,,
INM00043057,BOMBAY / COLABA,2025-02-21 00:00:00,18.9,72.8167,11.0,24.0,15.4,,1011.7,59.0,24.0,1011.7,59.0,False,,,
INM00043057,BOMBAY / COLABA,2025-02-21 03:00:00,18.9,72.8167,11.0,25.2,15.3,,1014.1,54.0,25.2,1014.1,54.0,False,,,
INM00043057,BOMBAY / COLABA,2025-02-21 06:00:00,18.9,72.8167,11.0,32.5,15.4,,1014.5,36.0,32.5,1014.5,36.0,False,,,
INM00043057,BOMBAY / COLABA,2025-02-21 09:00:00,18.9,72.8167,11.0,31.5,20.6,,1011.7,52.0,31.5,1011.7,52.0,False,,,
INM00043057,BOMBAY / COLABA,2025-02-21 12:00:00,18.9,72.8167,11.0,29.6,19.9,,1010.9,56.0,29.6,1010.9,56.0,False,,,
INM00043057,BOMBAY / COLABA,2025-02-22 00:00:00,18.9,72.8167,11.0,24.6,18.6,,1011.7,69.0,24.6,1011.7,69.0,False,,,
INM00043057,BOMBAY / COLABA,2025-02-22 03:00:00,18.9,72.8167,11.0,25.2,19.0,,1013.7,69.0,25.2,1013.7,69.0,False,,,
INM00043057,BOMBAY / COLABA,2025-02-22 06:00:00,18.9,72.8167,11.0,33.0,12.6,,1015.0,29.0,33.0,1015.0,29.0,False,,,
INM00043057,BOMBAY / COLABA,2025-02-22 09:00:00,18.9,72.8167,11.0,34.2,20.5,,1012.2,45.0,34.2,1012.2,45.0,False,,,
INM00043057,BOMBAY / COLABA,2025-02-22 12:00:00,18.9,72.8167,11.0,28.6,22.4,,1011.5,69.0,28.6,1011.5,69.0,False,,,
INM00043057,BOMBAY / COLABA,2025-02-23 00:00:00,18.9,72.8167,11.0,24.6,21.0,,1012.5,80.0,24.6,1012.5,80.0,False,,,
INM00043057,BOMBAY / COLABA,2025-02-23 03:00:00,18.9,72.8167,11.0,24.8,19.5,,1014.5,72.0,24.8,1014.5,72.0,False,,,
INM00043057,BOMBAY / COLABA,2025-02-23 06:00:00,18.9,72.8167,11.0,31.5,19.2,,1015.5,48.0,31.5,1015.5,48.0,False,,,
INM00043057,BOMBAY / COLABA,2025-02-23 09:00:00,18.9,72.8167,11.0,32.2,19.1,,1012.0,46.0,32.2,1012.0,46.0,False,,,
INM00043057,BOMBAY / COLABA,2025-02-23 12:00:00,18.9,72.8167,11.0,29.7,22.1,,1011.1,64.0,29.7,1011.1,64.0,False,,,
INM00043057,BOMBAY / COLABA,2025-02-24 00:00:00,18.9,72.8167,11.0,25.0,20.1,,1012.0,74.0,25.0,1012.0,74.0,False,,,
INM00043057,BOMBAY / COLABA,2025-02-24 03:00:00,18.9,72.8167,11.0,25.4,19.2,,1014.6,69.0,25.4,1014.6,69.0,False,,,
INM00043057,BOMBAY / COLABA,2025-02-24 06:00:00,18.9,72.8167,11.0,33.7,16.5,,1015.0,36.0,33.7,1015.0,36.0,True,frozen,34,sea_level_pressure
INM00043057,BOMBAY / COLABA,2025-02-24 09:00:00,18.9,72.8167,11.0,36.0,,,1015.0,,36.0,,,True,frozen,34,sea_level_pressure
INM00043057,BOMBAY / COLABA,2025-02-24 12:00:00,18.9,72.8167,11.0,30.5,21.5,,1015.0,59.0,30.5,1011.4,59.0,True,frozen,34,sea_level_pressure
INM00043057,BOMBAY / COLABA,2025-02-24 15:00:00,18.9,72.8167,11.0,28.7,20.7,,1015.0,62.0,28.7,1013.3,62.0,True,frozen,34,sea_level_pressure
INM00043057,BOMBAY / COLABA,2025-02-25 03:00:00,18.9,72.8167,11.0,25.6,19.7,,1015.0,70.0,25.6,1014.5,70.0,True,frozen,34,sea_level_pressure
INM00043057,BOMBAY / COLABA,2025-02-25 06:00:00,18.9,72.8167,11.0,32.7,14.2,,1015.0,33.0,32.7,1015.6,33.0,True,frozen,34,sea_level_pressure
INM00043057,BOMBAY / COLABA,2025-02-25 09:00:00,18.9,72.8167,11.0,34.5,16.5,,1015.0,34.0,34.5,1012.8,34.0,True,frozen,34,sea_level_pressure
INM00043057,BOMBAY / COLABA,2025-02-25 12:00:00,18.9,72.8167,11.0,31.0,20.5,,1015.0,54.0,31.0,1012.6,54.0,True,frozen,34,sea_level_pressure
INM00043057,BOMBAY / COLABA,2025-02-25 15:00:00,18.9,72.8167,11.0,28.2,19.6,,1015.0,60.0,28.2,1015.4,60.0,True,frozen,34,sea_level_pressure
INM00043057,BOMBAY / COLABA,2025-02-26 00:00:00,18.9,72.8167,11.0,25.2,21.0,,1015.0,78.0,25.2,1013.5,78.0,True,frozen,34,sea_level_pressure
INM00043057,BOMBAY / COLABA,2025-02-26 03:00:00,18.9,72.8167,11.0,25.7,20.6,,1015.0,74.0,25.7,1015.9,74.0,True,frozen,34,sea_level_pressure
INM00043057,BOMBAY / COLABA,2025-02-26 06:00:00,18.9,72.8167,11.0,31.7,17.0,,1015.0,41.0,31.7,1016.3,41.0,True,frozen,34,sea_level_pressure
INM00043057,BOMBAY / COLABA,2025-02-26 09:00:00,18.9,72.8167,11.0,34.6,19.5,,1015.0,41.0,34.6,1013.0,41.0,True,frozen,34,sea_level_pressure
INM00043057,BOMBAY / COLABA,2025-02-26 12:00:00,18.9,72.8167,11.0,31.2,22.4,,1011.9,60.0,31.2,1011.9,60.0,False,,,
INM00043057,BOMBAY / COLABA,2025-02-26 15:00:00,18.9,72.8167,11.0,29.2,21.5,,1013.5,63.0,29.2,1013.5,63.0,False,,,
INM00043057,BOMBAY / COLABA,2025-02-27 00:00:00,18.9,72.8167,11.0,25.5,20.8,,1012.5,75.0,25.5,1012.5,75.0,False,,,
INM00043057,BOMBAY / COLABA,2025-02-27 03:00:00,18.9,72.8167,11.0,26.0,20.2,,1014.7,70.0,26.0,1014.7,70.0,False,,,
INM00043057,BOMBAY / COLABA,2025-02-27 06:00:00,18.9,72.8167,11.0,31.6,21.2,,1014.9,54.0,31.6,1014.9,54.0,False,,,
INM00043057,BOMBAY / COLABA,2025-02-27 09:00:00,18.9,72.8167,11.0,34.2,20.5,,1011.3,45.0,34.2,1011.3,45.0,False,,,
INM00043057,BOMBAY / COLABA,2025-02-27 12:00:00,18.9,72.8167,11.0,31.2,22.1,,1009.7,58.0,31.2,1009.7,58.0,False,,,
INM00043057,BOMBAY / COLABA,2025-02-27 15:00:00,18.9,72.8167,11.0,28.7,22.3,,1012.5,68.0,28.7,1012.5,68.0,False,,,
INM00043057,BOMBAY / COLABA,2025-02-28 03:00:00,18.9,72.8167,11.0,26.2,22.3,,1013.4,79.0,26.2,1013.4,79.0,False,,,
INM00043057,BOMBAY / COLABA,2025-02-28 09:00:00,18.9,72.8167,11.0,30.8,23.9,,1010.5,67.0,30.8,1010.5,67.0,False,,,
INM00043057,BOMBAY / COLABA,2025-03-01 00:00:00,18.9,72.8167,11.0,26.5,21.3,,1010.3,73.0,26.5,1010.3,73.0,False,,,
INM00043057,BOMBAY / COLABA,2025-03-01 03:00:00,18.9,72.8167,11.0,26.5,21.3,,1012.6,73.0,26.5,1012.6,73.0,False,,,
INM00043057,BOMBAY / COLABA,2025-03-01 06:00:00,18.9,72.8167,11.0,30.2,21.9,,1013.3,61.0,30.2,1013.3,61.0,False,,,
INM00043057,BOMBAY / COLABA,2025-03-01 09:00:00,18.9,72.8167,11.0,30.8,22.9,,1010.4,63.0,30.8,1010.4,63.0,False,,,
INM00043057,BOMBAY / COLABA,2025-03-01 12:00:00,18.9,72.8167,11.0,29.0,21.6,,1009.5,64.0,29.0,1009.5,64.0,False,,,
INM00043057,BOMBAY / COLABA,2025-03-01 15:00:00,18.9,72.8167,11.0,28.5,20.2,,1011.1933040124048,61.0,28.5,1010.9,61.0,False,,,
INM00043057,BOMBAY / COLABA,2025-03-02 03:00:00,18.9,72.8167,11.0,26.6,19.9,,1011.7866080248098,67.0,26.6,1011.2,67.0,False,,,
INM00043057,BOMBAY / COLABA,2025-03-02 06:00:00,18.9,72.8167,11.0,31.6,18.3,,1013.0799120372146,45.0,31.6,1012.2,45.0,False,,,
INM00043057,BOMBAY / COLABA,2025-03-02 09:00:00,18.9,72.8167,11.0,32.0,21.7,,1010.1732160496194,54.0,32.0,1009.0,54.0,False,,,
INM00043057,BOMBAY / COLABA,2025-03-02 12:00:00,18.9,72.8167,11.0,28.7,22.3,,1009.9665200620243,68.0,28.7,1008.5,68.0,False,,,
INM00043057,BOMBAY / COLABA,2025-03-03 00:00:00,18.9,72.8167,11.0,26.2,17.3,,1011.4598240744292,58.0,26.2,1009.7,58.0,False,,,
INM00043057,BOMBAY / COLABA,2025-03-03 03:00:00,18.9,72.8167,11.0,25.8,18.2,,1013.953128086834,17.197674005622403,25.8,1011.9,63.0,True,spike,26,relative_humidity
INM00043057,BOMBAY / COLABA,2025-03-03 06:00:00,18.9,72.8167,11.0,30.7,20.6,,1014.6464320992388,55.0,30.7,1012.3,55.0,False,,,
INM00043057,BOMBAY / COLABA,2025-03-03 09:00:00,18.9,72.8167,11.0,30.7,22.0,,1012.2397361116438,60.0,30.7,1009.6,60.0,False,,,
INM00043057,BOMBAY / COLABA,2025-03-03 12:00:00,18.9,72.8167,11.0,29.5,22.0,,1011.9330401240486,64.0,29.5,1009.0,64.0,False,,,
INM00043057,BOMBAY / COLABA,2025-03-03 15:00:00,18.9,72.8167,11.0,28.5,19.9,,1013.6263441364534,60.0,28.5,1010.4,60.0,False,,,
INM00043057,BOMBAY / COLABA,2025-03-04 00:00:00,18.9,72.8167,11.0,25.6,20.1,,1013.5196481488583,72.0,25.6,1010.0,72.0,False,,,
INM00043057,BOMBAY / COLABA,2025-03-04 03:00:00,18.9,72.8167,11.0,27.0,18.2,,1016.2129521612632,59.0,27.0,1012.4,59.0,False,,,
INM00043057,BOMBAY / COLABA,2025-03-04 06:00:00,18.9,72.8167,11.0,31.6,18.3,,1017.2062561736681,45.0,31.6,1013.1,45.0,False,,,
INM00043057,BOMBAY / COLABA,2025-03-04 09:00:00,18.9,72.8167,11.0,31.0,21.9,,1014.7995601860729,58.0,31.0,1010.4,58.0,False,,,
INM00043057,BOMBAY / COLABA,2025-03-04 12:00:00,18.9,72.8167,11.0,29.2,21.1,,1014.1928641984778,62.0,29.2,1009.5,62.0,False,,,
INM00043057,BOMBAY / COLABA,2025-03-04 15:00:00,18.9,72.8167,11.0,28.2,21.0,,1016.0861682108826,65.0,28.2,1011.1,65.0,False,,,
INM00043057,BOMBAY / COLABA,2025-03-05 00:00:00,18.9,72.8167,11.0,26.0,14.7,,1015.3794722232875,50.0,26.0,1010.1,50.0,False,,,
INM00043057,BOMBAY / COLABA,2025-03-05 03:00:00,18.9,72.8167,11.0,24.5,13.1,,1017.7727762356924,49.0,24.5,1012.2,49.0,False,,,
INM00043057,BOMBAY / COLABA,2025-03-05 06:00:00,18.9,72.8167,11.0,33.0,16.4,,1018.4660802480972,37.0,33.0,1012.6,37.0,False,,,
INM00043057,BOMBAY / COLABA,2025-03-05 09:00:00,18.9,72.8167,11.0,33.0,19.4,,1015.959384260502,45.0,33.0,1009.8,45.0,False,,,
INM00043057,BOMBAY / COLABA,2025-03-05 12:00:00,18.9,72.8167,11.0,30.2,19.9,,1015.552688272907,54.0,30.2,1009.1,54.0,False,,,
INM00043057,BOMBAY / COLABA,2025-03-05 15:00:00,18.9,72.8167,11.0,28.2,20.0,,1017.3459922853118,61.0,28.2,1010.6,61.0,False,,,
INM00043057,BOMBAY / COLABA,2025-03-06 00:00:00,18.9,72.8167,11.0,25.0,11.7,,1018.0392962977166,43.0,25.0,1011.0,43.0,False,,,
INM00043057,BOMBAY / COLABA,2025-03-06 03:00:00,18.9,72.8167,11.0,25.4,13.1,,1020.7326003101215,47.0,25.4,1013.4,47.0,False,,,
INM00043057,BOMBAY / COLABA,2025-03-06 06:00:00,18.9,72.8167,11.0,32.6,8.3,,1021.4259043225263,22.0,32.6,1013.8,22.0,False,,,
INM00043057,BOMBAY / COLABA,2025-03-06 09:00:00,18.9,72.8167,11.0,33.0,16.2,,1018.9192083349312,36.0,33.0,1011.0,36.0,False,,,
INM00043057,BOMBAY / COLABA,2025-03-06 12:00:00,18.9,72.8167,11.0,29.0,17.7,,1017.9125123473361,51.0,29.0,1009.7,51.0,False,,,
INM00043057,BOMBAY / COLABA,2025-03-07 00:00:00,18.9,72.8167,11.0,24.0,20.3,,1017.8058163597409,80.0,24.0,1009.3,80.0,False,,,
INM00043057,BOMBAY / COLABA,2025-03-07 03:00:00,18.9,72.8167,11.0,23.4,17.3,,1020.8991203721458,69.0,23.4,1012.1,69.0,False,,,
INM00043057,BOMBAY / COLABA,2025-03-07 06:00:00,18.9,72.8167,11.0,33.5,12.3,,1021.1924243845507,27.0,33.5,1012.1,27.0,False,,,
INM00043057,BOMBAY / COLABA,2025-03-07 12:00:00,18.9,72.8167,11.0,30.6,17.8,,1016.5857283969556,46.0,30.6,1007.2,46.0,False,,,
INM00043057,BOMBAY / COLABA,2025-03-08 03:00:00,18.9,72.8167,11.0,25.4,19.9,,1019.6790324093604,72.0,25.4,1010.0,72.0,False,,,
INM00043057,BOMBAY / COLABA,2025-03-08 06:00:00,18.9,72.8167,11.0,32.0,16.5,,1020.0723364217653,39.0,32.0,1010.1,39.0,False,,,
INM00043057,BOMBAY / COLABA,2025-03-08 09:00:00,18.9,72.8167,11.0,32.4,23.2,,1017.6656404341701,58.0,32.4,1007.4,58.0,False,,,
INM00043057,BOMBAY / COLABA,2025-03-08 12:00:00,18.9,72.8167,11.0,30.0,21.4,,1016.8589444465749,60.0,30.0,1006.3,60.0,False,,,
INM00043057,BOMBAY / COLABA,2025-03-08 15:00:00,18.9,72.8167,11.0,28.0,23.7,,1018.2522484589798,78.0,28.0,1007.4,78.0,False,,,
INM00043057,BOMBAY / COLABA,2025-03-09 00:00:00,18.9,72.8167,11.0,25.5,22.7,,1018.6455524713847,85.0,25.5,1007.5,85.0,False,,,
INM00043057,BOMBAY / COLABA,2025-03-09 03:00:00,18.9,72.8167,11.0,25.0,22.6,,1009.7,87.0,25.0,1009.7,87.0,False,,,
INM00043057,BOMBAY / COLABA,2025-03-09 06:00:00,18.9,72.8167,11.0,30.5,22.8,,1010.2,63.0,30.5,1010.2,63.0,False,,,
INM00043057,BOMBAY / COLABA,2025-03-09 12:00:00,18.9,72.8167,11.0,29.0,24.7,,1006.6,78.0,29.0,1006.6,78.0,False,,,
INM00043057,BOMBAY / COLABA,2025-03-10 03:00:00,18.9,72.8167,11.0,25.6,23.3,,1011.1,87.0,25.6,1011.1,87.0,False,,,
INM00043057,BOMBAY / COLABA,2025-03-10 06:00:00,18.9,72.8167,11.0,34.5,15.2,,1011.7,31.0,34.5,1011.7,31.0,False,,,
INM00043057,BOMBAY / COLABA,2025-03-10 09:00:00,18.9,72.8167,11.0,35.8,17.6,,1008.7,34.0,35.8,1008.7,34.0,False,,,
INM00043057,BOMBAY / COLABA,2025-03-10 12:00:00,18.9,72.8167,11.0,33.0,16.2,,1007.8,36.0,33.0,1007.8,36.0,False,,,
INM00043057,BOMBAY / COLABA,2025-03-11 00:00:00,18.9,72.8167,11.0,27.0,21.0,,1009.8,70.0,27.0,1009.8,70.0,False,,,
INM00043057,BOMBAY / COLABA,2025-03-11 03:00:00,18.9,72.8167,11.0,26.6,21.5,,1012.8,74.0,26.6,1012.8,74.0,False,,,
INM00043057,BOMBAY / COLABA,2025-03-11 06:00:00,18.9,72.8167,11.0,34.5,14.3,,1013.3,30.540918023630795,34.5,1013.3,30.0,False,,,
INM00043057,BOMBAY / COLABA,2025-03-11 09:00:00,18.9,72.8167,11.0,35.0,19.7,,1010.0,42.08183604726159,35.0,1010.0,41.0,True,drift,3,sea_level_pressure
INM00043057,BOMBAY / COLABA,2025-03-11 12:00:00,18.9,72.8167,11.0,32.0,25.2,,1008.5312819558784,68.62275407089238,32.0,1009.0,67.0,True,drift,3,sea_level_pressure
INM00043057,BOMBAY / COLABA,2025-03-11 15:00:00,18.9,72.8167,11.0,30.5,24.7,,1010.1625639117568,73.16367209452318,30.5,1011.1,71.0,True,drift,3,sea_level_pressure
INM00043057,BOMBAY / COLABA,2025-03-12 00:00:00,18.9,72.8167,11.0,28.0,24.6,,1008.2938458676352,84.70459011815399,28.0,1009.7,82.0,True,drift,3,sea_level_pressure
INM00043057,BOMBAY / COLABA,2025-03-12 03:00:00,18.9,72.8167,11.0,28.0,23.3,,1009.4251278235137,79.24550814178478,28.0,1011.3,76.0,True,drift,3,sea_level_pressure
INM00043057,BOMBAY / COLABA,2025-03-12 06:00:00,18.9,72.8167,11.0,34.5,16.1,,1009.2564097793921,36.78642616541558,34.5,1011.6,33.0,True,drift,3,sea_level_pressure
INM00043057,BOMBAY / COLABA,2025-03-12 09:00:00,18.9,72.8167,11.0,34.6,23.4,,1005.7876917352705,56.32734418904637,34.6,1008.6,52.0,True,drift,3,sea_level_pressure
INM00043057,BOMBAY / COLABA,2025-03-12 12:00:00,18.9,72.8167,11.0,32.6,25.3,,1003.7189736911489,69.86826221267717,32.6,1007.0,65.0,True,drift,3,sea_level_pressure
INM00043057,BOMBAY / COLABA,2025-03-12 15:00:00,18.9,72.8167,11.0,30.5,25.3,,1005.5502556470273,79.40918023630796,30.5,1009.3,74.0,True,drift,3,sea_level_pressure
INM00043057,BOMBAY / COLABA,2025-03-13 00:00:00,18.9,72.8167,11.0,28.0,24.3,,1004.8815376029057,85.95009825993876,28.0,1009.1,80.0,True,drift,3,sea_level_pressure
INM00043057,BOMBAY / COLABA,2025-03-13 03:00:00,18.9,72.8167,11.0,27.4,23.9,,1006.1128195587842,87.49101628356955,27.4,1010.8,81.0,True,drift,3,sea_level_pressure
INM00043057,BOMBAY / COLABA,2025-03-13 06:00:00,18.9,72.8167,11.0,32.5,25.4,,1006.4441015146626,73.03193430720034,32.5,1011.6,66.0,True,drift,3,sea_level_pressure
INM00043057,BOMBAY / COLABA,2025-03-13 09:00:00,18.9,72.8167,11.0,33.7,26.9,,1002.575383470541,75.57285233083115,33.7,1008.2,68.0,True,drift,3,sea_level_pressure
INM00043057,BOMBAY / COLABA,2025-03-13 12:00:00,18.9,72.8167,11.0,31.6,26.0,,1000.8066654264194,80.11377035446195,31.6,1006.9,72.0,True,drift,3,sea_level_pressure
INM00043057,BOMBAY / COLABA,2025-03-13 15:00:00,18.9,72.8167,11.0,29.5,26.6,,1002.0379473822978,92.65468837809274,29.5,1008.6,84.0,True,drift,3,sea_level_pressure
INM00043057,BOMBAY / COLABA,2025-03-14 00:00:00,18.9,72.8167,11.0,27.5,25.1,,1001.9692293381762,96.19560640172354,27.5,1009.0,87.0,True,drift,3,sea_level_pressure
INM00043057,BOMBAY / COLABA,2025-03-14 03:00:00,18.9,72.8167,11.0,27.2,25.2,,1011.6,98.73652442535433,27.2,1011.6,89.0,False,,,
INM00043057,BOMBAY / COLABA,2025-03-14 06:00:00,18.9,72.8167,11.0,31.5,24.9,,1012.0,78.27744244898513,31.5,1012.0,68.0,False,,,
INM00043057,BOMBAY / COLABA,2025-03-14 09:00:00,18.9,72.8167,11.0,33.0,22.2,,1009.4,63.81836047261593,33.0,1009.4,53.0,False,,,
INM00043057,BOMBAY / COLABA,2025-03-14 12:00:00,18.9,72.8167,11.0,31.2,20.0,,1007.9,62.35927849624672,31.2,1007.9,51.0,False,,,
INM00043057,BOMBAY / COLABA,2025-03-14 15:00:00,18.9,72.8167,11.0,29.6,21.9,,1009.1,74.90019651987753,29.6,1009.1,63.0,False,,,
INM00043057,BOMBAY / COLABA,2025-03-15 00:00:00,18.9,72.8167,11.0,27.5,24.5,,1009.2,96.44111454350832,27.5,1009.2,84.0,False,,,
INM00043057,BOMBAY / COLABA,2025-03-15 03:00:00,18.9,72.8167,11.0,26.6,23.1,,1011.3,93.98203256713911,26.6,1011.3,81.0,False,,,
INM00043057,BOMBAY / COLABA,2025-03-15 06:00:00,18.9,72.8167,11.0,32.5,16.2,,1012.1,50.52295059076991,32.5,1012.1,37.0,False,,,
INM00043057,BOMBAY / COLABA,2025-03-15 09:00:00,18.9,72.8167,11.0,32.0,22.4,,1009.9,71.0638686144007,32.0,1009.9,57.0,False,,,
INM00043057,BOMBAY / COLABA,2025-03-15 12:00:00,18.9,72.8167,11.0,30.7,20.6,,1009.2,69.6047866380315,30.7,1009.2,55.0,False,,,
INM00043057,BOMBAY / COLABA,2025-03-15 15:00:00,18.9,72.8167,11.0,28.7,23.6,,1010.6,89.1457046616623,28.7,1010.6,74.0,False,,,
INM00043057,BOMBAY / COLABA,2025-03-16 00:00:00,18.9,72.8167,11.0,25.0,19.7,,1011.0,87.68662268529309,25.0,1011.0,72.0,False,,,
INM00043057,BOMBAY / COLABA,2025-03-16 03:00:00,18.9,72.8167,11.0,25.4,19.2,,1012.8,85.2275407089239,25.4,1012.8,69.0,False,,,
INM00043057,BOMBAY / COLABA,2025-03-16 06:00:00,18.9,72.8167,11.0,31.0,18.7,,1012.9,64.76845873255469,31.0,1012.9,48.0,False,,,
INM00043057,BOMBAY / COLABA,2025-03-16 09:00:00,18.9,72.8167,11.0,31.0,22.2,,1009.8,76.30937675618549,31.0,1009.8,59.0,False,,,
INM00043057,BOMBAY / COLABA,2025-03-16 12:00:00,18.9,72.8167,11.0,29.2,22.4,,1008.0,84.85029477981628,29.2,1008.0,67.0,False,,,
INM00043057,BOMBAY / COLABA,2025-03-16 15:00:00,18.9,72.8167,11.0,28.5,22.5,,1009.3,88.39121280344708,28.5,1009.3,70.0,False,,,
INM00043057,BOMBAY / COLABA,2025-03-17 00:00:00,18.9,72.8167,11.0,27.5,22.7,,1010.2,93.93213082707787,27.5,1010.2,75.0,False,,,
INM00043057,BOMBAY / COLABA,2025-03-17 03:00:00,18.9,72.8167,11.0,27.0,23.2,,1012.0,99.47304885070866,27.0,1012.0,80.0,False,,,
INM00043057,BOMBAY / COLABA,2025-03-17 09:00:00,18.9,72.8167,11.0,31.0,20.5,,1010.1,74.01396687433946,31.0,1010.1,54.0,False,,,
INM00043057,BOMBAY / COLABA,2025-03-17 12:00:00,18.9,72.8167,11.0,30.0,21.7,,1009.4,81.55488489797025,30.0,1009.4,61.0,False,,,
INM00043057,BOMBAY / COLABA,2025-03-17 15:00:00,18.9,72.8167,11.0,28.5,22.2,,1010.6,90.09580292160106,28.5,1010.6,69.0,False,,,
INM00043057,BOMBAY / COLABA,2025-03-18 00:00:00,18.9,72.8167,11.0,26.0,21.8,,1009.6,78.0,26.0,1009.6,78.0,False,,,
INM00043057,BOMBAY / COLABA,2025-03-18 03:00:00,18.9,72.8167,11.0,26.0,22.1,,1011.2,79.0,26.0,1011.2,79.0,False,,,
INM00043057,BOMBAY / COLABA,2025-03-18 06:00:00,18.9,72.8167,11.0,30.5,21.2,,1011.7,58.0,30.5,1011.7,58.0,False,,,
INM00043057,BOMBAY / COLABA,2025-03-18 09:00:00,18.9,72.8167,11.0,31.2,19.7,,1009.5,50.0,31.2,1009.5,50.0,False,,,
INM00043057,BOMBAY / COLABA,2025-03-18 12:00:00,18.9,72.8167,11.0,29.6,17.7,,1008.8,49.0,29.6,1008.8,49.0,False,,,
INM00043057,BOMBAY / COLABA,2025-03-18 15:00:00,18.9,72.8167,11.0,28.5,20.2,,1010.3,61.0,28.5,1010.3,61.0,False,,,
INM00043057,BOMBAY / COLABA,2025-03-19 00:00:00,18.9,72.8167,11.0,26.5,22.6,,1010.4,79.0,26.5,1010.4,79.0,False,,,
INM00043057,BOMBAY / COLABA,2025-03-19 03:00:00,18.9,72.8167,11.0,26.2,22.0,,1012.8,78.0,26.2,1012.8,78.0,False,,,
INM00043057,BOMBAY / COLABA,2025-03-19 06:00:00,18.9,72.8167,11.0,30.7,20.3,,1013.5,54.0,30.7,1013.5,54.0,False,,,
INM00043057,BOMBAY / COLABA,2025-03-19 12:00:00,18.9,72.8167,11.0,29.6,20.2,,1010.1,57.0,29.6,1010.1,57.0,False,,,
INM00043057,BOMBAY / COLABA,2025-03-20 00:00:00,18.9,72.8167,11.0,26.0,20.5,,1012.0,72.0,26.0,1012.0,72.0,False,,,
INM00043057,BOMBAY / COLABA,2025-03-20 03:00:00,18.9,72.8167,11.0,25.4,21.2,,1014.2,,25.4,1014.2,78.0,True,dropout,38,relative_humidity
INM00043057,BOMBAY / COLABA,2025-03-20 06:00:00,18.9,72.8167,11.0,31.6,21.2,,1014.7,,31.6,1014.7,54.0,True,dropout,38,relative_humidity
INM00043057,BOMBAY / COLABA,2025-03-20 09:00:00,18.9,72.8167,11.0,32.0,20.3,,1012.4,,32.0,1012.4,50.0,True,dropout,38,relative_humidity
INM00043057,BOMBAY / COLABA,2025-03-20 12:00:00,18.9,72.8167,11.0,30.5,20.1,,1011.8,,30.5,1011.8,54.0,True,dropout,38,relative_humidity
INM00043057,BOMBAY / COLABA,2025-03-20 15:00:00,18.9,72.8167,11.0,29.0,22.5,,1012.9,,29.0,1012.9,68.0,True,dropout,38,relative_humidity
INM00043057,BOMBAY / COLABA,2025-03-21 00:00:00,18.9,72.8167,11.0,27.0,18.2,,1013.5,,27.0,1013.5,59.0,True,dropout,38,relative_humidity
INM00043057,BOMBAY / COLABA,2025-03-21 03:00:00,18.9,72.8167,11.0,26.8,20.4,,1015.6,,26.8,1015.6,68.0,True,dropout,38,relative_humidity
INM00043057,BOMBAY / COLABA,2025-03-21 06:00:00,18.9,72.8167,11.0,32.5,18.2,,1016.0,43.0,32.5,1016.0,43.0,False,,,
INM00043057,BOMBAY / COLABA,2025-03-21 09:00:00,18.9,72.8167,11.0,32.0,18.8,,1012.9,45.0,32.0,1012.9,45.0,False,,,
INM00043057,BOMBAY / COLABA,2025-03-21 12:00:00,18.9,72.8167,11.0,30.0,18.6,,1011.8,50.0,30.0,1011.8,50.0,False,,,
INM00043057,BOMBAY / COLABA,2025-03-21 15:00:00,18.9,72.8167,11.0,28.0,21.4,,1013.0,67.0,28.0,1013.0,67.0,False,,,
INM00043057,BOMBAY / COLABA,2025-03-22 00:00:00,18.9,72.8167,11.0,25.5,21.2,,1012.2,77.0,25.5,1012.2,77.0,False,,,
INM00043057,BOMBAY / COLABA,2025-03-22 03:00:00,18.9,72.8167,11.0,25.6,22.0,,1014.7,81.0,25.6,1014.7,81.0,False,,,
INM00043057,BOMBAY / COLABA,2025-03-22 06:00:00,18.9,72.8167,11.0,31.5,19.2,,1014.4,48.0,31.5,1014.4,48.0,False,,,
INM00043057,BOMBAY / COLABA,2025-03-22 09:00:00,18.9,72.8167,11.0,32.2,20.2,,1011.4,49.0,32.2,1011.4,49.0,False,,,
INM00043057,BOMBAY / COLABA,2025-03-22 12:00:00,18.9,72.8167,11.0,30.5,22.8,,1009.8,63.0,30.5,1009.8,63.0,False,,,
INM00043057,BOMBAY / COLABA,2025-03-22 15:00:00,18.9,72.8167,11.0,28.6,24.0,,1011.4,76.0,28.6,1011.4,76.0,False,,,
INM00043057,BOMBAY / COLABA,2025-03-23 00:00:00,18.9,72.8167,11.0,26.0,23.4,,1011.6,86.0,26.0,1011.6,86.0,False,,,
INM00043057,BOMBAY / COLABA,2025-03-23 03:00:00,18.9,72.8167,11.0,26.0,23.7,,1013.4,87.0,26.0,1013.4,87.0,False,,,
INM00043057,BOMBAY / COLABA,2025-03-23 06:00:00,18.9,72.8167,11.0,31.2,25.0,,1013.3,70.0,31.2,1013.3,70.0,False,,,
INM00043057,BOMBAY / COLABA,2025-03-23 09:00:00,18.9,72.8167,11.0,32.5,22.5,,1010.5,56.0,32.5,1010.5,56.0,False,,,
INM00043057,BOMBAY / COLABA,2025-03-23 12:00:00,18.9,72.8167,11.0,30.6,23.0,,1010.1,64.0,30.6,1010.1,64.0,False,,,
INM00043057,BOMBAY / COLABA,2025-03-23 15:00:00,18.9,72.8167,11.0,29.5,23.0,,1012.1,68.0,29.5,1012.1,68.0,False,,,
INM00043057,BOMBAY / COLABA,2025-03-24 00:00:00,18.9,72.8167,11.0,26.6,23.4,,1011.5,83.0,26.6,1011.5,83.0,False,,,
INM00043057,BOMBAY / COLABA,2025-03-24 03:00:00,18.9,72.8167,11.0,26.8,24.2,,1014.5,86.0,26.8,1014.5,86.0,False,,,
INM00043057,BOMBAY / COLABA,2025-03-24 06:00:00,18.9,72.8167,11.0,31.5,24.6,,1013.8,67.0,31.5,1013.8,67.0,False,,,
INM00043057,BOMBAY / COLABA,2025-03-24 09:00:00,18.9,72.8167,11.0,32.0,24.9,,1010.2,66.0,32.0,1010.2,66.0,False,,,
INM00043057,BOMBAY / COLABA,2025-03-24 12:00:00,18.9,72.8167,11.0,30.5,22.8,,1009.1,63.0,30.5,1009.1,63.0,False,,,
INM00043057,BOMBAY / COLABA,2025-03-24 15:00:00,18.9,72.8167,11.0,29.6,23.5,,1011.2,70.0,29.6,1011.2,70.0,False,,,
INM00043057,BOMBAY / COLABA,2025-03-25 00:00:00,18.9,72.8167,11.0,26.5,22.2,,1008.6,77.0,26.5,1008.6,77.0,False,,,
INM00043057,BOMBAY / COLABA,2025-03-25 03:00:00,18.9,72.8167,11.0,27.4,23.9,,1011.0,81.0,27.4,1011.0,81.0,False,,,
INM00043057,BOMBAY / COLABA,2025-03-25 06:00:00,18.9,72.8167,11.0,32.0,24.0,,1010.8,63.0,32.0,1010.8,63.0,False,,,
INM00043057,BOMBAY / COLABA,2025-03-25 09:00:00,18.9,72.8167,11.0,31.6,24.8,,1007.4,67.0,31.6,1007.4,67.0,False,,,
INM00043057,BOMBAY / COLABA,2025-03-25 12:00:00,18.9,72.8167,11.0,30.5,24.1,,1006.3,69.0,30.5,1006.3,69.0,False,,,
INM00043057,BOMBAY / COLABA,2025-03-25 15:00:00,18.9,72.8167,11.0,29.2,25.2,,1008.3,79.0,29.2,1008.3,79.0,False,,,
INM00043057,BOMBAY / COLABA,2025-03-26 00:00:00,18.9,72.8167,11.0,26.5,23.8,,1007.4,85.0,26.5,1007.4,85.0,False,,,
INM00043057,BOMBAY / COLABA,2025-03-26 03:00:00,18.9,72.8167,11.0,26.6,24.3,,1009.7,87.0,26.6,1009.7,87.0,False,,,
INM00043057,BOMBAY / COLABA,2025-03-26 06:00:00,18.9,72.8167,11.0,31.0,23.8,,1010.2,66.0,31.0,1010.2,66.0,False,,,
INM00043057,BOMBAY / COLABA,2025-03-26 09:00:00,18.9,72.8167,11.0,31.2,22.1,,1007.7,58.0,31.2,1007.7,58.0,False,,,
INM00043057,BOMBAY / COLABA,2025-03-26 12:00:00,18.9,72.8167,11.0,29.5,21.7,,1006.8,63.0,29.5,1006.8,63.0,False,,,
INM00043057,BOMBAY / COLABA,2025-03-27 00:00:00,18.9,72.8167,11.0,26.6,22.5,,1009.2,78.0,26.6,1009.2,78.0,False,,,
INM00043057,BOMBAY / COLABA,2025-03-27 03:00:00,18.9,72.8167,11.0,26.4,21.9,,1011.1,76.0,26.4,1011.1,76.0,False,,,
INM00043057,BOMBAY / COLABA,2025-03-27 06:00:00,18.9,72.8167,11.0,30.0,22.7,,1011.6,65.0,30.0,1011.6,65.0,False,,,
INM00043057,BOMBAY / COLABA,2025-03-27 09:00:00,18.9,72.8167,11.0,30.0,22.4,,1009.1,64.0,30.0,1009.1,64.0,False,,,
INM00043057,BOMBAY / COLABA,2025-03-27 12:00:00,18.9,72.8167,11.0,28.0,22.1,,1007.5,70.0,28.0,1007.5,70.0,False,,,
INM00043057,BOMBAY / COLABA,2025-03-27 15:00:00,18.9,72.8167,11.0,27.0,20.6,,1009.1,68.0,27.0,1009.1,68.0,False,,,
INM00043057,BOMBAY / COLABA,2025-03-28 00:00:00,18.9,72.8167,11.0,26.0,21.2,,1008.4,75.0,26.0,1008.4,75.0,False,,,
INM00043057,BOMBAY / COLABA,2025-03-28 03:00:00,18.9,72.8167,11.0,26.2,22.7,,1010.8,81.0,26.2,1010.8,81.0,False,,,
INM00043057,BOMBAY / COLABA,2025-03-28 06:00:00,18.9,72.8167,11.0,30.2,23.2,,1010.5,66.0,30.2,1010.5,66.0,False,,,
INM00043057,BOMBAY / COLABA,2025-03-28 09:00:00,18.9,72.8167,11.0,31.0,21.2,,1007.4,56.0,31.0,1007.4,56.0,False,,,
INM00043057,BOMBAY / COLABA,2025-03-28 12:00:00,18.9,72.8167,11.0,30.5,22.2,,1005.9,61.0,30.5,1005.9,61.0,False,,,
INM00043057,BOMBAY / COLABA,2025-03-29 00:00:00,18.9,72.8167,11.0,27.7,10.5,,1006.3,34.0,27.7,1006.3,34.0,False,,,
INM00043057,BOMBAY / COLABA,2025-03-29 03:00:00,18.9,72.8167,11.0,26.2,10.7,,1008.5,38.0,26.2,1008.5,38.0,False,,,
INM00043057,BOMBAY / COLABA,2025-03-29 06:00:00,18.9,72.8167,11.0,34.2,9.4,,1008.1,22.0,34.2,1008.1,22.0,False,,,
INM00043057,BOMBAY / COLABA,2025-03-29 09:00:00,18.9,72.8167,11.0,31.8,19.3,,1005.9,47.0,31.8,1005.9,47.0,False,,,
INM00043057,BOMBAY / COLABA,2025-03-29 12:00:00,18.9,72.8167,11.0,30.0,22.4,,1004.7,64.0,30.0,1004.7,64.0,False,,,
INM00043057,BOMBAY / COLABA,2025-03-29 15:00:00,18.9,72.8167,11.0,29.0,21.6,,1007.3,64.0,29.0,1007.3,64.0,False,,,
INM00043057,BOMBAY / COLABA,2025-03-30 00:00:00,18.9,72.8167,11.0,27.5,21.7,,1006.7,71.0,27.5,1006.7,71.0,False,,,
INM00043057,BOMBAY / COLABA,2025-03-30 03:00:00,18.9,72.8167,11.0,27.4,23.3,,1009.1,78.0,27.4,1009.1,78.0,False,,,
INM00043057,BOMBAY / COLABA,2025-03-30 06:00:00,18.9,72.8167,11.0,31.7,23.8,,1009.0,63.0,31.7,1009.0,63.0,False,,,
INM00043057,BOMBAY / COLABA,2025-03-30 09:00:00,18.9,72.8167,11.0,30.7,24.5,,1006.2,70.0,30.7,1006.2,70.0,False,,,
INM00043057,BOMBAY / COLABA,2025-03-30 12:00:00,18.9,72.8167,11.0,30.0,23.3,,1005.2,67.0,30.0,1005.2,67.0,False,,,
INM00043057,BOMBAY / COLABA,2025-03-30 15:00:00,18.9,72.8167,11.0,29.4,15.9,,1007.7,44.0,29.4,1007.7,44.0,False,,,
INM00043057,BOMBAY / COLABA,2025-03-31 00:00:00,18.9,72.8167,11.0,27.2,23.1,,1007.3,78.0,27.2,1007.3,78.0,False,,,
INM00043057,BOMBAY / COLABA,2025-03-31 03:00:00,18.9,72.8167,11.0,27.8,24.9,,1009.5,84.0,27.8,1009.5,84.0,False,,,
INM00043057,BOMBAY / COLABA,2025-03-31 06:00:00,18.9,72.8167,11.0,31.6,23.5,,1009.3,62.0,31.6,1009.3,62.0,False,,,
INM00043057,BOMBAY / COLABA,2025-03-31 09:00:00,18.9,72.8167,11.0,32.5,23.2,,1006.7,58.0,32.5,1006.7,58.0,False,,,
INM00043057,BOMBAY / COLABA,2025-03-31 12:00:00,18.9,72.8167,11.0,30.5,23.1,,1005.4,65.0,30.5,1005.4,65.0,False,,,
INM00043057,BOMBAY / COLABA,2025-03-31 15:00:00,18.9,72.8167,11.0,29.5,21.4,,1007.1,62.0,29.5,1007.1,62.0,False,,,
INM00043057,BOMBAY / COLABA,2025-04-01 00:00:00,18.9,72.8167,11.0,27.5,23.0,,1006.3,77.0,27.5,1006.3,77.0,False,,,
INM00043057,BOMBAY / COLABA,2025-04-01 03:00:00,18.9,72.8167,11.0,27.8,24.3,,1008.5,81.0,27.8,1008.5,81.0,False,,,
INM00043057,BOMBAY / COLABA,2025-04-01 06:00:00,18.9,72.8167,11.0,31.0,23.5,,1008.5,64.0,31.0,1008.5,64.0,False,,,
INM00043057,BOMBAY / COLABA,2025-04-01 09:00:00,18.9,72.8167,11.0,32.7,23.3,,1006.2,58.0,32.7,1006.2,58.0,False,,,
INM00043057,BOMBAY / COLABA,2025-04-01 12:00:00,18.9,72.8167,11.0,,25.7,,1004.8,77.0,30.2,1004.8,77.0,True,dropout,41,temperature
INM00043057,BOMBAY / COLABA,2025-04-01 15:00:00,18.9,72.8167,11.0,,22.9,,1006.3,70.0,29.0,1006.3,70.0,True,dropout,41,temperature
INM00043057,BOMBAY / COLABA,2025-04-02 00:00:00,18.9,72.8167,11.0,,24.6,,1006.3,82.0,28.0,1006.3,82.0,True,dropout,41,temperature
INM00043057,BOMBAY / COLABA,2025-04-02 03:00:00,18.9,72.8167,11.0,,24.9,,1008.1,83.0,28.0,1008.1,83.0,True,dropout,41,temperature
INM00043057,BOMBAY / COLABA,2025-04-02 09:00:00,18.9,72.8167,11.0,,25.2,,1006.8,61.0,33.6,1006.8,61.0,True,dropout,41,temperature
INM00043057,BOMBAY / COLABA,2025-04-02 12:00:00,18.9,72.8167,11.0,,27.2,,1005.9,78.0,31.6,1005.9,78.0,True,dropout,41,temperature
INM00043057,BOMBAY / COLABA,2025-04-02 15:00:00,18.9,72.8167,11.0,30.0,26.1,,1009.0,80.0,30.0,1009.0,80.0,False,,,
INM00043057,BOMBAY / COLABA,2025-04-03 03:00:00,18.9,72.8167,11.0,28.4,24.7,,1012.4,80.0,28.4,1012.4,80.0,False,,,
INM00043057,BOMBAY / COLABA,2025-04-03 06:00:00,18.9,72.8167,11.0,33.0,26.3,,1012.5,68.0,33.0,1012.5,68.0,False,,,
INM00043057,BOMBAY / COLABA,2025-04-03 09:00:00,18.9,72.8167,11.0,33.6,26.7,,1010.0,67.0,33.6,1010.0,67.0,False,,,
INM00043057,BOMBAY / COLABA,2025-04-03 12:00:00,18.9,72.8167,11.0,31.6,27.2,,1008.4,78.0,31.6,1008.4,78.0,False,,,
INM00043057,BOMBAY / COLABA,2025-04-03 15:00:00,18.9,72.8167,11.0,30.6,27.6,,1011.0,84.0,30.6,1011.0,84.0,False,,,
INM00043057,BOMBAY / COLABA,2025-04-04 00:00:00,18.9,72.8167,11.0,29.0,26.8,,1012.0,88.0,29.0,1012.0,88.0,False,,,
INM00043057,BOMBAY / COLABA,2025-04-04 03:00:00,18.9,72.8167,11.0,29.0,26.8,,1013.8,88.0,29.0,1013.8,88.0,False,,,
INM00043057,BOMBAY / COLABA,2025-04-04 06:00:00,18.9,72.8167,11.0,32.6,26.5,,1013.6,70.0,32.6,1013.6,70.0,False,,,
INM00043057,BOMBAY / COLABA,2025-04-04 09:00:00,18.9,72.8167,11.0,33.5,26.2,,1010.6,66.0,33.5,1010.6,66.0,False,,,
INM00043057,BOMBAY / COLABA,2025-04-04 12:00:00,18.9,72.8167,11.0,31.0,25.7,,1009.8,73.0,31.0,1009.8,73.0,False,,,
INM00043057,BOMBAY / COLABA,2025-04-04 15:00:00,18.9,72.8167,11.0,28.0,17.2,,1010.5,52.0,28.0,1010.5,52.0,False,,,
INM00043057,BOMBAY / COLABA,2025-04-05 00:00:00,18.9,72.8167,11.0,27.5,23.9,,1010.0,81.0,27.5,1010.0,81.0,False,,,
INM00043057,BOMBAY / COLABA,2025-04-05 03:00:00,18.9,72.8167,11.0,27.4,22.7,,1011.9,76.0,27.4,1011.9,76.0,False,,,
INM00043057,BOMBAY / COLABA,2025-04-05 09:00:00,18.9,72.8167,11.0,33.6,20.5,,1009.0,46.0,33.6,1009.0,46.0,False,,,
INM00043057,BOMBAY / COLABA,2025-04-05 12:00:00,18.9,72.8167,11.0,31.0,25.4,,1006.8,72.0,31.0,1006.8,72.0,False,,,
INM00043057,BOMBAY / COLABA,2025-04-05 15:00:00,18.9,72.8167,11.0,30.0,25.5,,1008.3,77.0,30.0,1008.3,77.0,False,,,
INM00043057,BOMBAY / COLABA,2025-04-06 00:00:00,18.9,72.8167,11.0,26.5,23.2,,1008.2,82.0,26.5,1008.2,82.0,False,,,
INM00043057,BOMBAY / COLABA,2025-04-06 03:00:00,18.9,72.8167,11.0,27.7,25.5,,1010.4,88.0,27.7,1010.4,88.0,False,,,
INM00043057,BOMBAY / COLABA,2025-04-06 06:00:00,18.9,72.8167,11.0,32.7,26.7,,1010.9,71.0,32.7,1010.9,71.0,False,,,
INM00043057,BOMBAY / COLABA,2025-04-06 09:00:00,18.9,72.8167,11.0,33.6,26.4,,1007.6,66.0,33.6,1007.6,66.0,False,,,
INM00043057,BOMBAY / COLABA,2025-04-06 12:00:00,18.9,72.8167,11.0,31.5,26.4,,1006.6,74.0,31.5,1006.6,74.0,False,,,
INM00043057,BOMBAY / COLABA,2025-04-07 00:00:00,18.9,72.8167,11.0,27.5,25.1,,1008.3,87.0,27.5,1008.3,87.0,False,,,
INM00043057,BOMBAY / COLABA,2025-04-07 03:00:00,18.9,72.8167,11.0,27.8,24.9,,1010.5,84.0,27.8,1010.5,84.0,False,,,
INM00043057,BOMBAY / COLABA,2025-04-07 06:00:00,18.9,72.8167,11.0,32.7,25.8,,1010.3,67.0,32.7,1010.3,67.0,False,,,
INM00043057,BOMBAY / COLABA,2025-04-07 09:00:00,18.9,72.8167,11.0,34.0,26.2,,1006.9,64.0,34.0,1006.9,64.0,False,,,
INM00043057,BOMBAY / COLABA,2025-04-07 12:00:00,18.9,72.8167,11.0,32.6,22.4,,1005.2,55.0,32.6,1005.2,55.0,False,,,
INM00043057,BOMBAY / COLABA,2025-04-07 15:00:00,18.9,72.8167,11.0,31.5,22.3,,1007.2,58.0,31.5,1007.2,58.0,False,,,
INM00043057,BOMBAY / COLABA,2025-04-08 00:00:00,18.9,72.8167,11.0,28.5,24.1,,1008.2,77.0,28.5,1008.2,77.0,False,,,
INM00043057,BOMBAY / COLABA,2025-04-08 03:00:00,18.9,72.8167,11.0,28.6,25.2,,1010.5,82.0,28.6,1010.5,82.0,False,,,
INM00043057,BOMBAY / COLABA,2025-04-08 06:00:00,18.9,72.8167,11.0,33.5,25.9,,1011.1,64.0,33.5,1011.1,64.0,True,frozen,42,temperature
INM00043057,BOMBAY / COLABA,2025-04-08 09:00:00,18.9,72.8167,11.0,33.5,25.8,,1008.2,64.0,33.6,1008.2,64.0,True,frozen,42,temperature
INM00043057,BOMBAY / COLABA,2025-04-08 12:00:00,18.9,72.8167,11.0,33.5,23.9,,1006.5,62.0,32.2,1006.5,62.0,True,frozen,42,temperature
INM00043057,BOMBAY / COLABA,2025-04-08 15:00:00,18.9,72.8167,11.0,33.5,22.4,,1008.4,60.0,31.2,1008.4,60.0,True,frozen,42,temperature
INM00043057,BOMBAY / COLABA,2025-04-09 00:00:00,18.9,72.8167,11.0,33.5,25.6,,1009.6,82.0,29.0,1009.6,82.0,True,frozen,42,temperature
INM00043057,BOMBAY / COLABA,2025-04-09 03:00:00,18.9,72.8167,11.0,33.5,26.2,,1011.2,85.0,29.0,1011.2,85.0,True,frozen,42,temperature
INM00043057,BOMBAY / COLABA,2025-04-09 06:00:00,18.9,72.8167,11.0,33.5,27.4,,1010.7,70.0,33.5,1010.7,70.0,True,frozen,42,temperature
INM00043057,BOMBAY / COLABA,2025-04-09 09:00:00,18.9,72.8167,11.0,33.6,27.9,,1007.1,72.0,33.6,1007.1,72.0,False,,,
INM00043057,BOMBAY / COLABA,2025-04-09 12:00:00,18.9,72.8167,11.0,31.2,27.3,,1005.2,80.0,31.2,1005.2,80.0,False,,,
INM00043057,BOMBAY / COLABA,2025-04-09 15:00:00,18.9,72.8167,11.0,30.2,26.9,,1007.0,83.0,30.2,1007.0,83.0,False,,,
INM00043057,BOMBAY / COLABA,2025-04-10 00:00:00,18.9,72.8167,11.0,29.0,26.8,,1007.7,88.0,29.0,1007.7,88.0,False,,,
INM00043057,BOMBAY / COLABA,2025-04-10 03:00:00,18.9,72.8167,11.0,29.0,25.6,,1009.8,82.0,29.0,1009.8,82.0,False,,,
INM00043057,BOMBAY / COLABA,2025-04-10 06:00:00,18.9,72.8167,11.0,33.2,25.3,,1009.0,63.0,33.2,1009.0,63.0,False,,,
INM00043057,BOMBAY / COLABA,2025-04-10 09:00:00,18.9,72.8167,11.0,34.0,27.1,,1006.5,67.0,34.0,1006.5,67.0,False,,,
INM00043057,BOMBAY / COLABA,2025-04-10 12:00:00,18.9,72.8167,11.0,32.0,25.8,,1004.8,70.0,32.0,1004.8,70.0,False,,,
INM00043057,BOMBAY / COLABA,2025-04-10 15:00:00,18.9,72.8167,11.0,30.5,25.3,,1006.0,74.0,30.5,1006.0,74.0,False,,,
INM00043057,BOMBAY / COLABA,2025-04-11 00:00:00,18.9,72.8167,11.0,28.0,25.7,,1006.4,87.0,28.0,1006.4,87.0,False,,,
INM00043057,BOMBAY / COLABA,2025-04-11 03:00:00,18.9,72.8167,11.0,28.4,26.2,,1008.4,,28.4,1008.4,88.0,True,dropout,6,relative_humidity
INM00043057,BOMBAY / COLABA,2025-04-11 06:00:00,18.9,72.8167,11.0,32.7,26.4,,1008.4,,32.7,1008.4,69.0,True,dropout,6,relative_humidity
INM00043057,BOMBAY / COLABA,2025-04-11 09:00:00,18.9,72.8167,11.0,33.5,26.2,,1005.9,,33.5,1005.9,66.0,True,dropout,6,relative_humidity
INM00043057,BOMBAY / COLABA,2025-04-11 12:00:00,18.9,72.8167,11.0,30.5,25.9,,1005.2,,30.5,1005.2,76.0,True,dropout,6,relative_humidity
INM00043057,BOMBAY / COLABA,2025-04-11 15:00:00,18.9,72.8167,11.0,29.6,25.4,,1007.2,,29.6,1007.2,78.0,True,dropout,6,relative_humidity
INM00043057,BOMBAY / COLABA,2025-04-12 00:00:00,18.9,72.8167,11.0,27.7,25.2,,1007.9,,27.7,1007.9,86.0,True,dropout,6,relative_humidity
INM00043057,BOMBAY / COLABA,2025-04-12 03:00:00,18.9,72.8167,11.0,28.4,25.3,,1009.9,83.0,28.4,1009.9,83.0,False,,,
INM00043057,BOMBAY / COLABA,2025-04-12 06:00:00,18.9,72.8167,11.0,33.0,24.2,,1010.2,60.0,33.0,1010.2,60.0,False,,,
INM00043057,BOMBAY / COLABA,2025-04-12 09:00:00,18.9,72.8167,11.0,33.0,24.8,,1008.4,62.0,33.0,1008.4,62.0,False,,,
INM00043057,BOMBAY / COLABA,2025-04-12 12:00:00,18.9,72.8167,11.0,31.5,25.2,,1007.8,69.0,31.5,1007.8,69.0,False,,,
INM00043057,BOMBAY / COLABA,2025-04-12 15:00:00,18.9,72.8167,11.0,30.0,24.6,,1009.2,73.0,30.0,1009.2,73.0,False,,,
INM00043057,BOMBAY / COLABA,2025-04-13 00:00:00,18.9,72.8167,11.0,27.0,22.9,,1009.4,78.0,27.0,1009.4,78.0,False,,,
INM00043057,BOMBAY / COLABA,2025-04-13 03:00:00,18.9,72.8167,11.0,27.6,24.4,,1011.9,83.0,27.6,1011.9,83.0,False,,,
INM00043057,BOMBAY / COLABA,2025-04-13 06:00:00,18.9,72.8167,11.0,33.0,23.8,,1012.0,58.0,33.0,1012.0,58.0,False,,,
INM00043057,BOMBAY / COLABA,2025-04-13 09:00:00,18.9,72.8167,11.0,33.2,24.7,,1009.6,61.0,33.2,1009.6,61.0,False,,,
INM00043057,BOMBAY / COLABA,2025-04-13 12:00:00,18.9,72.8167,11.0,31.0,26.3,,1008.0,76.0,31.0,1008.0,76.0,False,,,
INM00043057,BOMBAY / COLABA,2025-04-13 15:00:00,18.9,72.8167,11.0,30.0,25.8,,1009.9,78.0,30.0,1009.9,78.0,False,,,
INM00043057,BOMBAY / COLABA,2025-04-14 00:00:00,18.9,72.8167,11.0,28.0,25.2,,1008.7,85.0,28.0,1008.7,85.0,False,,,
INM00043057,BOMBAY / COLABA,2025-04-14 03:00:00,18.9,72.8167,11.0,27.6,25.3,,1010.7,87.0,27.6,1010.7,87.0,False,,,
INM00043057,BOMBAY / COLABA,2025-04-14 06:00:00,18.9,72.8167,11.0,33.0,25.4,,1010.5,64.0,33.0,1010.5,64.0,False,,,
INM00043057,BOMBAY / COLABA,2025-04-14 09:00:00,18.9,72.8167,11.0,51.149988574160254,25.6,,989.3963089901301,87.52077480000887,33.5,1007.7,63.0,True,multivariate_inconsistency,5,"temperature,relative_humidity,sea_level_pressure"
INM00043057,BOMBAY / COLABA,2025-04-14 12:00:00,18.9,72.8167,11.0,32.5,21.1,,1006.4,51.0,32.5,1006.4,51.0,False,,,
INM00043057,BOMBAY / COLABA,2025-04-14 15:00:00,18.9,72.8167,11.0,30.5,24.4,,1007.8,70.0,30.5,1007.8,70.0,False,,,
INM00043057,BOMBAY / COLABA,2025-04-15 00:00:00,18.9,72.8167,11.0,29.0,25.3,,1007.7,80.0,29.0,1007.7,80.0,False,,,
INM00043057,BOMBAY / COLABA,2025-04-15 03:00:00,18.9,72.8167,11.0,29.2,25.8,,1009.6,82.0,29.2,1009.6,82.0,False,,,
INM00043057,BOMBAY / COLABA,2025-04-15 06:00:00,18.9,72.8167,11.0,32.6,26.5,,1009.8,70.0,32.6,1009.8,70.0,False,,,
INM00043057,BOMBAY / COLABA,2025-04-15 09:00:00,18.9,72.8167,11.0,33.4,25.2,,1007.3,62.0,33.4,1007.3,62.0,False,,,
INM00043057,BOMBAY / COLABA,2025-04-15 12:00:00,18.9,72.8167,11.0,31.0,23.8,,1006.0,66.0,31.0,1006.0,66.0,False,,,
INM00043057,BOMBAY / COLABA,2025-04-15 15:00:00,18.9,72.8167,11.0,29.6,25.7,,1007.6,80.0,29.6,1007.6,80.0,False,,,
INM00043057,BOMBAY / COLABA,2025-04-16 00:00:00,18.9,72.8167,11.0,28.0,23.9,,1007.2,78.0,28.0,1007.2,78.0,False,,,
INM00043057,BOMBAY / COLABA,2025-04-16 03:00:00,18.9,72.8167,11.0,28.6,24.3,,1009.1,78.0,28.6,1009.1,78.0,False,,,
INM00043057,BOMBAY / COLABA,2025-04-16 06:00:00,18.9,72.8167,11.0,32.5,25.4,,1009.5,66.0,32.5,1009.5,66.0,False,,,
INM00043057,BOMBAY / COLABA,2025-04-16 09:00:00,18.9,72.8167,11.0,32.2,25.5,,1007.6,68.0,32.2,1007.6,68.0,False,,,
INM00043057,BOMBAY / COLABA,2025-04-16 12:00:00,18.9,72.8167,11.0,31.0,25.1,,1007.1,71.0,31.0,1007.1,71.0,False,,,
INM00043057,BOMBAY / COLABA,2025-04-16 15:00:00,18.9,72.8167,11.0,29.6,26.0,,1008.6,81.0,29.6,1008.6,81.0,False,,,
INM00043057,BOMBAY / COLABA,2025-04-17 00:00:00,18.9,72.8167,11.0,27.5,24.5,,1007.6,84.0,27.5,1007.6,84.0,False,,,
INM00043057,BOMBAY / COLABA,2025-04-17 03:00:00,18.9,72.8167,11.0,28.0,26.0,,1009.6,89.0,28.0,1009.6,89.0,False,,,
INM00043057,BOMBAY / COLABA,2025-04-17 09:00:00,18.9,72.8167,11.0,33.0,25.4,,1007.3,64.0,33.0,1007.3,64.0,False,,,
INM00043057,BOMBAY / COLABA,2025-04-17 12:00:00,18.9,72.8167,11.0,30.7,26.0,,1005.9,76.0,30.7,1005.9,76.0,False,,,
INM00043057,BOMBAY / COLABA,2025-04-17 15:00:00,18.9,72.8167,11.0,29.5,26.0,,1007.4,81.0,29.5,1007.4,81.0,False,,,
INM00043057,BOMBAY / COLABA,2025-04-18 00:00:00,18.9,72.8167,11.0,27.5,24.8,,1007.0,85.0,27.5,1007.0,85.0,False,,,
INM00043057,BOMBAY / COLABA,2025-04-18 03:00:00,18.9,72.8167,11.0,28.0,26.0,,1009.0,89.0,28.0,1009.0,89.0,False,,,
INM00043057,BOMBAY / COLABA,2025-04-18 06:00:00,18.9,72.8167,11.0,32.0,25.8,,1009.1,70.0,32.0,1009.1,70.0,False,,,
INM00043057,BOMBAY / COLABA,2025-04-18 09:00:00,18.9,72.8167,11.0,33.2,25.3,,1006.9,63.0,33.2,1006.9,63.0,False,,,
INM00043057,BOMBAY / COLABA,2025-04-18 12:00:00,18.9,72.8167,11.0,31.5,25.8,,1005.4,72.0,31.5,1005.4,72.0,False,,,
INM00043057,BOMBAY / COLABA,2025-04-18 15:00:00,18.9,72.8167,11.0,29.6,26.2,,1006.8,82.0,29.6,1006.8,82.0,False,,,
INM00043057,BOMBAY / COLABA,2025-04-19 00:00:00,18.9,72.8167,11.0,28.0,25.7,,1007.6,87.0,28.0,1007.6,87.0,False,,,
INM00043057,BOMBAY / COLABA,2025-04-19 03:00:00,18.9,72.8167,11.0,29.0,26.8,,1009.6,88.0,29.0,1009.6,88.0,False,,,
INM00043057,BOMBAY / COLABA,2025-04-19 06:00:00,18.9,72.8167,11.0,32.2,24.8,,1009.7,65.0,32.2,1009.7,65.0,False,,,
INM00043057,BOMBAY / COLABA,2025-04-19 09:00:00,18.9,72.8167,11.0,32.0,24.3,,1007.3,64.0,32.0,1007.3,64.0,False,,,
INM00043057,BOMBAY / COLABA,2025-04-19 12:00:00,18.9,72.8167,11.0,30.7,25.4,,1005.9,73.0,30.7,1005.9,73.0,False,,,
INM00043057,BOMBAY / COLABA,2025-04-19 15:00:00,18.9,72.8167,11.0,29.6,25.1,,1007.4,77.0,29.6,1007.4,77.0,False,,,
INM00043057,BOMBAY / COLABA,2025-04-20 00:00:00,18.9,72.8167,11.0,28.2,25.9,,1006.8,87.0,28.2,1006.8,87.0,False,,,
INM00043057,BOMBAY / COLABA,2025-04-20 03:00:00,18.9,72.8167,11.0,28.8,26.3,,1008.7,86.0,28.8,1008.7,86.0,False,,,
INM00043057,BOMBAY / COLABA,2025-04-20 06:00:00,18.9,72.8167,11.0,33.2,26.6,,1009.6,68.0,33.2,1009.6,68.0,False,,,
INM00043057,BOMBAY / COLABA,2025-04-20 09:00:00,18.9,72.8167,11.0,33.5,25.9,,1007.7,64.0,33.5,1007.7,64.0,False,,,
INM00043057,BOMBAY / COLABA,2025-04-20 12:00:00,18.9,72.8167,11.0,31.5,25.8,,1007.1,72.0,31.5,1007.1,72.0,False,,,
INM00043057,BOMBAY / COLABA,2025-04-20 15:00:00,18.9,72.8167,11.0,29.7,25.9,,1008.4,80.0,29.7,1008.4,80.0,False,,,
INM00043057,BOMBAY / COLABA,2025-04-21 00:00:00,18.9,72.8167,11.0,28.5,25.9,,1008.1,86.0,28.5,1008.1,86.0,False,,,
INM00043057,BOMBAY / COLABA,2025-04-21 03:00:00,18.9,72.8167,11.0,29.2,26.4,,1010.6,85.0,29.2,1010.6,85.0,False,,,
INM00043057,BOMBAY / COLABA,2025-04-21 06:00:00,18.9,72.8167,11.0,33.0,26.9,,1011.4,70.0,33.0,1011.4,70.0,False,,,
INM00043057,BOMBAY / COLABA,2025-04-21 12:00:00,18.9,72.8167,11.0,31.2,25.6,,1008.7,72.0,31.2,1008.7,72.0,False,,,
INM00043057,BOMBAY / COLABA,2025-04-21 15:00:00,18.9,72.8167,11.0,30.0,26.7,,1010.4,83.0,30.0,1010.4,83.0,False,,,
INM00043057,BOMBAY / COLABA,2025-04-22 00:00:00,18.9,72.8167,11.0,28.0,23.9,,1009.0,78.0,28.0,1009.0,78.0,False,,,
INM00043057,BOMBAY / COLABA,2025-04-22 03:00:00,18.9,72.8167,11.0,28.4,25.0,,1011.4,82.0,28.4,1011.4,82.0,False,,,
INM00043057,BOMBAY / COLABA,2025-04-22 06:00:00,18.9,72.8167,11.0,33.0,23.5,,1011.2,57.0,33.0,1011.2,57.0,False,,,
INM00043057,BOMBAY / COLABA,2025-04-22 09:00:00,18.9,72.8167,11.0,32.6,28.2,,1008.8,78.0,32.6,1008.8,78.0,False,,,
INM00043057,BOMBAY / COLABA,2025-04-22 12:00:00,18.9,72.8167,11.0,31.6,26.6,,1007.5,75.0,31.6,1007.5,75.0,False,,,
INM00043057,BOMBAY / COLABA,2025-04-22 15:00:00,18.9,72.8167,11.0,30.7,26.0,,1009.0,76.0,30.7,1009.0,76.0,False,,,
INM00043057,BOMBAY / COLABA,2025-04-23 00:00:00,18.9,72.8167,11.0,28.5,25.6,,1008.4,84.0,28.5,1008.4,84.0,False,,,
INM00043057,BOMBAY / COLABA,2025-04-23 03:00:00,18.9,72.8167,11.0,29.0,27.1,,1010.5,90.0,29.0,1010.5,90.0,False,,,
INM00043057,BOMBAY / COLABA,2025-04-23 06:00:00,18.9,72.8167,11.0,33.0,28.1,,1010.1,75.0,33.0,1010.1,75.0,False,,,
INM00043057,BOMBAY / COLABA,2025-04-23 09:00:00,18.9,72.8167,11.0,33.4,26.8,,980.3816901703717,68.0,33.4,1007.2,68.0,True,spike,32,sea_level_pressure
INM00043057,BOMBAY / COLABA,2025-04-23 12:00:00,18.9,72.8167,11.0,31.7,26.2,,1005.5,73.0,31.7,1005.5,73.0,False,,,
INM00043057,BOMBAY / COLABA,2025-04-24 00:00:00,18.9,72.8167,11.0,28.5,25.9,,1006.9,86.0,28.5,1006.9,86.0,False,,,
INM00043057,BOMBAY / COLABA,2025-04-24 03:00:00,18.9,72.8167,11.0,29.2,27.0,,1009.3,88.0,29.2,1009.3,88.0,False,,,
INM00043057,BOMBAY / COLABA,2025-04-24 06:00:00,18.9,72.8167,11.0,33.2,27.1,,1009.5,70.0,33.2,1009.5,70.0,False,,,
INM00043057,BOMBAY / COLABA,2025-04-24 09:00:00,18.9,72.8167,11.0,34.0,26.2,,1006.8,64.0,34.0,1006.8,64.0,False,,,
INM00043057,BOMBAY / COLABA,2025-04-24 12:00:00,18.9,72.8167,11.0,31.7,25.6,,1005.7,70.0,31.7,1005.7,70.0,False,,,
INM00043057,BOMBAY / COLABA,2025-04-24 15:00:00,18.9,72.8167,11.0,30.5,25.6,,1007.0,75.0,30.5,1007.0,75.0,False,,,
INM00043057,BOMBAY / COLABA,2025-04-25 00:00:00,18.9,72.8167,11.0,28.2,25.1,,1006.9,83.0,28.2,1006.9,83.0,False,,,
INM00043057,BOMBAY / COLABA,2025-04-25 03:00:00,18.9,72.8167,11.0,28.6,25.5,,1009.6,83.0,28.6,1009.6,83.0,False,,,
INM00043057,BOMBAY / COLABA,2025-04-25 06:00:00,18.9,72.8167,11.0,32.7,25.5,,1010.3,66.0,32.7,1010.3,66.0,False,,,
INM00043057,BOMBAY / COLABA,2025-04-25 09:00:00,18.9,72.8167,11.0,32.7,23.3,,1007.3,58.0,32.7,1007.3,58.0,False,,,
INM00043057,BOMBAY / COLABA,2025-04-25 12:00:00,18.9,72.8167,11.0,31.5,21.0,,1006.0,54.0,31.5,1006.0,54.0,False,,,
INM00043057,BOMBAY / COLABA,2025-04-25 15:00:00,18.9,72.8167,11.0,30.5,22.2,,1007.7,61.0,30.5,1007.7,61.0,False,,,
INM00043057,BOMBAY / COLABA,2025-04-26 00:00:00,18.9,72.8167,11.0,28.0,22.7,,1007.1,73.0,28.0,1007.1,73.0,False,,,
INM00043057,BOMBAY / COLABA,2025-04-26 03:00:00,18.9,72.8167,11.0,29.0,24.8,,1009.0,78.0,29.0,1009.0,78.0,False,,,
INM00043057,BOMBAY / COLABA,2025-04-26 06:00:00,18.9,72.8167,11.0,32.5,24.4,,1009.1,62.0,32.5,1009.1,62.0,False,,,
INM00043057,BOMBAY / COLABA,2025-04-26 09:00:00,18.9,72.8167,11.0,33.2,24.7,,1007.1,61.0,33.2,1007.1,61.0,False,,,
INM00043057,BOMBAY / COLABA,2025-04-26 12:00:00,18.9,72.8167,11.0,31.7,24.7,,1006.1,66.0,31.7,1006.1,66.0,False,,,
INM00043057,BOMBAY / COLABA,2025-04-26 15:00:00,18.9,72.8167,11.0,30.5,24.4,,1007.6,70.0,30.5,1007.6,70.0,False,,,
INM00043057,BOMBAY / COLABA,2025-04-27 03:00:00,18.9,72.8167,11.0,28.4,25.3,,1009.5,83.0,28.4,1009.5,83.0,False,,,
INM00043057,BOMBAY / COLABA,2025-04-27 06:00:00,18.9,72.8167,11.0,32.6,25.3,,1009.7,65.0,32.6,1009.7,65.0,True,frozen,31,relative_humidity
INM00043057,BOMBAY / COLABA,2025-04-27 09:00:00,18.9,72.8167,11.0,33.2,25.3,,1007.2,65.0,33.2,1007.2,63.0,True,frozen,31,relative_humidity
INM00043057,BOMBAY / COLABA,2025-04-27 12:00:00,18.9,72.8167,11.0,31.6,25.7,,1005.5,65.0,31.6,1005.5,71.0,True,frozen,31,relative_humidity
INM00043057,BOMBAY / COLABA,2025-04-27 15:00:00,18.9,72.8167,11.0,30.6,25.2,,1007.4,65.0,30.6,1007.4,73.0,True,frozen,31,relative_humidity
INM00043057,BOMBAY / COLABA,2025-04-28 00:00:00,18.9,72.8167,11.0,28.6,25.2,,1007.6,65.0,28.6,1007.6,82.0,True,frozen,31,relative_humidity
INM00043057,BOMBAY / COLABA,2025-04-28 03:00:00,18.9,72.8167,11.0,29.2,25.8,,1009.1,65.0,29.2,1009.1,82.0,True,frozen,31,relative_humidity
INM00043057,BOMBAY / COLABA,2025-04-28 06:00:00,18.9,72.8167,11.0,33.5,24.9,,1008.8,65.0,33.5,1008.8,61.0,True,frozen,31,relative_humidity
INM00043057,BOMBAY / COLABA,2025-04-28 09:00:00,18.9,72.8167,11.0,33.5,24.0,,1006.1,58.0,33.5,1006.1,58.0,False,,,
INM00043057,BOMBAY / COLABA,2025-04-28 12:00:00,18.9,72.8167,11.0,31.5,24.9,,1004.4,68.0,31.5,1004.4,68.0,False,,,
INM00043057,BOMBAY / COLABA,2025-04-28 15:00:00,18.9,72.8167,11.0,30.0,26.1,,1006.2,80.0,30.0,1006.2,80.0,False,,,
INM00043057,BOMBAY / COLABA,2025-04-29 00:00:00,18.9,72.8167,11.0,28.0,24.9,,1006.3,83.0,28.0,1006.3,83.0,False,,,
INM00043057,BOMBAY / COLABA,2025-04-29 03:00:00,18.9,72.8167,11.0,30.4,26.8,,1008.2,81.0,30.4,1008.2,81.0,False,,,
INM00043057,BOMBAY / COLABA,2025-04-29 06:00:00,18.9,72.8167,11.0,33.5,26.2,,1008.2,66.0,33.5,1008.2,66.0,False,,,
INM00043057,BOMBAY / COLABA,2025-04-29 09:00:00,18.9,72.8167,11.0,33.6,25.8,,1006.0,64.0,33.6,1006.0,64.0,False,,,
INM00043057,BOMBAY / COLABA,2025-04-29 12:00:00,18.9,72.8167,11.0,31.6,25.4,,1004.9,70.0,31.6,1004.9,70.0,False,,,
INM00043057,BOMBAY / COLABA,2025-04-29 15:00:00,18.9,72.8167,11.0,30.2,25.7,,1006.3,77.0,30.2,1006.3,77.0,False,,,
INM00043057,BOMBAY / COLABA,2025-04-30 00:00:00,18.9,72.8167,11.0,28.5,26.4,,1007.3,88.0,28.5,1007.3,88.0,False,,,
INM00043057,BOMBAY / COLABA,2025-04-30 03:00:00,18.9,72.8167,11.0,30.0,26.1,,1009.5,80.0,30.0,1009.5,80.0,False,,,
INM00043057,BOMBAY / COLABA,2025-04-30 06:00:00,18.9,72.8167,11.0,33.0,25.1,,1009.2,63.0,33.0,1009.2,63.0,False,,,
INM00043057,BOMBAY / COLABA,2025-04-30 09:00:00,18.9,72.8167,11.0,33.8,26.0,,1007.2,64.0,33.8,1007.2,64.0,False,,,
INM00043057,BOMBAY / COLABA,2025-04-30 12:00:00,18.9,72.8167,11.0,31.5,25.8,,1006.2,72.0,31.5,1006.2,72.0,False,,,
INM00043057,BOMBAY / COLABA,2025-04-30 15:00:00,18.9,72.8167,11.0,30.0,25.8,,1007.0,78.0,30.0,1007.0,78.0,False,,,
INM00043057,BOMBAY / COLABA,2025-05-01 00:00:00,18.9,72.8167,11.0,28.2,25.1,,1008.0,83.0,28.2,1008.0,83.0,False,,,
INM00043057,BOMBAY / COLABA,2025-05-01 03:00:00,18.9,72.8167,11.0,29.8,25.3,,1009.1,77.0,29.8,1009.1,77.0,False,,,
INM00043057,BOMBAY / COLABA,2025-05-01 06:00:00,18.9,72.8167,11.0,33.5,25.9,,1009.5,64.0,33.5,1009.5,64.0,False,,,
INM00043057,BOMBAY / COLABA,2025-05-01 09:00:00,18.9,72.8167,11.0,33.8,26.3,,1007.9,65.0,33.8,1007.9,65.0,False,,,
INM00043057,BOMBAY / COLABA,2025-05-01 12:00:00,18.9,72.8167,11.0,31.6,26.0,,1006.7,72.0,31.6,1006.7,72.0,False,,,
INM00043057,BOMBAY / COLABA,2025-05-01 15:00:00,18.9,72.8167,11.0,30.2,26.3,,1007.2,80.0,30.2,1007.2,80.0,False,,,
INM00043057,BOMBAY / COLABA,2025-05-02 00:00:00,18.9,72.8167,11.0,28.6,25.2,,1008.3,82.0,28.6,1008.3,82.0,False,,,
INM00043057,BOMBAY / COLABA,2025-05-02 03:00:00,18.9,72.8167,11.0,29.6,26.2,,1009.8,82.0,29.6,1009.8,82.0,False,,,
INM00043057,BOMBAY / COLABA,2025-05-02 06:00:00,18.9,72.8167,11.0,33.5,25.9,,1009.4,64.0,33.5,1009.4,64.0,False,,,
INM00043057,BOMBAY / COLABA,2025-05-02 09:00:00,18.9,72.8167,11.0,33.4,25.9,,1008.1,65.0,33.4,1008.1,65.0,False,,,
INM00043057,BOMBAY / COLABA,2025-05-02 12:00:00,18.9,72.8167,11.0,32.0,24.6,,1006.5,65.0,32.0,1006.5,65.0,False,,,
INM00043057,BOMBAY / COLABA,2025-05-02 15:00:00,18.9,72.8167,11.0,30.5,25.3,,1007.7,74.0,30.5,1007.7,74.0,False,,,
INM00043057,BOMBAY / COLABA,2025-05-03 00:00:00,18.9,72.8167,11.0,28.5,25.3,,1007.6,83.0,28.5,1007.6,83.0,False,,,
INM00043057,BOMBAY / COLABA,2025-05-03 03:00:00,18.9,72.8167,11.0,29.4,27.6,,1009.4,90.0,29.4,1009.4,90.0,False,,,
INM00043057,BOMBAY / COLABA,2025-05-03 06:00:00,18.9,72.8167,11.0,34.0,25.0,,1010.0,59.0,34.0,1010.0,59.0,False,,,
INM00043057,BOMBAY / COLABA,2025-05-03 09:00:00,18.9,72.8167,11.0,33.8,26.0,,1008.3,64.0,33.8,1008.3,64.0,False,,,
INM00043057,BOMBAY / COLABA,2025-05-03 12:00:00,18.9,72.8167,11.0,31.5,25.5,,1006.6,71.0,31.5,1006.6,71.0,False,,,
INM00043057,BOMBAY / COLABA,2025-05-03 15:00:00,18.9,72.8167,11.0,30.2,24.8,,1007.4,73.0,30.2,1007.4,73.0,False,,,
INM00043057,BOMBAY / COLABA,2025-05-04 00:00:00,18.9,72.8167,11.0,28.7,24.2,,1007.2,77.0,28.7,1007.2,77.0,False,,,
INM00043057,BOMBAY / COLABA,2025-05-04 03:00:00,18.9,72.8167,11.0,29.8,24.7,,1009.5,74.0,29.8,1009.5,74.0,False,,,
INM00043057,BOMBAY / COLABA,2025-05-04 06:00:00,18.9,72.8167,11.0,34.0,24.7,,1010.1,58.0,34.0,1010.1,58.0,False,,,
INM00043057,BOMBAY / COLABA,2025-05-04 12:00:00,18.9,72.8167,11.0,31.6,24.5,,1006.0,66.0,31.6,1006.0,66.0,False,,,
INM00043057,BOMBAY / COLABA,2025-05-04 15:00:00,18.9,72.8167,11.0,30.5,25.3,,1006.7,74.0,30.5,1006.7,74.0,False,,,
INM00043057,BOMBAY / COLABA,2025-05-05 03:00:00,18.9,72.8167,11.0,29.6,26.2,,1008.0,82.0,29.6,1008.0,82.0,False,,,
INM00043057,BOMBAY / COLABA,2025-05-05 06:00:00,18.9,72.8167,11.0,33.6,25.2,,1008.3,61.0,33.6,1008.3,61.0,False,,,
INM00043057,BOMBAY / COLABA,2025-05-05 09:00:00,18.9,72.8167,11.0,34.0,25.3,,1006.7,60.0,34.0,1006.7,60.0,False,,,
INM00043057,BOMBAY / COLABA,2025-05-05 12:00:00,18.9,72.8167,11.0,31.6,25.4,,1005.4,70.0,31.6,1005.4,70.0,False,,,
INM00043057,BOMBAY / COLABA,2025-05-05 15:00:00,18.9,72.8167,11.0,30.5,25.3,,1008.1,74.0,30.5,1008.1,74.0,False,,,
INM00043057,BOMBAY / COLABA,2025-05-06 00:00:00,18.9,72.8167,11.0,,25.7,,1008.2,80.0,29.5,1008.2,80.0,True,dropout,7,temperature
INM00043057,BOMBAY / COLABA,2025-05-06 03:00:00,18.9,72.8167,11.0,,26.5,,1009.4,79.0,30.5,1009.4,79.0,True,dropout,7,temperature
INM00043057,BOMBAY / COLABA,2025-05-06 06:00:00,18.9,72.8167,11.0,,25.8,,1009.3,64.0,33.6,1009.3,64.0,True,dropout,7,temperature
INM00043057,BOMBAY / COLABA,2025-05-06 09:00:00,18.9,72.8167,11.0,,25.6,,1007.0,64.0,33.2,1007.0,64.0,True,dropout,7,temperature
INM00043057,BOMBAY / COLABA,2025-05-06 12:00:00,18.9,72.8167,11.0,,25.7,,1005.5,71.0,31.6,1005.5,71.0,True,dropout,7,temperature
INM00043057,BOMBAY / COLABA,2025-05-06 15:00:00,18.9,72.8167,11.0,,25.2,,1007.7,73.0,30.6,1007.7,73.0,True,dropout,7,temperature
INM00043057,BOMBAY / COLABA,2025-05-07 00:00:00,18.9,72.8167,11.0,27.2,24.3,,1007.1,84.0,27.2,1007.1,84.0,False,,,
INM00043057,BOMBAY / COLABA,2025-05-07 03:00:00,18.9,72.8167,11.0,28.2,24.5,,1008.1,80.0,28.2,1008.1,80.0,False,,,
INM00043057,BOMBAY / COLABA,2025-05-07 06:00:00,18.9,72.8167,11.0,32.0,25.8,,1008.1,70.0,32.0,1008.1,70.0,False,,,
INM00043057,BOMBAY / COLABA,2025-05-07 09:00:00,18.9,72.8167,11.0,30.6,25.2,,1006.2,73.0,30.6,1006.2,73.0,False,,,
INM00043057,BOMBAY / COLABA,2025-05-07 12:00:00,18.9,72.8167,11.0,25.5,23.7,,1006.2,90.0,25.5,1006.2,90.0,False,,,
INM00043057,BOMBAY / COLABA,2025-05-07 15:00:00,18.9,72.8167,11.0,24.5,23.5,,1008.3,94.0,24.5,1008.3,94.0,False,,,
INM00043057,BOMBAY / COLABA,2025-05-08 00:00:00,18.9,72.8167,11.0,26.7,21.7,,1005.7,74.0,26.7,1005.7,74.0,False,,,
INM00043057,BOMBAY / COLABA,2025-05-08 03:00:00,18.9,72.8167,11.0,26.6,24.0,,1008.1,86.0,26.6,1008.1,86.0,False,,,
INM00043057,BOMBAY / COLABA,2025-05-08 06:00:00,18.9,72.8167,11.0,29.5,25.7,,1008.5,80.0,29.5,1008.5,80.0,False,,,
INM00043057,BOMBAY / COLABA,2025-05-08 09:00:00,18.9,72.8167,11.0,30.2,24.5,,1007.1,72.0,30.2,1007.1,72.0,False,,,
INM00043057,BOMBAY / COLABA,2025-05-08 12:00:00,18.9,72.8167,11.0,29.6,24.5,,1006.1,74.0,29.6,1006.1,74.0,False,,,
INM00043057,BOMBAY / COLABA,2025-05-08 15:00:00,18.9,72.8167,11.0,28.2,24.5,,1006.9,80.0,28.2,1006.9,80.0,False,,,
INM00043057,BOMBAY / COLABA,2025-05-09 00:00:00,18.9,72.8167,11.0,25.6,24.4,,1007.2,93.0,25.6,1007.2,93.0,False,,,
INM00043057,BOMBAY / COLABA,2025-05-09 03:00:00,18.9,72.8167,11.0,27.6,24.4,,1009.3,83.0,27.6,1009.3,83.0,False,,,
INM00043057,BOMBAY / COLABA,2025-05-09 06:00:00,18.9,72.8167,11.0,29.7,25.0,,1010.1,76.0,29.7,1010.1,76.0,False,,,
INM00043057,BOMBAY / COLABA,2025-05-09 09:00:00,18.9,72.8167,11.0,31.6,24.5,,1007.4,66.0,31.6,1007.4,66.0,False,,,
INM00043057,BOMBAY / COLABA,2025-05-09 12:00:00,18.9,72.8167,11.0,30.5,25.6,,1006.5,75.0,30.5,1006.5,75.0,False,,,
INM00043057,BOMBAY / COLABA,2025-05-09 15:00:00,18.9,72.8167,11.0,29.5,25.4,,1008.0,79.0,29.5,1008.0,79.0,False,,,
INM00043057,BOMBAY / COLABA,2025-05-10 00:00:00,18.9,72.8167,11.0,28.5,25.9,,1007.4,86.0,28.5,1007.4,86.0,False,,,
INM00043057,BOMBAY / COLABA,2025-05-10 03:00:00,18.9,72.8167,11.0,29.0,25.0,,1009.2,79.0,29.0,1009.2,79.0,False,,,
INM00043057,BOMBAY / COLABA,2025-05-10 06:00:00,18.9,72.8167,11.0,32.5,24.1,,1009.7,61.0,32.5,1009.7,61.0,False,,,
INM00043057,BOMBAY / COLABA,2025-05-10 09:00:00,18.9,72.8167,11.0,31.7,25.3,,1007.9,69.0,31.7,1007.9,69.0,False,,,
INM00043057,BOMBAY / COLABA,2025-05-10 12:00:00,18.9,72.8167,11.0,30.7,25.4,,1006.0,73.0,30.7,1006.0,73.0,False,,,
INM00043057,BOMBAY / COLABA,2025-05-10 15:00:00,18.9,72.8167,11.0,29.7,25.9,,1008.2,80.0,29.7,1008.2,80.0,False,,,
INM00043057,BOMBAY / COLABA,2025-05-11 00:00:00,18.9,72.8167,11.0,27.0,25.6,,1007.7,92.0,27.0,1007.7,92.0,False,,,
INM00043057,BOMBAY / COLABA,2025-05-11 03:00:00,18.9,72.8167,11.0,28.0,26.6,,1009.0,92.0,28.0,1009.0,92.0,False,,,
INM00043057,BOMBAY / COLABA,2025-05-11 09:00:00,18.9,72.8167,11.0,32.7,25.8,,1006.3,67.0,32.7,1006.3,67.0,False,,,
INM00043057,BOMBAY / COLABA,2025-05-11 12:00:00,18.9,72.8167,11.0,31.5,25.2,,1004.7,69.0,31.5,1004.7,69.0,False,,,
INM00043057,BOMBAY / COLABA,2025-05-11 15:00:00,18.9,72.8167,11.0,30.0,24.9,,1006.9,74.0,30.0,1006.9,74.0,False,,,
INM00043057,BOMBAY / COLABA,2025-05-12 00:00:00,18.9,72.8167,11.0,29.5,26.6,,1006.3,84.0,29.5,1006.3,84.0,False,,,
INM00043057,BOMBAY / COLABA,2025-05-12 03:00:00,18.9,72.8167,11.0,30.4,26.8,,1008.1,81.0,30.4,1008.1,81.0,False,,,
INM00043057,BOMBAY / COLABA,2025-05-12 06:00:00,18.9,72.8167,11.0,32.7,24.6,,1007.8,62.0,32.7,1007.8,62.0,False,,,
INM00043057,BOMBAY / COLABA,2025-05-12 09:00:00,18.9,72.8167,11.0,33.0,26.0,,1005.5,67.0,33.0,1005.5,67.0,False,,,
INM00043057,BOMBAY / COLABA,2025-05-12 12:00:00,18.9,72.8167,11.0,31.6,25.4,,1003.7,70.0,31.6,1003.7,70.0,False,,,
INM00043057,BOMBAY / COLABA,2025-05-12 15:00:00,18.9,72.8167,11.0,30.5,25.6,,1005.9,75.0,30.5,1005.9,75.0,False,,,
INM00043057,BOMBAY / COLABA,2025-05-13 00:00:00,18.9,72.8167,11.0,29.5,26.9,,1005.8,86.0,29.5,1005.8,86.0,False,,,
INM00043057,BOMBAY / COLABA,2025-05-13 03:00:00,18.9,72.8167,11.0,30.5,27.4,,1008.0,84.0,30.5,1008.0,84.0,False,,,
INM00043057,BOMBAY / COLABA,2025-05-13 06:00:00,18.9,72.8167,11.0,34.0,25.6,,1008.1,62.0,34.0,1008.1,62.0,False,,,
INM00043057,BOMBAY / COLABA,2025-05-13 09:00:00,18.9,72.8167,11.0,33.4,25.6,,1005.7,64.0,33.4,1005.7,64.0,False,,,
INM00043057,BOMBAY / COLABA,2025-05-13 12:00:00,18.9,72.8167,11.0,31.7,25.9,,1004.5,71.0,31.7,1004.5,71.0,False,,,
INM00043057,BOMBAY / COLABA,2025-05-13 15:00:00,18.9,72.8167,11.0,30.6,25.8,,1006.6,76.0,30.6,1006.6,76.0,False,,,
INM00043057,BOMBAY / COLABA,2025-05-14 00:00:00,18.9,72.8167,11.0,29.6,27.4,,1006.8,88.0,29.6,1006.8,88.0,False,,,
INM00043057,BOMBAY / COLABA,2025-05-14 03:00:00,18.9,72.8167,11.0,30.2,26.9,,1007.8,83.0,30.2,1007.8,83.0,False,,,
INM00043057,BOMBAY / COLABA,2025-05-14 06:00:00,18.9,72.8167,11.0,33.6,26.1,,1008.1,65.0,33.6,1008.1,65.0,False,,,
INM00043057,BOMBAY / COLABA,2025-05-14 09:00:00,18.9,72.8167,11.0,33.0,25.7,,1005.8,65.0,33.0,1005.8,65.0,False,,,
INM00043057,BOMBAY / COLABA,2025-05-14 12:00:00,18.9,72.8167,11.0,31.5,27.0,,1005.3,77.0,31.5,1005.3,77.0,False,,,
INM00043057,BOMBAY / COLABA,2025-05-14 15:00:00,18.9,72.8167,11.0,30.7,26.6,,1006.7,79.0,30.7,1006.7,79.0,False,,,
INM00043057,BOMBAY / COLABA,2025-05-15 00:00:00,18.9,72.8167,11.0,29.2,26.7,,1006.7,86.0,29.2,1006.7,86.0,False,,,
INM00043057,BOMBAY / COLABA,2025-05-15 03:00:00,18.9,72.8167,11.0,30.0,27.2,,1008.2,85.0,30.0,1008.2,85.0,False,,,
INM00043057,BOMBAY / COLABA,2025-05-15 06:00:00,18.9,72.8167,11.0,33.6,27.0,,1008.4,68.0,33.6,1008.4,68.0,False,,,
INM00043057,BOMBAY / COLABA,2025-05-15 09:00:00,18.9,72.8167,11.0,33.6,26.1,,1006.1,65.0,33.6,1006.1,65.0,False,,,
INM00043057,BOMBAY / COLABA,2025-05-15 12:00:00,18.9,72.8167,11.0,31.7,25.3,,1005.9,69.0,31.7,1005.9,69.0,False,,,
INM00043057,BOMBAY / COLABA,2025-05-15 15:00:00,18.9,72.8167,11.0,30.7,25.4,,1006.4,73.0,30.7,1006.4,73.0,False,,,
INM00043057,BOMBAY / COLABA,2025-05-16 00:00:00,18.9,72.8167,11.0,28.6,26.9,,1006.0,91.0,28.6,1006.0,91.0,False,,,
INM00043057,BOMBAY / COLABA,2025-05-16 03:00:00,18.9,72.8167,11.0,29.6,27.4,,1007.6,88.0,29.6,1007.6,88.0,False,,,
INM00043057,BOMBAY / COLABA,2025-05-16 06:00:00,18.9,72.8167,11.0,33.6,26.1,,1008.2,65.0,33.6,1008.2,65.0,False,,,
INM00043057,BOMBAY / COLABA,2025-05-16 09:00:00,18.9,72.8167,11.0,32.5,25.7,,1006.0,67.0,32.5,1006.0,67.0,False,,,
INM00043057,BOMBAY / COLABA,2025-05-16 12:00:00,18.9,72.8167,11.0,31.5,25.2,,1005.5,69.0,31.5,1005.5,69.0,False,,,
INM00043057,BOMBAY / COLABA,2025-05-16 15:00:00,18.9,72.8167,11.0,30.6,25.8,,1007.3,76.0,30.6,1007.3,76.0,False,,,
INM00043057,BOMBAY / COLABA,2025-05-17 00:00:00,18.9,72.8167,11.0,30.0,26.4,,1006.5,81.0,30.0,1006.5,81.0,False,,,
INM00043057,BOMBAY / COLABA,2025-05-17 03:00:00,18.9,72.8167,11.0,28.2,26.8,,1007.7,92.0,28.2,1007.7,92.0,False,,,
INM00043057,BOMBAY / COLABA,2025-05-17 06:00:00,18.9,72.8167,11.0,28.5,27.0,,1008.0,92.0,28.5,1008.0,92.0,False,,,
INM00043057,BOMBAY / COLABA,2025-05-17 09:00:00,18.9,72.8167,11.0,31.0,27.1,,1006.2,80.0,31.0,1006.2,80.0,False,,,
INM00043057,BOMBAY / COLABA,2025-05-17 12:00:00,18.9,72.8167,11.0,31.0,25.1,,1005.0,71.0,31.0,1005.0,71.0,False,,,
INM00043057,BOMBAY / COLABA,2025-05-17 15:00:00,18.9,72.8167,11.0,30.0,25.2,,1006.5,75.0,30.0,1006.5,75.0,False,,,
INM00043057,BOMBAY / COLABA,2025-05-18 00:00:00,18.9,72.8167,11.0,29.0,26.5,,1006.0,86.0,29.0,1006.0,86.0,False,,,
INM00043057,BOMBAY / COLABA,2025-05-18 03:00:00,18.9,72.8167,11.0,30.2,26.9,,1007.5,83.0,30.2,1007.5,83.0,False,,,
INM00043057,BOMBAY / COLABA,2025-05-18 06:00:00,18.9,72.8167,11.0,33.2,25.3,,1007.2,63.0,33.2,1007.2,63.0,False,,,
INM00043057,BOMBAY / COLABA,2025-05-18 09:00:00,18.9,72.8167,11.0,33.0,24.8,,1004.9,62.0,33.0,1004.9,62.0,False,,,
INM00043057,BOMBAY / COLABA,2025-05-18 12:00:00,18.9,72.8167,11.0,31.7,24.1,,1003.5,64.0,31.7,1003.5,64.0,False,,,
INM00043057,BOMBAY / COLABA,2025-05-18 15:00:00,18.9,72.8167,11.0,30.5,25.3,,1004.7,74.0,30.5,1004.7,74.0,False,,,
INM00043057,BOMBAY / COLABA,2025-05-19 03:00:00,18.9,72.8167,11.0,30.2,26.6,,1005.9,81.0,30.2,1005.9,81.0,False,,,
INM00043057,BOMBAY / COLABA,2025-05-19 06:00:00,18.9,72.8167,11.0,32.7,26.1,,1006.3,68.0,32.7,1006.3,68.0,False,,,
INM00043057,BOMBAY / COLABA,2025-05-19 09:00:00,18.9,72.8167,11.0,33.2,26.9,,1004.6,70.0,33.2,1004.6,70.0,False,,,
INM00043057,BOMBAY / COLABA,2025-05-19 12:00:00,18.9,72.8167,11.0,32.0,26.1,,1002.7,71.0,32.0,1002.7,71.0,True,drift,27,temperature
INM00043057,BOMBAY / COLABA,2025-05-19 15:00:00,18.9,72.8167,11.0,31.272382055494102,26.0,,1004.6,75.0,31.0,1004.6,75.0,True,drift,27,temperature
INM00043057,BOMBAY / COLABA,2025-05-20 00:00:00,18.9,72.8167,11.0,31.0447641109882,26.2,,1003.6,78.0,30.5,1003.6,78.0,True,drift,27,temperature
INM00043057,BOMBAY / COLABA,2025-05-20 03:00:00,18.9,72.8167,11.0,32.2171461664823,27.6,,1004.7,80.0,31.4,1004.7,80.0,True,drift,27,temperature
INM00043057,BOMBAY / COLABA,2025-05-20 06:00:00,18.9,72.8167,11.0,33.6895282219764,27.4,,1004.8,74.0,32.6,1004.8,74.0,True,drift,27,temperature
INM00043057,BOMBAY / COLABA,2025-05-20 09:00:00,18.9,72.8167,11.0,34.06191027747051,27.3,,1002.1,73.0,32.7,1002.1,73.0,True,drift,27,temperature
INM00043057,BOMBAY / COLABA,2025-05-20 12:00:00,18.9,72.8167,11.0,33.3342923329646,26.8,,1001.3,75.0,31.7,1001.3,75.0,True,drift,27,temperature
INM00043057,BOMBAY / COLABA,2025-05-20 15:00:00,18.9,72.8167,11.0,30.606674388458703,25.7,,1003.7,84.0,28.7,1003.7,84.0,True,drift,27,temperature
INM00043057,BOMBAY / COLABA,2025-05-21 00:00:00,18.9,72.8167,11.0,28.179056443952806,24.6,,1003.8,92.0,26.0,1003.8,92.0,True,drift,27,temperature
INM00043057,BOMBAY / COLABA,2025-05-21 03:00:00,18.9,72.8167,11.0,29.45143849944691,25.6,,1004.4,92.0,27.0,1004.4,92.0,True,drift,27,temperature
INM00043057,BOMBAY / COLABA,2025-05-21 06:00:00,18.9,72.8167,11.0,31.423820554941006,25.4,,1005.1,82.0,28.7,1005.1,82.0,True,drift,27,temperature
INM00043057,BOMBAY / COLABA,2025-05-21 09:00:00,18.9,72.8167,11.0,34.59620261043511,27.8,,1002.8,80.0,31.6,1002.8,80.0,True,drift,27,temperature
INM00043057,BOMBAY / COLABA,2025-05-21 12:00:00,18.9,72.8167,11.0,34.26858466592921,25.7,,1000.8,73.0,31.0,1000.8,73.0,True,drift,27,temperature
INM00043057,BOMBAY / COLABA,2025-05-21 15:00:00,18.9,72.8167,11.0,33.740966721423305,26.9,,1003.1,83.0,30.2,1003.1,83.0,True,drift,27,temperature
INM00043057,BOMBAY / COLABA,2025-05-22 00:00:00,18.9,72.8167,11.0,30.313348776917408,25.0,,1001.7,92.0,26.5,1001.7,92.0,True,drift,27,temperature
INM00043057,BOMBAY / COLABA,2025-05-22 03:00:00,18.9,72.8167,11.0,30.88573083241151,25.1,,1002.8,90.0,26.8,1002.8,90.0,True,drift,27,temperature
INM00043057,BOMBAY / COLABA,2025-05-22 06:00:00,18.9,72.8167,11.0,35.05811288790561,24.5,,1002.9,70.0,30.7,1002.9,70.0,True,drift,27,temperature
INM00043057,BOMBAY / COLABA,2025-05-22 09:00:00,18.9,72.8167,11.0,36.63049494339971,23.7,,1000.3,62.0,32.0,1000.3,62.0,True,drift,27,temperature
INM00043057,BOMBAY / COLABA,2025-05-22 12:00:00,18.9,72.8167,11.0,35.10287699889381,26.0,,1000.7,78.0,30.2,1000.7,78.0,True,drift,27,temperature
INM00043057,BOMBAY / COLABA,2025-05-22 15:00:00,18.9,72.8167,11.0,34.37525905438791,26.4,,1001.5,85.0,29.2,1001.5,85.0,True,drift,27,temperature
INM00043057,BOMBAY / COLABA,2025-05-23 00:00:00,18.9,72.8167,11.0,32.047641109882015,25.5,,999.5,94.0,26.6,999.5,94.0,True,drift,27,temperature
INM00043057,BOMBAY / COLABA,2025-05-23 03:00:00,18.9,72.8167,11.0,33.52002316537612,26.7,,1000.5,94.0,27.8,1000.5,94.0,True,drift,27,temperature
INM00043057,BOMBAY / COLABA,2025-05-23 06:00:00,18.9,72.8167,11.0,35.59240522087022,28.2,,1000.2,92.0,29.6,1000.2,92.0,True,drift,27,temperature
INM00043057,BOMBAY / COLABA,2025-05-23 09:00:00,18.9,72.8167,11.0,37.764787276364316,28.4,,998.2,84.0,31.5,998.2,84.0,True,drift,27,temperature
INM00043057,BOMBAY / COLABA,2025-05-23 12:00:00,18.9,72.8167,11.0,36.037169331858415,24.5,,996.9,75.0,29.5,996.9,75.0,True,drift,27,temperature
INM00043057,BOMBAY / COLABA,2025-05-23 15:00:00,18.9,72.8167,11.0,36.509551387352516,25.3,,998.6,77.0,29.7,998.6,77.0,True,drift,27,temperature
INM00043057,BOMBAY / COLABA,2025-05-24 00:00:00,18.9,72.8167,11.0,36.08193344284662,25.9,,998.3,83.0,29.0,998.3,83.0,True,drift,27,temperature
INM00043057,BOMBAY / COLABA,2025-05-24 03:00:00,18.9,72.8167,11.0,37.35431549834072,26.7,,999.9,83.0,30.0,999.9,83.0,True,drift,27,temperature
INM00043057,BOMBAY / COLABA,2025-05-24 06:00:00,18.9,72.8167,11.0,38.626697553834816,27.4,,999.8,81.0,31.0,999.8,81.0,True,drift,27,temperature
INM00043057,BOMBAY / COLABA,2025-05-24 09:00:00,18.9,72.8167,11.0,39.59907960932892,27.4,,998.8,78.0,31.7,998.8,78.0,True,drift,27,temperature
INM00043057,BOMBAY / COLABA,2025-05-24 12:00:00,18.9,72.8167,11.0,31.5,26.4,,997.0,74.0,31.5,997.0,74.0,False,,,
INM00043057,BOMBAY / COLABA,2025-05-24 15:00:00,18.9,72.8167,11.0,30.6,27.6,,999.4,84.0,30.6,999.4,84.0,False,,,
INM00043057,BOMBAY / COLABA,2025-05-25 00:00:00,18.9,72.8167,11.0,26.5,24.7,,999.3,90.0,26.5,999.3,90.0,False,,,
INM00043057,BOMBAY / COLABA,2025-05-25 03:00:00,18.9,72.8167,11.0,26.7,25.4,,1001.4,93.0,26.7,1001.4,93.0,False,,,
INM00043057,BOMBAY / COLABA,2025-05-25 06:00:00,18.9,72.8167,11.0,28.0,26.9,,1002.7,94.0,28.0,1002.7,94.0,False,,,
INM00043057,BOMBAY / COLABA,2025-05-25 09:00:00,18.9,72.8167,11.0,28.7,27.4,,1000.8,93.0,28.7,1000.8,93.0,False,,,
INM00043057,BOMBAY / COLABA,2025-05-25 12:00:00,18.9,72.8167,11.0,28.7,27.1,,1000.4,91.0,28.7,1000.4,91.0,False,,,
INM00043057,BOMBAY / COLABA,2025-05-25 15:00:00,18.9,72.8167,11.0,29.2,27.3,,1002.3,90.0,29.2,1002.3,90.0,False,,,
INM00043057,BOMBAY / COLABA,2025-05-26 00:00:00,18.9,72.8167,11.0,28.0,26.0,,1000.9,89.0,28.0,1000.9,89.0,False,,,
INM00043057,BOMBAY / COLABA,2025-05-26 03:00:00,18.9,72.8167,11.0,27.6,26.2,,1002.0,92.0,27.6,1002.0,92.0,False,,,
INM00043057,BOMBAY / COLABA,2025-05-26 06:00:00,18.9,72.8167,11.0,26.0,24.9,,1003.8,94.0,26.0,1003.8,94.0,False,,,
INM00043057,BOMBAY / COLABA,2025-05-26 12:00:00,18.9,72.8167,11.0,27.0,25.9,,1000.4,94.0,27.0,1000.4,94.0,False,,,
INM00043057,BOMBAY / COLABA,2025-05-27 00:00:00,18.9,72.8167,11.0,26.6,25.2,,1001.7,92.0,26.6,1001.7,92.0,False,,,
INM00043057,BOMBAY / COLABA,2025-05-27 03:00:00,18.9,72.8167,11.0,26.5,25.0,,1003.2,92.0,26.5,1003.2,92.0,False,,,
INM00043057,BOMBAY / COLABA,2025-05-27 06:00:00,18.9,72.8167,11.0,26.5,25.3,,1003.8,93.0,26.5,1003.8,93.0,False,,,
INM00043057,BOMBAY / COLABA,2025-05-27 09:00:00,18.9,72.8167,11.0,26.0,24.9,,1001.9,94.0,26.0,1001.9,94.0,False,,,
INM00043057,BOMBAY / COLABA,2025-05-27 12:00:00,18.9,72.8167,11.0,25.6,24.7,,999.9,95.0,25.6,999.9,95.0,False,,,
INM00043057,BOMBAY / COLABA,2025-05-27 15:00:00,18.9,72.8167,11.0,26.0,24.6,,1002.2,92.0,26.0,1002.2,92.0,False,,,
INM00043057,BOMBAY / COLABA,2025-05-28 00:00:00,18.9,72.8167,11.0,26.6,24.9,,1001.2,90.0,26.6,1001.2,90.0,False,,,
INM00043057,BOMBAY / COLABA,2025-05-28 03:00:00,18.9,72.8167,11.0,26.6,24.9,,1002.9,90.0,26.6,1002.9,90.0,False,,,
INM00043057,BOMBAY / COLABA,2025-05-28 06:00:00,18.9,72.8167,11.0,28.5,25.9,,1003.1,86.0,28.5,1003.1,86.0,False,,,
INM00043057,BOMBAY / COLABA,2025-05-28 09:00:00,18.9,72.8167,11.0,29.7,27.0,,1001.7,85.0,29.7,1001.7,85.0,False,,,
INM00043057,BOMBAY / COLABA,2025-05-28 12:00:00,18.9,72.8167,11.0,25.5,24.2,,1000.0,93.0,25.5,1000.0,93.0,False,,,
INM00043057,BOMBAY / COLABA,2025-05-28 15:00:00,18.9,72.8167,11.0,25.5,24.2,,1001.8,93.0,25.5,1001.8,93.0,False,,,
INM00043057,BOMBAY / COLABA,2025-05-29 00:00:00,18.9,72.8167,11.0,26.7,25.7,,1000.4,94.0,26.7,1000.4,94.0,False,,,
INM00043057,BOMBAY / COLABA,2025-05-29 03:00:00,18.9,72.8167,11.0,27.6,26.2,,1001.7,92.0,27.6,1001.7,92.0,False,,,
INM00043057,BOMBAY / COLABA,2025-05-29 06:00:00,18.9,72.8167,11.0,30.5,27.1,,1001.5,82.0,30.5,1001.5,82.0,False,,,
INM00043057,BOMBAY / COLABA,2025-05-29 09:00:00,18.9,72.8167,11.0,31.6,28.3,,999.9,83.0,31.6,999.9,83.0,False,,,
INM00043057,BOMBAY / COLABA,2025-05-29 12:00:00,18.9,72.8167,11.0,30.7,27.8,,999.1,85.0,30.7,999.1,85.0,False,,,
INM00043057,BOMBAY / COLABA,2025-05-29 15:00:00,18.9,72.8167,11.0,30.0,27.5,,1000.8,86.0,30.0,1000.8,86.0,False,,,
INM00043057,BOMBAY / COLABA,2025-05-30 00:00:00,18.9,72.8167,11.0,30.0,28.1,,1000.6,90.0,30.0,1000.6,90.0,False,,,
INM00043057,BOMBAY / COLABA,2025-05-30 03:00:00,18.9,72.8167,11.0,30.2,28.3,,1002.4,90.0,30.2,1002.4,90.0,False,,,
INM00043057,BOMBAY / COLABA,2025-05-30 06:00:00,18.9,72.8167,11.0,32.5,27.5,,1003.2,75.0,32.5,1003.2,75.0,False,,,
INM00043057,BOMBAY / COLABA,2025-05-30 09:00:00,18.9,72.8167,11.0,32.8,27.3,,1002.3,73.0,32.8,1002.3,73.0,False,,,
INM00043057,BOMBAY / COLABA,2025-05-30 12:00:00,18.9,72.8167,11.0,31.5,27.3,,1001.4,78.0,31.5,1001.4,78.0,False,,,
INM00043057,BOMBAY / COLABA,2025-05-30 15:00:00,18.9,72.8167,11.0,30.5,27.4,,1003.1,84.0,30.5,1003.1,84.0,False,,,
INM00043057,BOMBAY / COLABA,2025-05-31 00:00:00,18.9,72.8167,11.0,30.2,27.7,,1004.5,87.0,30.2,1004.5,87.0,False,,,
INM00043057,BOMBAY / COLABA,2025-05-31 03:00:00,18.9,72.8167,11.0,30.4,28.2,,1006.2,88.0,30.4,1006.2,88.0,False,,,
INM00043057,BOMBAY / COLABA,2025-05-31 06:00:00,18.9,72.8167,11.0,31.6,28.1,,1007.0,82.0,31.6,1007.0,82.0,False,,,
INM00043057,BOMBAY / COLABA,2025-05-31 09:00:00,18.9,72.8167,11.0,32.0,27.0,,1006.0,75.0,32.0,1006.0,75.0,False,,,
INM00043057,BOMBAY / COLABA,2025-05-31 12:00:00,18.9,72.8167,11.0,31.0,26.8,,1004.8,78.0,31.0,1004.8,78.0,False,,,
INM00043057,BOMBAY / COLABA,2025-05-31 15:00:00,18.9,72.8167,11.0,30.0,26.1,,1005.6,80.0,30.0,1005.6,80.0,False,,,
INM00043057,BOMBAY / COLABA,2025-06-01 00:00:00,18.9,72.8167,11.0,28.7,26.9,,1005.1,90.0,28.7,1005.1,90.0,False,,,
INM00043057,BOMBAY / COLABA,2025-06-01 03:00:00,18.9,72.8167,11.0,30.0,27.8,,1006.6,88.0,30.0,1006.6,88.0,False,,,
INM00043057,BOMBAY / COLABA,2025-06-01 06:00:00,18.9,72.8167,11.0,31.7,26.5,,1007.0,74.0,31.7,1007.0,74.0,False,,,
INM00043057,BOMBAY / COLABA,2025-06-01 09:00:00,18.9,72.8167,11.0,31.7,26.2,,1005.6,73.0,31.7,1005.6,73.0,False,,,
INM00043057,BOMBAY / COLABA,2025-06-01 12:00:00,18.9,72.8167,11.0,31.0,25.7,,1004.8,73.0,31.0,1004.8,73.0,False,,,
INM00043057,BOMBAY / COLABA,2025-06-01 15:00:00,18.9,72.8167,11.0,29.7,26.5,,1005.4,83.0,29.7,1005.4,83.0,False,,,
INM00043057,BOMBAY / COLABA,2025-06-02 00:00:00,18.9,72.8167,11.0,28.5,26.7,,1004.1,90.0,28.5,1004.1,90.0,False,,,
INM00043057,BOMBAY / COLABA,2025-06-02 03:00:00,18.9,72.8167,11.0,29.0,27.6,,1005.5,92.0,29.0,1005.5,92.0,False,,,
INM00043057,BOMBAY / COLABA,2025-06-02 06:00:00,18.9,72.8167,11.0,31.7,26.8,,1005.6,75.0,31.7,1005.6,75.0,False,,,
INM00043057,BOMBAY / COLABA,2025-06-02 09:00:00,18.9,72.8167,11.0,32.0,27.3,,1004.0,76.0,32.0,1004.0,76.0,False,,,
INM00043057,BOMBAY / COLABA,2025-06-02 12:00:00,18.9,72.8167,11.0,31.5,26.7,,1003.5,76.0,31.5,1003.5,76.0,False,,,
INM00043057,BOMBAY / COLABA,2025-06-02 15:00:00,18.9,72.8167,11.0,30.0,26.9,,1004.7,83.0,30.0,1004.7,83.0,False,,,
INM00043057,BOMBAY / COLABA,2025-06-03 00:00:00,18.9,72.8167,11.0,30.0,26.4,,1004.2,81.0,30.0,1004.2,81.0,False,,,
INM00043057,BOMBAY / COLABA,2025-06-03 03:00:00,18.9,72.8167,11.0,30.6,27.3,,1006.0,83.0,30.6,1006.0,83.0,False,,,
INM00043057,BOMBAY / COLABA,2025-06-03 06:00:00,18.9,72.8167,11.0,32.5,26.6,,1006.3,71.0,32.5,1006.3,71.0,False,,,
INM00043057,BOMBAY / COLABA,2025-06-03 09:00:00,18.9,72.8167,11.0,31.6,27.5,,1004.5,79.0,31.6,1004.5,79.0,False,,,
INM00043057,BOMBAY / COLABA,2025-06-03 12:00:00,18.9,72.8167,11.0,31.5,27.3,,1003.6,78.0,31.5,1003.6,78.0,False,,,
INM00043057,BOMBAY / COLABA,2025-06-03 15:00:00,18.9,72.8167,11.0,30.5,26.8,,1004.9,81.0,30.5,1004.9,81.0,False,,,
INM00043057,BOMBAY / COLABA,2025-06-04 00:00:00,18.9,72.8167,11.0,27.0,25.3,,1004.3,90.0,27.0,1004.3,90.0,False,,,
INM00043057,BOMBAY / COLABA,2025-06-04 03:00:00,18.9,72.8167,11.0,27.8,25.5,,1006.3,87.0,27.8,1006.3,87.0,False,,,
INM00043057,BOMBAY / COLABA,2025-06-04 06:00:00,18.9,72.8167,11.0,27.6,26.2,,1007.2,92.0,27.6,1007.2,92.0,False,,,
INM00043057,BOMBAY / COLABA,2025-06-04 09:00:00,18.9,72.8167,11.0,27.0,25.6,,1007.1,92.0,27.0,1007.1,92.0,False,,,
INM00043057,BOMBAY / COLABA,2025-06-04 12:00:00,18.9,72.8167,11.0,27.0,25.3,,1005.8,90.0,27.0,1005.8,90.0,False,,,
INM00043057,BOMBAY / COLABA,2025-06-04 15:00:00,18.9,72.8167,11.0,27.0,24.7,,1007.3,87.0,27.0,1007.3,87.0,False,,,
INM00043057,BOMBAY / COLABA,2025-06-05 00:00:00,18.9,72.8167,11.0,26.7,24.8,,1007.0,89.0,26.7,1007.0,89.0,False,,,
INM00043057,BOMBAY / COLABA,2025-06-05 03:00:00,18.9,72.8167,11.0,28.2,25.7,,1009.3,86.0,28.2,1009.3,86.0,False,,,
INM00043057,BOMBAY / COLABA,2025-06-05 06:00:00,18.9,72.8167,11.0,31.7,26.5,,1009.6,74.0,31.7,1009.6,74.0,False,,,
INM00043057,BOMBAY / COLABA,2025-06-05 09:00:00,18.9,72.8167,11.0,32.5,26.3,,1008.1,70.0,32.5,1008.1,70.0,False,,,
INM00043057,BOMBAY / COLABA,2025-06-05 12:00:00,18.9,72.8167,11.0,31.2,26.5,,1007.1,76.0,31.2,1007.1,76.0,False,,,
INM00043057,BOMBAY / COLABA,2025-06-05 15:00:00,18.9,72.8167,11.0,30.0,26.1,,1009.2,80.0,30.0,1009.2,80.0,False,,,
INM00043057,BOMBAY / COLABA,2025-06-06 00:00:00,18.9,72.8167,11.0,28.6,26.1,,1008.4,86.0,28.6,1008.4,86.0,False,,,
INM00043057,BOMBAY / COLABA,2025-06-06 03:00:00,18.9,72.8167,11.0,29.0,25.6,,1010.3,82.0,29.0,1010.3,82.0,False,,,
INM00043057,BOMBAY / COLABA,2025-06-06 06:00:00,18.9,72.8167,11.0,32.0,24.9,,1010.3,66.0,32.0,1010.3,66.0,False,,,
INM00043057,BOMBAY / COLABA,2025-06-06 09:00:00,18.9,72.8167,11.0,31.2,27.1,,1009.4,79.0,31.2,1009.4,79.0,False,,,
INM00043057,BOMBAY / COLABA,2025-06-06 12:00:00,18.9,72.8167,11.0,30.5,25.0,,1008.1,71.19606932185562,30.5,1008.1,72.0,False,,,
INM00043057,BOMBAY / COLABA,2025-06-06 15:00:00,18.9,72.8167,11.0,30.0,26.1,,1009.0,78.39213864371122,30.0,1009.0,80.0,False,,,
INM00043057,BOMBAY / COLABA,2025-06-07 00:00:00,18.9,72.8167,11.0,29.2,26.7,,1008.6,83.58820796556684,29.2,1008.6,86.0,False,,,
INM00043057,BOMBAY / COLABA,2025-06-07 03:00:00,18.9,72.8167,11.0,27.6,26.2,,1010.4,88.78427728742244,27.6,1010.4,92.0,False,,,
INM00043057,BOMBAY / COLABA,2025-06-07 06:00:00,18.9,72.8167,11.0,30.6,26.1,,1010.6,72.98034660927806,30.6,1010.6,77.0,False,,,
INM00043057,BOMBAY / COLABA,2025-06-07 09:00:00,18.9,72.8167,11.0,25.2,24.6,,1010.2,91.17641593113366,25.2,1010.2,96.0,False,,,
INM00043057,BOMBAY / COLABA,2025-06-07 12:00:00,18.9,72.8167,11.0,25.5,24.8,,1008.5,90.37248525298928,25.5,1008.5,96.0,False,,,
INM00043057,BOMBAY / COLABA,2025-06-07 15:00:00,18.9,72.8167,11.0,25.7,24.9,,1009.2,88.56855457484488,25.7,1009.2,95.0,False,,,
INM00043057,BOMBAY / COLABA,2025-06-08 00:00:00,18.9,72.8167,11.0,26.2,25.1,,1008.4,86.7646238967005,26.2,1008.4,94.0,False,,,
INM00043057,BOMBAY / COLABA,2025-06-08 03:00:00,18.9,72.8167,11.0,27.5,25.7,,1009.9,81.9606932185561,27.5,1009.9,90.0,False,,,
INM00043057,BOMBAY / COLABA,2025-06-08 06:00:00,18.9,72.8167,11.0,30.5,25.9,,1009.8,67.15676254041172,30.5,1009.8,76.0,False,,,
INM00043057,BOMBAY / COLABA,2025-06-08 09:00:00,18.9,72.8167,11.0,31.6,26.6,,1008.3,65.35283186226732,31.6,1008.3,75.0,False,,,
INM00043057,BOMBAY / COLABA,2025-06-08 15:00:00,18.9,72.8167,11.0,30.2,26.3,,1008.8,69.54890118412294,30.2,1008.8,80.0,False,,,
INM00043057,BOMBAY / COLABA,2025-06-09 00:00:00,18.9,72.8167,11.0,29.6,26.5,,1007.2,71.74497050597854,29.6,1007.2,83.0,False,,,
INM00043057,BOMBAY / COLABA,2025-06-09 03:00:00,18.9,72.8167,11.0,30.0,24.9,,1009.1,61.94103982783416,30.0,1009.1,74.0,False,,,
INM00043057,BOMBAY / COLABA,2025-06-09 06:00:00,18.9,72.8167,11.0,32.2,26.1,,1009.3,57.13710914968976,32.2,1009.3,70.0,False,,,
INM00043057,BOMBAY / COLABA,2025-06-09 09:00:00,18.9,72.8167,11.0,30.4,27.7,,1007.5,72.33317847154538,30.4,1007.5,86.0,False,,,
INM00043057,BOMBAY / COLABA,2025-06-09 12:00:00,18.9,72.8167,11.0,30.5,26.2,,1006.0,63.529247793400984,30.5,1006.0,78.0,False,,,
INM00043057,BOMBAY / COLABA,2025-06-09 15:00:00,18.9,72.8167,11.0,30.0,25.8,,1006.8,62.7253171152566,30.0,1006.8,78.0,False,,,
INM00043057,BOMBAY / COLABA,2025-06-10 00:00:00,18.9,72.8167,11.0,29.2,25.8,,1004.7,65.9213864371122,29.2,1004.7,82.0,False,,,
INM00043057,BOMBAY / COLABA,2025-06-10 03:00:00,18.9,72.8167,11.0,29.6,26.2,,1006.7,65.11745575896782,29.6,1006.7,82.0,False,,,
INM00043057,BOMBAY / COLABA,2025-06-10 06:00:00,18.9,72.8167,11.0,32.5,25.7,,1006.9,7.282680484848218,32.5,1006.9,67.0,True,spike,43,relative_humidity
INM00043057,BOMBAY / COLABA,2025-06-10 09:00:00,18.9,72.8167,11.0,32.5,25.7,,1005.3,48.50959440267904,32.5,1005.3,67.0,False,,,
INM00043057,BOMBAY / COLABA,2025-06-10 12:00:00,18.9,72.8167,11.0,30.7,26.6,,1004.4,59.70566372453465,30.7,1004.4,79.0,False,,,
INM00043057,BOMBAY / COLABA,2025-06-10 15:00:00,18.9,72.8167,11.0,30.2,25.4,,1005.3,55.90173304639026,30.2,1005.3,76.0,False,,,
INM00043057,BOMBAY / COLABA,2025-06-11 00:00:00,18.9,72.8167,11.0,29.6,26.5,,1003.3,62.09780236824587,29.6,1003.3,83.0,False,,,
INM00043057,BOMBAY / COLABA,2025-06-11 03:00:00,18.9,72.8167,11.0,30.2,26.6,,1005.4,59.29387169010148,30.2,1005.4,81.0,False,,,
INM00043057,BOMBAY / COLABA,2025-06-11 06:00:00,18.9,72.8167,11.0,32.2,27.2,,1005.4,52.48994101195709,32.2,1005.4,75.0,False,,,
INM00043057,BOMBAY / COLABA,2025-06-11 09:00:00,18.9,72.8167,11.0,32.4,26.9,,1004.0,49.6860103338127,32.4,1004.0,73.0,False,,,
INM00043057,BOMBAY / COLABA,2025-06-11 12:00:00,18.9,72.8167,11.0,31.5,27.0,,1002.4,52.88207965566831,31.5,1002.4,77.0,False,,,
INM00043057,BOMBAY / COLABA,2025-06-11 15:00:00,18.9,72.8167,11.0,31.0,27.1,,1003.4,55.078148977523924,31.0,1003.4,80.0,False,,,
INM00043057,BOMBAY / COLABA,2025-06-12 00:00:00,18.9,72.8167,11.0,30.2,28.0,,1002.2,62.274218299379534,30.2,1002.2,88.0,False,,,
INM00043057,BOMBAY / COLABA,2025-06-12 03:00:00,18.9,72.8167,11.0,30.5,28.2,,1003.1,61.470287621235144,30.5,1003.1,88.0,False,,,
INM00043057,BOMBAY / COLABA,2025-06-12 06:00:00,18.9,72.8167,11.0,31.7,27.1,,1003.8,77.0,31.7,1003.8,77.0,False,,,
INM00043057,BOMBAY / COLABA,2025-06-12 09:00:00,18.9,72.8167,11.0,32.0,26.1,,1001.4,71.0,32.0,1001.4,71.0,False,,,
INM00043057,BOMBAY / COLABA,2025-06-12 12:00:00,18.9,72.8167,11.0,31.2,26.5,,1000.1,76.0,31.2,1000.1,76.0,False,,,
INM00043057,BOMBAY / COLABA,2025-06-12 15:00:00,18.9,72.8167,11.0,30.5,26.8,,1000.9,81.0,30.5,1000.9,81.0,False,,,
INM00043057,BOMBAY / COLABA,2025-06-13 00:00:00,18.9,72.8167,11.0,26.7,25.7,,1001.6,94.0,26.7,1001.6,94.0,False,,,
INM00043057,BOMBAY / COLABA,2025-06-13 03:00:00,18.9,72.8167,11.0,27.0,25.7,,1003.1,93.0,27.0,1003.1,93.0,False,,,
INM00043057,BOMBAY / COLABA,2025-06-13 06:00:00,18.9,72.8167,11.0,28.0,25.7,,1003.1,87.0,28.0,1003.1,87.0,False,,,
INM00043057,BOMBAY / COLABA,2025-06-13 09:00:00,18.9,72.8167,11.0,29.0,24.7,,1001.3,78.0,29.0,1001.3,78.0,False,,,
INM00043057,BOMBAY / COLABA,2025-06-13 12:00:00,18.9,72.8167,11.0,29.0,26.8,,999.8,88.0,29.0,999.8,88.0,False,,,
INM00043057,BOMBAY / COLABA,2025-06-13 15:00:00,18.9,72.8167,11.0,28.0,26.3,,1000.8,91.0,28.0,1000.8,91.0,False,,,
INM00043057,BOMBAY / COLABA,2025-06-14 00:00:00,18.9,72.8167,11.0,27.5,26.0,,999.9,92.0,27.5,999.9,92.0,False,,,
INM00043057,BOMBAY / COLABA,2025-06-14 03:00:00,18.9,72.8167,11.0,28.2,27.1,,1001.2,94.0,28.2,1001.2,94.0,False,,,
INM00043057,BOMBAY / COLABA,2025-06-14 06:00:00,18.9,72.8167,11.0,29.5,27.2,,1001.2,87.0,29.5,1001.2,87.0,False,,,
INM00043057,BOMBAY / COLABA,2025-06-14 09:00:00,18.9,72.8167,11.0,30.7,26.3,,999.5,77.0,30.7,999.5,77.0,False,,,
INM00043057,BOMBAY / COLABA,2025-06-14 12:00:00,18.9,72.8167,11.0,30.5,26.5,,998.2,79.0,30.5,998.2,79.0,False,,,
INM00043057,BOMBAY / COLABA,2025-06-14 15:00:00,18.9,72.8167,11.0,29.5,26.9,,999.0,86.0,29.5,999.0,86.0,False,,,
INM00043057,BOMBAY / COLABA,2025-06-15 00:00:00,18.9,72.8167,11.0,27.6,26.5,,997.8,94.0,27.6,997.8,94.0,False,,,
INM00043057,BOMBAY / COLABA,2025-06-15 03:00:00,18.9,72.8167,11.0,27.4,26.3,,998.0,94.0,27.4,998.0,94.0,False,,,
INM00043057,BOMBAY / COLABA,2025-06-15 06:00:00,18.9,72.8167,11.0,27.5,26.6,,998.2,95.0,27.5,998.2,95.0,False,,,
INM00043057,BOMBAY / COLABA,2025-06-15 09:00:00,18.9,72.8167,11.0,27.6,25.9,,996.4,90.0,27.6,996.4,90.0,False,,,
INM00043057,BOMBAY / COLABA,2025-06-15 12:00:00,18.9,72.8167,11.0,27.5,26.0,,995.6,92.0,27.5,995.6,92.0,False,,,
INM00043057,BOMBAY / COLABA,2025-06-15 15:00:00,18.9,72.8167,11.0,27.5,26.0,,996.6,92.0,27.5,996.6,92.0,False,,,
INM00043057,BOMBAY / COLABA,2025-06-16 00:00:00,18.9,72.8167,11.0,27.0,25.9,,995.9,94.0,27.0,995.9,94.0,False,,,
INM00043057,BOMBAY / COLABA,2025-06-16 03:00:00,18.9,72.8167,11.0,26.6,25.5,,997.9,94.0,26.6,997.9,94.0,False,,,
INM00043057,BOMBAY / COLABA,2025-06-16 06:00:00,18.9,72.8167,11.0,27.7,26.1,,998.8,91.0,27.7,998.8,91.0,False,,,
INM00043057,BOMBAY / COLABA,2025-06-16 12:00:00,18.9,72.8167,11.0,26.5,24.7,,998.6,90.0,26.5,998.6,90.0,False,,,
INM00043057,BOMBAY / COLABA,2025-06-16 15:00:00,18.9,72.8167,11.0,26.5,24.7,,1000.0,90.0,26.5,1000.0,90.0,True,frozen,30,temperature
INM00043057,BOMBAY / COLABA,2025-06-17 00:00:00,18.9,72.8167,11.0,26.5,25.6,,1000.0,84.0,28.5,1000.0,84.0,True,frozen,30,temperature
INM00043057,BOMBAY / COLABA,2025-06-17 03:00:00,18.9,72.8167,11.0,26.5,26.3,,1001.7,83.0,29.4,1001.7,83.0,True,frozen,30,temperature
INM00043057,BOMBAY / COLABA,2025-06-17 05:00:00,18.9,72.8167,11.0,26.5,26.2,,1001.8,82.0,29.6,1001.8,82.0,True,frozen,30,temperature
INM00043057,BOMBAY / COLABA,2025-06-17 06:00:00,18.9,72.8167,11.0,26.5,26.6,,1002.6,77.0,31.0,1002.6,77.0,True,frozen,30,temperature
INM00043057,BOMBAY / COLABA,2025-06-17 09:00:00,18.9,72.8167,11.0,26.5,26.6,,1001.8,79.0,30.7,1001.8,79.0,True,frozen,30,temperature
INM00043057,BOMBAY / COLABA,2025-06-17 12:00:00,18.9,72.8167,11.0,26.5,26.3,,1000.6,80.0,30.2,1000.6,80.0,True,frozen,30,temperature
INM00043057,BOMBAY / COLABA,2025-06-17 15:00:00,18.9,72.8167,11.0,29.6,26.2,,1001.8,82.0,29.6,1001.8,82.0,False,,,
INM00043057,BOMBAY / COLABA,2025-06-18 00:00:00,18.9,72.8167,11.0,29.0,26.5,,1000.7,86.0,29.0,1000.7,86.0,False,,,
INM00043057,BOMBAY / COLABA,2025-06-18 03:00:00,18.9,72.8167,11.0,28.4,26.4,,1002.9,89.0,28.4,1002.9,89.0,False,,,
INM00043057,BOMBAY / COLABA,2025-06-18 06:00:00,18.9,72.8167,11.0,27.6,26.2,,1002.9,92.0,27.6,1002.9,92.0,False,,,
INM00043057,BOMBAY / COLABA,2025-06-18 09:00:00,18.9,72.8167,11.0,27.5,26.3,,1002.2,93.0,27.5,1002.2,93.0,False,,,
INM00043057,BOMBAY / COLABA,2025-06-18 12:00:00,18.9,72.8167,11.0,27.2,25.8,,1001.4,92.0,27.2,1001.4,92.0,False,,,
INM00043057,BOMBAY / COLABA,2025-06-18 15:00:00,18.9,72.8167,11.0,27.0,25.6,,1002.8,92.0,27.0,1002.8,92.0,False,,,
INM00043057,BOMBAY / COLABA,2025-06-19 00:00:00,18.9,72.8167,11.0,27.0,25.6,,1000.8,92.0,27.0,1000.8,92.0,False,,,
INM00043057,BOMBAY / COLABA,2025-06-19 03:00:00,18.9,72.8167,11.0,27.4,26.0,,1002.9,92.0,27.4,1002.9,92.0,False,,,
INM00043057,BOMBAY / COLABA,2025-06-19 06:00:00,18.9,72.8167,11.0,28.0,26.6,,1003.7,92.0,28.0,1003.7,92.0,False,,,
INM00043057,BOMBAY / COLABA,2025-06-19 09:00:00,18.9,72.8167,11.0,28.4,26.7,,1003.1,91.0,28.4,1003.1,91.0,False,,,
INM00043057,BOMBAY / COLABA,2025-06-19 12:00:00,18.9,72.8167,11.0,28.6,26.4,,1002.5,88.0,28.6,1002.5,88.0,False,,,
INM00043057,BOMBAY / COLABA,2025-06-19 15:00:00,18.9,72.8167,11.0,28.6,26.1,,1004.0,86.0,28.6,1004.0,86.0,False,,,
INM00043057,BOMBAY / COLABA,2025-06-20 00:00:00,18.9,72.8167,11.0,28.5,25.9,,1003.6,86.0,28.5,1003.6,86.0,False,,,
INM00043057,BOMBAY / COLABA,2025-06-20 03:00:00,18.9,72.8167,11.0,29.0,26.5,,1005.5,86.0,29.0,1005.5,86.0,False,,,
INM00043057,BOMBAY / COLABA,2025-06-20 06:00:00,18.9,72.8167,11.0,29.7,26.7,,1005.8,84.0,29.7,1005.8,84.0,False,,,
INM00043057,BOMBAY / COLABA,2025-06-20 09:00:00,18.9,72.8167,11.0,31.0,27.4,,1004.6,81.0,31.0,1004.6,81.0,False,,,
INM00043057,BOMBAY / COLABA,2025-06-20 12:00:00,18.9,72.8167,11.0,30.2,26.3,,1003.6,80.0,30.2,1003.6,80.0,False,,,
INM00043057,BOMBAY / COLABA,2025-06-20 15:00:00,18.9,72.8167,11.0,29.6,26.5,,1004.9,83.0,29.6,1004.9,83.0,False,,,
INM00043057,BOMBAY / COLABA,2025-06-21 00:00:00,18.9,72.8167,11.0,29.2,26.7,,1004.0,86.0,29.2,1004.0,86.0,False,,,
INM00043057,BOMBAY / COLABA,2025-06-21 03:00:00,18.9,72.8167,11.0,29.2,26.7,,1006.0,86.0,29.2,1006.0,86.0,False,,,
INM00043057,BOMBAY / COLABA,2025-06-21 06:00:00,18.9,72.8167,11.0,30.5,26.5,,1006.3,79.0,30.5,1006.3,79.0,False,,,
INM00043057,BOMBAY / COLABA,2025-06-21 09:00:00,18.9,72.8167,11.0,30.8,26.6,,1005.3,78.0,30.8,1005.3,78.0,False,,,
INM00043057,BOMBAY / COLABA,2025-06-21 12:00:00,18.9,72.8167,11.0,30.2,26.6,,1004.0,81.0,30.2,1004.0,81.0,False,,,
INM00043057,BOMBAY / COLABA,2025-06-22 00:00:00,18.9,72.8167,11.0,29.0,25.9,,1003.6,83.0,29.0,1003.6,83.0,False,,,
INM00043057,BOMBAY / COLABA,2025-06-22 03:00:00,18.9,72.8167,11.0,29.0,25.9,,1005.3,83.0,29.0,1005.3,83.0,False,,,
INM00043057,BOMBAY / COLABA,2025-06-22 06:00:00,18.9,72.8167,11.0,29.7,27.3,,1005.4,87.0,29.7,1005.4,87.0,False,,,
INM00043057,BOMBAY / COLABA,2025-06-22 09:00:00,18.9,72.8167,11.0,30.7,26.6,,1003.4,79.0,30.7,1003.4,79.0,False,,,
INM00043057,BOMBAY / COLABA,2025-06-22 12:00:00,18.9,72.8167,11.0,30.5,26.5,,1002.2,79.0,30.5,1002.2,79.0,False,,,
INM00043057,BOMBAY / COLABA,2025-06-22 15:00:00,18.9,72.8167,11.0,29.6,26.5,,1003.5,83.0,29.6,1003.5,83.0,False,,,
INM00043057,BOMBAY / COLABA,2025-06-23 00:00:00,18.9,72.8167,11.0,29.0,26.2,,1001.9,85.0,29.0,1001.9,85.0,False,,,
INM00043057,BOMBAY / COLABA,2025-06-23 03:00:00,18.9,72.8167,11.0,29.0,25.9,,1003.5,83.0,29.0,1003.5,83.0,False,,,
INM00043057,BOMBAY / COLABA,2025-06-23 06:00:00,18.9,72.8167,11.0,29.5,24.6,,1003.7,75.0,29.5,1003.7,75.0,False,,,
INM00043057,BOMBAY / COLABA,2025-06-23 09:00:00,18.9,72.8167,11.0,30.0,26.7,,1002.2,83.0,30.0,1002.2,83.0,False,,,
INM00043057,BOMBAY / COLABA,2025-06-23 12:00:00,18.9,72.8167,11.0,30.0,26.4,,1000.9,81.0,30.0,1000.9,81.0,False,,,
INM00043057,BOMBAY / COLABA,2025-06-23 15:00:00,18.9,72.8167,11.0,27.5,26.0,,1001.8,92.0,27.5,1001.8,92.0,False,,,
INM00043057,BOMBAY / COLABA,2025-06-24 00:00:00,18.9,72.8167,11.0,27.5,26.0,,1000.2,92.0,27.5,1000.2,92.0,False,,,
INM00043057,BOMBAY / COLABA,2025-06-24 03:00:00,18.9,72.8167,11.0,28.2,25.7,,1002.1,86.0,28.2,1002.1,86.0,False,,,
INM00043057,BOMBAY / COLABA,2025-06-24 06:00:00,18.9,72.8167,11.0,29.2,26.7,,1002.6,86.0,29.2,1002.6,86.0,False,,,
INM00043057,BOMBAY / COLABA,2025-06-24 09:00:00,18.9,72.8167,11.0,29.4,26.3,,1001.0,83.0,29.4,1001.0,83.0,False,,,
INM00043057,BOMBAY / COLABA,2025-06-24 12:00:00,18.9,72.8167,11.0,29.5,26.3,,1000.8,83.0,29.5,1000.8,83.0,False,,,
INM00043057,BOMBAY / COLABA,2025-06-24 15:00:00,18.9,72.8167,11.0,29.5,26.5,,1001.8,84.0,29.5,1001.8,84.0,False,,,
INM00043057,BOMBAY / COLABA,2025-06-25 00:00:00,18.9,72.8167,11.0,29.0,26.5,,1000.1,86.0,29.0,1000.1,86.0,False,,,
INM00043057,BOMBAY / COLABA,2025-06-25 03:00:00,18.9,72.8167,11.0,29.0,26.5,,1001.9,86.0,29.0,1001.9,86.0,False,,,
INM00043057,BOMBAY / COLABA,2025-06-25 06:00:00,18.9,72.8167,11.0,29.6,26.8,,1002.3,85.0,29.6,1002.3,85.0,False,,,
INM00043057,BOMBAY / COLABA,2025-06-25 09:00:00,18.9,72.8167,11.0,30.8,27.2,,1000.9,81.0,30.8,1000.9,81.0,False,,,
INM00043057,BOMBAY / COLABA,2025-06-25 12:00:00,18.9,72.8167,11.0,30.0,26.1,,999.8,80.0,30.0,999.8,80.0,False,,,
INM00043057,BOMBAY / COLABA,2025-06-25 15:00:00,18.9,72.8167,11.0,29.0,27.1,,1001.4,90.0,29.0,1001.4,90.0,False,,,
INM00043057,BOMBAY / COLABA,2025-06-26 00:00:00,18.9,72.8167,11.0,29.0,26.8,,1000.3,88.0,29.0,1000.3,88.0,False,,,
INM00043057,BOMBAY / COLABA,2025-06-26 03:00:00,18.9,72.8167,11.0,29.0,26.8,,1001.8,88.0,29.0,1001.8,88.0,False,,,
INM00043057,BOMBAY / COLABA,2025-06-26 06:00:00,18.9,72.8167,11.0,29.0,25.9,,1002.5,83.0,29.0,1002.5,83.0,False,,,
INM00043057,BOMBAY / COLABA,2025-06-26 09:00:00,18.9,72.8167,11.0,27.5,25.1,,1001.8,87.0,27.5,1001.8,87.0,False,,,
INM00043057,BOMBAY / COLABA,2025-06-26 12:00:00,18.9,72.8167,11.0,27.6,26.2,,1000.6,92.0,27.6,1000.6,92.0,False,,,
INM00043057,BOMBAY / COLABA,2025-06-26 15:00:00,18.9,72.8167,11.0,28.2,26.2,,1001.5,89.0,28.2,1001.5,89.0,False,,,
INM00043057,BOMBAY / COLABA,2025-06-27 00:00:00,18.9,72.8167,11.0,29.0,26.8,,1000.3,88.0,29.0,1000.3,88.0,False,,,
INM00043057,BOMBAY / COLABA,2025-06-27 03:00:00,18.9,72.8167,11.0,29.0,26.8,,1001.7,88.0,29.0,1001.7,88.0,False,,,
INM00043057,BOMBAY / COLABA,2025-06-27 06:00:00,18.9,72.8167,11.0,28.7,26.6,,1002.9,88.0,28.7,1002.9,88.0,False,,,
INM00043057,BOMBAY / COLABA,2025-06-27 09:00:00,18.9,72.8167,11.0,28.0,26.0,,1002.5,89.0,28.0,1002.5,89.0,False,,,
INM00043057,BOMBAY / COLABA,2025-06-27 12:00:00,18.9,72.8167,11.0,28.7,26.6,,1001.4,88.0,28.7,1001.4,88.0,False,,,
INM00043057,BOMBAY / COLABA,2025-06-27 15:00:00,18.9,72.8167,11.0,29.0,26.2,,1002.6,85.0,29.0,1002.6,85.0,False,,,
INM00043057,BOMBAY / COLABA,2025-06-28 00:00:00,18.9,72.8167,11.0,28.5,25.3,,1002.9,83.0,28.5,1002.9,83.0,False,,,
INM00043057,BOMBAY / COLABA,2025-06-28 03:00:00,18.9,72.8167,11.0,29.0,25.9,,1004.1,83.0,29.0,1004.1,83.0,False,,,
INM00043057,BOMBAY / COLABA,2025-06-28 06:00:00,18.9,72.8167,11.0,30.7,26.3,,1004.5,77.0,30.7,1004.5,77.0,False,,,
INM00043057,BOMBAY / COLABA,2025-06-28 09:00:00,18.9,72.8167,11.0,30.4,25.6,,1003.4,76.0,30.4,1003.4,76.0,False,,,
INM00043057,BOMBAY / COLABA,2025-06-28 12:00:00,18.9,72.8167,11.0,30.0,25.5,,1002.6,77.0,30.0,1002.6,77.0,False,,,
INM00043057,BOMBAY / COLABA,2025-06-28 15:00:00,18.9,72.8167,11.0,27.7,25.5,,1004.0,88.0,27.7,1004.0,88.0,False,,,
INM00043057,BOMBAY / COLABA,2025-06-29 00:00:00,18.9,72.8167,11.0,28.0,26.0,,1003.0,89.0,28.0,1003.0,89.0,False,,,
INM00043057,BOMBAY / COLABA,2025-06-29 03:00:00,18.9,72.8167,11.0,29.0,26.5,,1004.5,86.0,29.0,1004.5,86.0,False,,,
INM00043057,BOMBAY / COLABA,2025-06-29 06:00:00,18.9,72.8167,11.0,30.5,26.5,,1005.1,79.0,30.5,1005.1,79.0,False,,,
INM00043057,BOMBAY / COLABA,2025-06-29 09:00:00,18.9,72.8167,11.0,30.2,26.0,,1004.0,78.0,30.2,1004.0,78.0,False,,,
INM00043057,BOMBAY / COLABA,2025-06-29 12:00:00,18.9,72.8167,11.0,29.6,26.2,,1002.7,82.0,29.6,1002.7,82.0,False,,,
INM00043057,BOMBAY / COLABA,2025-06-29 15:00:00,18.9,72.8167,11.0,29.2,25.5,,1003.8,80.0,29.2,1003.8,80.0,False,,,
INM00043057,BOMBAY / COLABA,2025-06-30 00:00:00,18.9,72.8167,11.0,28.5,26.2,,1002.4,87.0,28.5,1002.4,87.0,False,,,
INM00043057,BOMBAY / COLABA,2025-06-30 03:00:00,18.9,72.8167,11.0,29.2,26.4,,1004.0,85.0,29.2,1004.0,85.0,False,,,
INM00043057,BOMBAY / COLABA,2025-06-30 06:00:00,18.9,72.8167,11.0,29.7,25.9,,1004.6,80.0,29.7,1004.6,80.0,False,,,
INM00043057,BOMBAY / COLABA,2025-06-30 09:00:00,18.9,72.8167,11.0,29.4,25.7,,1003.3,81.0,29.4,1003.3,81.0,False,,,
INM00043057,BOMBAY / COLABA,2025-06-30 12:00:00,18.9,72.8167,11.0,29.0,26.5,,1001.8,86.0,29.0,1001.8,86.0,False,,,
INM00043057,BOMBAY / COLABA,2025-06-30 15:00:00,18.9,72.8167,11.0,28.7,25.7,,1003.8,84.0,28.7,1003.8,84.0,False,,,
INM00043057,BOMBAY / COLABA,2025-07-01 00:00:00,18.9,72.8167,11.0,29.0,26.5,,1002.8,86.0,29.0,1002.8,86.0,False,,,
INM00043057,BOMBAY / COLABA,2025-07-01 03:00:00,18.9,72.8167,11.0,28.8,26.9,,1004.4,89.0,28.8,1004.4,89.0,False,,,
INM00043057,BOMBAY / COLABA,2025-07-01 06:00:00,18.9,72.8167,11.0,29.7,26.5,,1005.2,83.0,29.7,1005.2,83.0,False,,,
INM00043057,BOMBAY / COLABA,2025-07-01 09:00:00,18.9,72.8167,11.0,30.6,26.1,,1004.1,77.0,30.6,1004.1,77.0,False,,,
INM00043057,BOMBAY / COLABA,2025-07-01 12:00:00,18.9,72.8167,11.0,29.5,25.4,,1002.8,79.0,29.5,1002.8,79.0,False,,,
INM00043057,BOMBAY / COLABA,2025-07-01 15:00:00,18.9,72.8167,11.0,29.2,25.5,,1003.6,80.0,29.2,1003.6,80.0,False,,,
INM00043057,BOMBAY / COLABA,2025-07-02 00:00:00,18.9,72.8167,11.0,28.6,26.4,,1002.4,88.0,28.6,1002.4,88.0,False,,,
INM00043057,BOMBAY / COLABA,2025-07-02 03:00:00,18.9,72.8167,11.0,29.2,26.7,,1003.5,86.0,29.2,1003.5,86.0,False,,,
INM00043057,BOMBAY / COLABA,2025-07-02 06:00:00,18.9,72.8167,11.0,29.7,26.7,,1004.0,84.0,29.7,1004.0,84.0,False,,,
INM00043057,BOMBAY / COLABA,2025-07-02 09:00:00,18.9,72.8167,11.0,29.2,27.0,,1002.6,88.0,29.2,1002.6,88.0,False,,,
INM00043057,BOMBAY / COLABA,2025-07-02 12:00:00,18.9,72.8167,11.0,26.5,25.5,,1001.8,94.0,26.5,1001.8,94.0,False,,,
INM00043057,BOMBAY / COLABA,2025-07-02 15:00:00,18.9,72.8167,11.0,26.7,25.4,,1003.0,93.0,26.7,1003.0,93.0,False,,,
INM00043057,BOMBAY / COLABA,2025-07-03 00:00:00,18.9,72.8167,11.0,27.7,25.5,,1001.8,88.0,27.7,1001.8,88.0,False,,,
INM00043057,BOMBAY / COLABA,2025-07-03 03:00:00,18.9,72.8167,11.0,28.8,26.0,,1003.5,85.0,28.8,1003.5,85.0,False,,,
INM00043057,BOMBAY / COLABA,2025-07-03 06:00:00,18.9,72.8167,11.0,30.0,26.4,,1004.0,81.0,30.0,1004.0,81.0,False,,,
INM00043057,BOMBAY / COLABA,2025-07-03 09:00:00,18.9,72.8167,11.0,30.0,26.1,,1002.9,80.0,30.0,1002.9,80.0,False,,,
INM00043057,BOMBAY / COLABA,2025-07-03 12:00:00,18.9,72.8167,11.0,28.5,26.4,,1002.3,88.0,28.5,1002.3,88.0,False,,,
INM00043057,BOMBAY / COLABA,2025-07-03 15:00:00,18.9,72.8167,11.0,28.5,26.2,,1003.8,87.0,28.5,1003.8,87.0,False,,,
INM00043057,BOMBAY / COLABA,2025-07-04 00:00:00,18.9,72.8167,11.0,28.5,25.9,,1002.8,86.0,28.5,1002.8,86.0,False,,,
INM00043057,BOMBAY / COLABA,2025-07-04 03:00:00,18.9,72.8167,11.0,29.0,26.5,,1004.9,86.0,29.0,1004.9,86.0,False,,,
INM00043057,BOMBAY / COLABA,2025-07-04 06:00:00,18.9,72.8167,11.0,29.6,26.8,,1005.2,85.0,29.6,1005.2,85.0,False,,,
INM00043057,BOMBAY / COLABA,2025-07-04 09:00:00,18.9,72.8167,11.0,29.7,26.7,,1004.0,84.0,29.7,1004.0,84.0,False,,,
INM00043057,BOMBAY / COLABA,2025-07-04 12:00:00,18.9,72.8167,11.0,29.5,26.3,,1003.1,83.0,29.5,1003.1,83.0,False,,,
INM00043057,BOMBAY / COLABA,2025-07-04 15:00:00,18.9,72.8167,11.0,27.5,26.0,,1004.2,92.0,27.5,1004.2,92.0,False,,,
INM00043057,BOMBAY / COLABA,2025-07-05 00:00:00,18.9,72.8167,11.0,27.6,25.9,,1002.9,90.0,27.6,1002.9,90.0,False,,,
INM00043057,BOMBAY / COLABA,2025-07-05 03:00:00,18.9,72.8167,11.0,28.4,26.2,,1004.2,88.0,28.4,1004.2,88.0,False,,,
INM00043057,BOMBAY / COLABA,2025-07-05 06:00:00,18.9,72.8167,11.0,29.5,25.7,,1004.8,80.0,29.5,1004.8,80.0,False,,,
INM00043057,BOMBAY / COLABA,2025-07-05 09:00:00,18.9,72.8167,11.0,29.8,25.6,,1003.2,78.0,29.8,1003.2,78.0,False,,,
INM00043057,BOMBAY / COLABA,2025-07-05 12:00:00,18.9,72.8167,11.0,29.2,25.5,,1002.6,80.0,29.2,1002.6,80.0,False,,,
INM00043057,BOMBAY / COLABA,2025-07-05 15:00:00,18.9,72.8167,11.0,28.0,26.0,,1003.6,89.0,28.0,1003.6,89.0,False,,,
INM00043057,BOMBAY / COLABA,2025-07-06 00:00:00,18.9,72.8167,11.0,28.0,26.3,,1002.1,91.0,28.0,1002.1,91.0,False,,,
INM00043057,BOMBAY / COLABA,2025-07-06 03:00:00,18.9,72.8167,11.0,28.0,26.3,,1003.4,91.0,28.0,1003.4,91.0,False,,,
INM00043057,BOMBAY / COLABA,2025-07-06 06:00:00,18.9,72.8167,11.0,29.0,25.9,,1004.2,83.0,29.0,1004.2,83.0,False,,,
INM00043057,BOMBAY / COLABA,2025-07-06 09:00:00,18.9,72.8167,11.0,29.8,25.9,,1002.8,80.0,29.8,1002.8,80.0,False,,,
INM00043057,BOMBAY / COLABA,2025-07-06 12:00:00,18.9,72.8167,11.0,28.5,25.6,,1001.7,84.0,28.5,1001.7,84.0,False,,,
INM00043057,BOMBAY / COLABA,2025-07-06 15:00:00,18.9,72.8167,11.0,28.5,26.4,,1003.2,88.0,28.5,1003.2,88.0,False,,,
INM00043057,BOMBAY / COLABA,2025-07-07 00:00:00,18.9,72.8167,11.0,28.6,25.8,,1002.7,85.0,28.6,1002.7,85.0,False,,,
INM00043057,BOMBAY / COLABA,2025-07-07 03:00:00,18.9,72.8167,11.0,28.8,25.7,,1004.1,83.0,28.8,1004.1,83.0,False,,,
INM00043057,BOMBAY / COLABA,2025-07-07 06:00:00,18.9,72.8167,11.0,29.5,26.0,,1004.6,81.0,29.5,1004.6,81.0,False,,,
INM00043057,BOMBAY / COLABA,2025-07-07 09:00:00,18.9,72.8167,11.0,29.4,26.3,,1003.9,83.0,29.4,1003.9,83.0,False,,,
INM00043057,BOMBAY / COLABA,2025-07-07 12:00:00,18.9,72.8167,11.0,29.0,25.9,,1003.5,83.0,29.0,1003.5,83.0,False,,,
INM00043057,BOMBAY / COLABA,2025-07-07 15:00:00,18.9,72.8167,11.0,28.7,26.0,,1004.6,85.0,28.7,1004.6,85.0,False,,,
INM00043057,BOMBAY / COLABA,2025-07-08 00:00:00,18.9,72.8167,11.0,28.5,26.2,,1003.4,87.0,28.5,1003.4,87.0,False,,,
INM00043057,BOMBAY / COLABA,2025-07-08 03:00:00,18.9,72.8167,11.0,28.7,26.3,,1005.3,87.0,28.7,1005.3,87.0,False,,,
INM00043057,BOMBAY / COLABA,2025-07-08 06:00:00,18.9,72.8167,11.0,29.6,26.8,,1005.8,85.0,29.6,1005.8,85.0,False,,,
INM00043057,BOMBAY / COLABA,2025-07-08 09:00:00,18.9,72.8167,11.0,30.0,26.7,,1004.6,83.0,30.0,1004.6,83.0,False,,,
INM00043057,BOMBAY / COLABA,2025-07-08 12:00:00,18.9,72.8167,11.0,29.5,26.6,,1003.8,84.0,29.5,1003.8,84.0,False,,,
INM00043057,BOMBAY / COLABA,2025-07-08 15:00:00,18.9,72.8167,11.0,28.6,26.6,,1005.1,89.0,28.6,1005.1,89.0,False,,,
INM00043057,BOMBAY / COLABA,2025-07-09 00:00:00,18.9,72.8167,11.0,28.5,26.2,,1003.5,87.0,28.5,1003.5,87.0,False,,,
INM00043057,BOMBAY / COLABA,2025-07-09 03:00:00,18.9,72.8167,11.0,27.7,26.4,,1005.1,93.0,27.7,1005.1,93.0,False,,,
INM00043057,BOMBAY / COLABA,2025-07-09 06:00:00,18.9,72.8167,11.0,29.0,27.1,,1005.6,90.0,29.0,1005.6,90.0,False,,,
INM00043057,BOMBAY / COLABA,2025-07-09 09:00:00,18.9,72.8167,11.0,29.4,27.2,,1004.7,88.0,29.4,1004.7,88.0,False,,,
INM00043057,BOMBAY / COLABA,2025-07-09 12:00:00,18.9,72.8167,11.0,29.2,27.3,,1004.1,90.0,29.2,1004.1,90.0,False,,,
INM00043057,BOMBAY / COLABA,2025-07-09 15:00:00,18.9,72.8167,11.0,28.7,26.9,,1005.3,90.0,28.7,1005.3,90.0,False,,,
INM00043057,BOMBAY / COLABA,2025-07-10 00:00:00,18.9,72.8167,11.0,28.2,26.2,,1004.5,89.0,28.2,1004.5,89.0,False,,,
INM00043057,BOMBAY / COLABA,2025-07-10 03:00:00,18.9,72.8167,11.0,28.4,26.2,,1005.5,88.0,28.4,1005.5,88.0,False,,,
INM00043057,BOMBAY / COLABA,2025-07-10 06:00:00,18.9,72.8167,11.0,30.7,26.3,,1006.6,77.0,30.7,1006.6,77.0,False,,,
INM00043057,BOMBAY / COLABA,2025-07-10 09:00:00,18.9,72.8167,11.0,30.8,26.3,,1005.1,77.0,30.8,1005.1,77.0,False,,,
INM00043057,BOMBAY / COLABA,2025-07-10 12:00:00,18.9,72.8167,11.0,29.7,26.5,,1003.7,83.0,29.7,1003.7,83.0,False,,,
INM00043057,BOMBAY / COLABA,2025-07-10 15:00:00,18.9,72.8167,11.0,28.7,26.3,,1004.9,87.0,28.7,1004.9,87.0,False,,,
INM00043057,BOMBAY / COLABA,2025-07-11 00:00:00,18.9,72.8167,11.0,28.5,26.4,,1004.3,88.0,28.5,1004.3,88.0,False,,,
INM00043057,BOMBAY / COLABA,2025-07-11 03:00:00,18.9,72.8167,11.0,28.7,26.9,,1005.6,90.0,28.7,1005.6,90.0,False,,,
INM00043057,BOMBAY / COLABA,2025-07-11 06:00:00,18.9,72.8167,11.0,30.6,27.0,,1006.1,81.0,30.6,1006.1,81.0,False,,,
INM00043057,BOMBAY / COLABA,2025-07-11 09:00:00,18.9,72.8167,11.0,31.2,26.8,,1005.5,77.0,31.2,1005.5,77.0,False,,,
INM00043057,BOMBAY / COLABA,2025-07-11 12:00:00,18.9,72.8167,11.0,28.0,26.3,,1004.5,91.0,28.0,1004.5,91.0,False,,,
INM00043057,BOMBAY / COLABA,2025-07-11 15:00:00,18.9,72.8167,11.0,27.7,26.4,,1005.3,93.0,27.7,1005.3,93.0,False,,,
INM00043057,BOMBAY / COLABA,2025-07-12 00:00:00,18.9,72.8167,11.0,27.2,26.1,,1005.4,94.0,27.2,1005.4,94.0,False,,,
INM00043057,BOMBAY / COLABA,2025-07-12 03:00:00,18.9,72.8167,11.0,27.4,26.6,,1006.3,95.0,27.4,1006.3,95.0,False,,,
INM00043057,BOMBAY / COLABA,2025-07-12 06:00:00,18.9,72.8167,11.0,29.6,26.2,,1006.8,82.0,29.6,1006.8,82.0,False,,,
INM00043057,BOMBAY / COLABA,2025-07-12 09:00:00,18.9,72.8167,11.0,30.6,26.1,,1005.8,77.0,30.6,1005.8,77.0,False,,,
INM00043057,BOMBAY / COLABA,2025-07-12 12:00:00,18.9,72.8167,11.0,30.2,26.3,,1004.8,80.0,30.2,1004.8,80.0,False,,,
INM00043057,BOMBAY / COLABA,2025-07-12 15:00:00,18.9,72.8167,11.0,29.5,25.7,,1006.2,80.0,29.5,1006.2,80.0,False,,,
INM00043057,BOMBAY / COLABA,2025-07-13 00:00:00,18.9,72.8167,11.0,28.5,25.9,,1005.0,86.0,28.5,1005.0,86.0,False,,,
INM00043057,BOMBAY / COLABA,2025-07-13 03:00:00,18.9,72.8167,11.0,28.6,26.1,,1006.4,86.0,28.6,1006.4,86.0,False,,,
INM00043057,BOMBAY / COLABA,2025-07-13 06:00:00,18.9,72.8167,11.0,29.5,27.5,,1006.5,89.0,29.5,1006.5,89.0,False,,,
INM00043057,BOMBAY / COLABA,2025-07-13 09:00:00,18.9,72.8167,11.0,30.5,27.1,,1004.8,82.0,30.5,1004.8,82.0,False,,,
INM00043057,BOMBAY / COLABA,2025-07-13 12:00:00,18.9,72.8167,11.0,29.2,26.1,,1003.7,83.0,29.2,1003.7,83.0,False,,,
INM00043057,BOMBAY / COLABA,2025-07-13 15:00:00,18.9,72.8167,11.0,27.5,26.3,,1004.9,93.0,27.5,1004.9,93.0,False,,,
INM00043057,BOMBAY / COLABA,2025-07-14 00:00:00,18.9,72.8167,11.0,27.5,25.7,,1003.3,90.0,27.5,1003.3,90.0,False,,,
INM00043057,BOMBAY / COLABA,2025-07-14 03:00:00,18.9,72.8167,11.0,27.6,26.2,,1004.3,92.0,27.6,1004.3,92.0,False,,,
INM00043057,BOMBAY / COLABA,2025-07-14 06:00:00,18.9,72.8167,11.0,28.5,27.0,,1004.6,92.0,28.5,1004.6,92.0,False,,,
INM00043057,BOMBAY / COLABA,2025-07-14 09:00:00,18.9,72.8167,11.0,27.6,26.2,,1003.4,92.0,27.6,1003.4,92.0,False,,,
INM00043057,BOMBAY / COLABA,2025-07-14 12:00:00,18.9,72.8167,11.0,27.0,25.9,,1002.8,94.0,27.0,1002.8,94.0,False,,,
INM00043057,BOMBAY / COLABA,2025-07-14 15:00:00,18.9,72.8167,11.0,27.0,25.9,,1004.2,94.0,27.0,1004.2,94.0,False,,,
INM00043057,BOMBAY / COLABA,2025-07-15 00:00:00,18.9,72.8167,11.0,27.6,25.6,,1001.9,89.0,27.6,1001.9,89.0,False,,,
INM00043057,BOMBAY / COLABA,2025-07-15 03:00:00,18.9,72.8167,11.0,27.4,26.0,,1003.4,92.0,27.4,1003.4,92.0,False,,,
INM00043057,BOMBAY / COLABA,2025-07-15 06:00:00,18.9,72.8167,11.0,26.5,25.3,,1004.2,93.0,26.5,1004.2,93.0,False,,,
INM00043057,BOMBAY / COLABA,2025-07-15 09:00:00,18.9,72.8167,11.0,27.6,26.2,,1003.0,92.0,27.6,1003.0,92.0,False,,,
INM00043057,BOMBAY / COLABA,2025-07-15 12:00:00,18.9,72.8167,11.0,28.0,25.7,,1002.9,87.0,28.0,1002.9,87.0,False,,,
INM00043057,BOMBAY / COLABA,2025-07-15 15:00:00,18.9,72.8167,11.0,28.0,25.2,,1003.4,85.0,28.0,1003.4,85.0,False,,,
INM00043057,BOMBAY / COLABA,2025-07-16 00:00:00,18.9,72.8167,11.0,27.8,26.1,,1003.1,90.0,27.8,1003.1,90.0,False,,,
INM00043057,BOMBAY / COLABA,2025-07-16 03:00:00,18.9,72.8167,11.0,28.2,26.2,,1004.4,89.0,28.2,1004.4,89.0,False,,,
INM00043057,BOMBAY / COLABA,2025-07-16 06:00:00,18.9,72.8167,11.0,30.2,27.4,,1004.5,85.0,30.2,1004.5,85.0,False,,,
INM00043057,BOMBAY / COLABA,2025-07-16 09:00:00,18.9,72.8167,11.0,30.4,26.5,,1003.6,80.0,30.4,1003.6,80.0,False,,,
INM00043057,BOMBAY / COLABA,2025-07-16 12:00:00,18.9,72.8167,11.0,29.6,25.7,,1002.5,80.0,29.6,1002.5,80.0,False,,,
INM00043057,BOMBAY / COLABA,2025-07-16 15:00:00,18.9,72.8167,11.0,28.5,25.6,,1004.3,84.0,28.5,1004.3,84.0,False,,,
INM00043057,BOMBAY / COLABA,2025-07-17 00:00:00,18.9,72.8167,11.0,28.2,25.9,,1003.5,87.0,28.2,1003.5,87.0,False,,,
INM00043057,BOMBAY / COLABA,2025-07-17 03:00:00,18.9,72.8167,11.0,28.4,26.4,,1005.4,89.0,28.4,1005.4,89.0,False,,,
INM00043057,BOMBAY / COLABA,2025-07-17 06:00:00,18.9,72.8167,11.0,30.6,26.7,,1005.1,80.0,30.6,1005.1,80.0,False,,,
INM00043057,BOMBAY / COLABA,2025-07-17 09:00:00,18.9,72.8167,11.0,30.6,25.8,,1004.0,76.0,30.6,1004.0,76.0,False,,,
INM00043057,BOMBAY / COLABA,2025-07-17 12:00:00,18.9,72.8167,11.0,29.7,26.2,,1003.0,82.0,29.7,1003.0,82.0,False,,,
INM00043057,BOMBAY / COLABA,2025-07-17 15:00:00,18.9,72.8167,11.0,28.7,26.0,,1004.7,85.0,28.7,1004.7,85.0,False,,,
INM00043057,BOMBAY / COLABA,2025-07-18 00:00:00,18.9,72.8167,11.0,28.2,25.4,,1004.1,85.0,28.2,1004.1,85.0,False,,,
INM00043057,BOMBAY / COLABA,2025-07-18 03:00:00,18.9,72.8167,11.0,28.4,25.9,,1005.5,86.0,28.4,1005.5,86.0,False,,,
INM00043057,BOMBAY / COLABA,2025-07-18 06:00:00,18.9,72.8167,11.0,30.7,26.0,,1006.2,76.0,30.7,1006.2,76.0,False,,,
INM00043057,BOMBAY / COLABA,2025-07-18 09:00:00,18.9,72.8167,11.0,31.0,25.7,,1004.7,73.0,31.0,1004.7,73.0,False,,,
INM00043057,BOMBAY / COLABA,2025-07-18 12:00:00,18.9,72.8167,11.0,30.0,25.8,,1003.0,78.0,30.0,1003.0,78.0,False,,,
INM00043057,BOMBAY / COLABA,2025-07-18 15:00:00,18.9,72.8167,11.0,29.0,25.0,,1004.7,79.0,29.0,1004.7,79.0,False,,,
INM00043057,BOMBAY / COLABA,2025-07-19 00:00:00,18.9,72.8167,11.0,28.0,24.9,,1002.2,83.0,28.0,1002.2,83.0,False,,,
INM00043057,BOMBAY / COLABA,2025-07-19 03:00:00,18.9,72.8167,11.0,28.5,25.3,,1003.5,83.0,28.5,1003.5,83.0,False,,,
INM00043057,BOMBAY / COLABA,2025-07-19 06:00:00,18.9,72.8167,11.0,30.0,26.1,,1004.1,80.0,30.0,1004.1,80.0,False,,,
INM00043057,BOMBAY / COLABA,2025-07-19 09:00:00,18.9,72.8167,11.0,30.2,26.6,,1002.4,81.0,30.2,1002.4,81.0,False,,,
INM00043057,BOMBAY / COLABA,2025-07-19 12:00:00,18.9,72.8167,11.0,29.7,25.9,,1000.8,80.0,29.7,1000.8,80.0,False,,,
INM00043057,BOMBAY / COLABA,2025-07-19 15:00:00,18.9,72.8167,11.0,29.0,25.9,,1002.2,83.0,29.0,1002.2,83.0,False,,,
INM00043057,BOMBAY / COLABA,2025-07-20 00:00:00,18.9,72.8167,11.0,28.2,25.1,,1000.8,83.0,28.2,1000.8,83.0,False,,,
INM00043057,BOMBAY / COLABA,2025-07-20 03:00:00,18.9,72.8167,11.0,27.4,26.0,,1002.2,92.0,27.4,1002.2,92.0,False,,,
INM00043057,BOMBAY / COLABA,2025-07-20 06:00:00,18.9,72.8167,11.0,29.2,25.2,,1002.6,79.0,29.2,1002.6,79.0,False,,,
INM00043057,BOMBAY / COLABA,2025-07-20 09:00:00,18.9,72.8167,11.0,29.0,25.3,,1001.2,80.0,29.0,1001.2,80.0,False,,,
INM00043057,BOMBAY / COLABA,2025-07-20 12:00:00,18.9,72.8167,11.0,27.2,26.6,,1000.2,97.0,27.2,1000.2,97.0,False,,,
INM00043057,BOMBAY / COLABA,2025-07-20 15:00:00,18.9,72.8167,11.0,27.5,24.8,,1001.9,85.0,27.5,1001.9,85.0,False,,,
INM00043057,BOMBAY / COLABA,2025-07-21 00:00:00,18.9,72.8167,11.0,27.2,25.8,,1001.6,92.0,27.2,1001.6,92.0,False,,,
INM00043057,BOMBAY / COLABA,2025-07-21 03:00:00,18.9,72.8167,11.0,26.8,25.7,,1003.6,94.0,26.8,1003.6,94.0,False,,,
INM00043057,BOMBAY / COLABA,2025-07-21 06:00:00,18.9,72.8167,11.0,27.5,26.3,,1003.9,93.0,27.5,1003.9,93.0,False,,,
INM00043057,BOMBAY / COLABA,2025-07-21 09:00:00,18.9,72.8167,11.0,26.6,25.7,,1002.8,95.0,26.6,1002.8,95.0,False,,,
INM00043057,BOMBAY / COLABA,2025-07-21 12:00:00,18.9,72.8167,11.0,26.5,25.5,,1002.5,94.0,26.5,1002.5,94.0,False,,,
INM00043057,BOMBAY / COLABA,2025-07-21 15:00:00,18.9,72.8167,11.0,26.5,25.5,,1004.0,94.0,26.5,1004.0,94.0,False,,,
INM00043057,BOMBAY / COLABA,2025-07-22 00:00:00,18.9,72.8167,11.0,25.5,24.2,,1003.9,93.0,25.5,1003.9,93.0,False,,,
INM00043057,BOMBAY / COLABA,2025-07-22 03:00:00,18.9,72.8167,11.0,25.8,24.6,,1004.8,93.0,25.8,1004.8,93.0,False,,,
INM00043057,BOMBAY / COLABA,2025-07-22 06:00:00,18.9,72.8167,11.0,26.7,26.0,,1004.9,96.0,26.7,1004.9,96.0,False,,,
INM00043057,BOMBAY / COLABA,2025-07-22 12:00:00,18.9,72.8167,11.0,27.0,25.9,,1002.2,94.0,27.0,1002.2,94.0,False,,,
INM00043057,BOMBAY / COLABA,2025-07-22 15:00:00,18.9,72.8167,11.0,25.6,24.7,,1004.1,95.0,25.6,1004.1,95.0,False,,,
INM00043057,BOMBAY / COLABA,2025-07-23 00:00:00,18.9,72.8167,11.0,25.0,24.1,,1002.7,95.0,25.0,1002.7,95.0,False,,,
INM00043057,BOMBAY / COLABA,2025-07-23 03:00:00,18.9,72.8167,11.0,25.4,24.5,,1003.4,95.0,25.4,1003.4,95.0,False,,,
INM00043057,BOMBAY / COLABA,2025-07-23 06:00:00,18.9,72.8167,11.0,26.5,25.5,,1003.4,94.0,26.5,1003.4,94.0,False,,,
INM00043057,BOMBAY / COLABA,2025-07-23 09:00:00,18.9,72.8167,11.0,27.4,26.3,,1001.9,94.0,27.4,1001.9,94.0,False,,,
INM00043057,BOMBAY / COLABA,2025-07-23 12:00:00,18.9,72.8167,11.0,27.5,25.1,,1000.9,87.0,27.5,1000.9,87.0,False,,,
INM00043057,BOMBAY / COLABA,2025-07-23 15:00:00,18.9,72.8167,11.0,27.5,24.8,,1002.2,85.0,27.5,1002.2,85.0,False,,,
INM00043057,BOMBAY / COLABA,2025-07-24 00:00:00,18.9,72.8167,11.0,26.5,25.3,,1000.3,93.0,26.5,1000.3,93.0,False,,,
INM00043057,BOMBAY / COLABA,2025-07-24 03:00:00,18.9,72.8167,11.0,27.4,25.4,,1001.6,89.0,27.4,1001.6,89.0,False,,,
INM00043057,BOMBAY / COLABA,2025-07-24 06:00:00,18.9,72.8167,11.0,28.5,25.6,,1002.4,84.0,28.5,1002.4,84.0,False,,,
INM00043057,BOMBAY / COLABA,2025-07-24 09:00:00,18.9,72.8167,11.0,27.6,25.3,,1000.9,87.0,27.6,1000.9,87.0,False,,,
INM00043057,BOMBAY / COLABA,2025-07-24 12:00:00,18.9,72.8167,11.0,26.6,25.5,,999.6,94.0,26.6,999.6,94.0,False,,,
INM00043057,BOMBAY / COLABA,2025-07-24 15:00:00,18.9,72.8167,11.0,25.7,24.6,,1000.5,94.0,25.7,1000.5,94.0,False,,,
INM00043057,BOMBAY / COLABA,2025-07-25 00:00:00,18.9,72.8167,11.0,26.6,24.9,,998.9,90.0,26.6,998.9,90.0,False,,,
INM00043057,BOMBAY / COLABA,2025-07-25 03:00:00,18.9,72.8167,11.0,27.4,25.7,,1000.7,90.0,27.4,1000.7,90.0,False,,,
INM00043057,BOMBAY / COLABA,2025-07-25 06:00:00,18.9,72.8167,11.0,27.5,26.0,,1001.8,92.0,27.5,1001.8,92.0,False,,,
INM00043057,BOMBAY / COLABA,2025-07-25 09:00:00,18.9,72.8167,11.0,27.4,26.0,,1000.7,92.0,27.4,1000.7,92.0,False,,,
INM00043057,BOMBAY / COLABA,2025-07-25 12:00:00,18.9,72.8167,11.0,26.7,25.1,,999.7,91.0,26.7,999.7,91.0,False,,,
INM00043057,BOMBAY / COLABA,2025-07-25 15:00:00,18.9,72.8167,11.0,26.5,24.7,,1001.1,90.0,26.5,1001.1,90.0,False,,,
INM00043057,BOMBAY / COLABA,2025-07-26 00:00:00,18.9,72.8167,11.0,26.5,25.0,,1000.1,92.0,26.5,1000.1,92.0,False,,,
INM00043057,BOMBAY / COLABA,2025-07-26 03:00:00,18.9,72.8167,11.0,27.4,24.8,,1002.1,86.0,27.4,1002.1,86.0,False,,,
INM00043057,BOMBAY / COLABA,2025-07-26 06:00:00,18.9,72.8167,11.0,28.5,25.3,,1002.9,83.0,28.5,1002.9,83.0,False,,,
INM00043057,BOMBAY / COLABA,2025-07-26 09:00:00,18.9,72.8167,11.0,28.2,24.8,,1001.7,82.0,28.2,1001.7,82.0,False,,,
INM00043057,BOMBAY / COLABA,2025-07-26 12:00:00,18.9,72.8167,11.0,27.0,25.3,,1001.1,90.0,27.0,1001.1,90.0,False,,,
INM00043057,BOMBAY / COLABA,2025-07-26 15:00:00,18.9,72.8167,11.0,27.0,25.3,,1002.3,90.0,27.0,1002.3,90.0,False,,,
INM00043057,BOMBAY / COLABA,2025-07-27 00:00:00,18.9,72.8167,11.0,27.0,24.1,,1002.0,84.0,27.0,1002.0,84.0,False,,,
INM00043057,BOMBAY / COLABA,2025-07-27 03:00:00,18.9,72.8167,11.0,27.6,24.4,,1003.3,83.0,27.6,1003.3,83.0,False,,,
INM00043057,BOMBAY / COLABA,2025-07-27 06:00:00,18.9,72.8167,11.0,28.0,24.3,,1004.4,80.0,28.0,1004.4,80.0,False,,,
INM00043057,BOMBAY / COLABA,2025-07-27 09:00:00,18.9,72.8167,11.0,28.6,24.3,,1003.1,78.0,28.6,1003.1,78.0,False,,,
INM00043057,BOMBAY / COLABA,2025-07-27 12:00:00,18.9,72.8167,11.0,28.5,25.0,,1002.7,81.0,28.5,1002.7,81.0,False,,,
INM00043057,BOMBAY / COLABA,2025-07-27 15:00:00,18.9,72.8167,11.0,27.6,25.3,,1004.1,87.0,27.6,1004.1,87.0,False,,,
INM00043057,BOMBAY / COLABA,2025-07-28 00:00:00,18.9,72.8167,11.0,26.5,25.3,,1003.9,93.0,26.5,1003.9,93.0,False,,,
INM00043057,BOMBAY / COLABA,2025-07-28 03:00:00,18.9,72.8167,11.0,26.8,23.9,,1005.3,84.0,26.8,1005.3,84.0,False,,,
INM00043057,BOMBAY / COLABA,2025-07-28 09:00:00,18.9,72.8167,11.0,28.2,24.8,,1004.7,82.0,28.2,1004.7,82.0,False,,,
INM00043057,BOMBAY / COLABA,2025-07-28 12:00:00,18.9,72.8167,11.0,28.2,25.7,,1003.8,86.0,28.2,1003.8,86.0,False,,,
INM00043057,BOMBAY / COLABA,2025-07-28 15:00:00,18.9,72.8167,11.0,28.0,26.0,,1005.2,89.0,28.0,1005.2,89.0,False,,,
INM00043057,BOMBAY / COLABA,2025-07-29 00:00:00,18.9,72.8167,11.0,26.0,24.6,,1004.9,92.0,26.0,1004.9,92.0,False,,,
INM00043057,BOMBAY / COLABA,2025-07-29 06:00:00,18.9,72.8167,11.0,26.7,25.7,,1006.1,94.0,26.7,1006.1,94.0,False,,,
INM00043057,BOMBAY / COLABA,2025-07-29 09:00:00,18.9,72.8167,11.0,27.4,25.4,,1004.9,89.0,27.4,1004.9,89.0,False,,,
INM00043057,BOMBAY / COLABA,2025-07-29 12:00:00,18.9,72.8167,11.0,27.2,25.8,,1004.3,92.0,27.2,1004.3,92.0,False,,,
INM00043057,BOMBAY / COLABA,2025-07-29 15:00:00,18.9,72.8167,11.0,27.0,25.6,,1005.1,92.0,27.0,1005.1,92.0,False,,,
INM00043057,BOMBAY / COLABA,2025-07-30 00:00:00,18.9,72.8167,11.0,27.2,25.5,,1003.6,90.0,27.2,1003.6,90.0,False,,,
INM00043057,BOMBAY / COLABA,2025-07-30 03:00:00,18.9,72.8167,11.0,26.8,25.4,,1005.2,92.0,26.8,1005.2,92.0,False,,,
INM00043057,BOMBAY / COLABA,2025-07-30 06:00:00,18.9,72.8167,11.0,27.7,26.1,,1005.3,91.0,27.7,1005.3,91.0,False,,,
INM00043057,BOMBAY / COLABA,2025-07-30 09:00:00,18.9,72.8167,11.0,27.7,26.1,,1004.5,91.0,27.7,1004.5,91.0,False,,,
INM00043057,BOMBAY / COLABA,2025-07-30 12:00:00,18.9,72.8167,11.0,27.5,26.0,,1004.0,92.0,27.5,1004.0,92.0,False,,,
INM00043057,BOMBAY / COLABA,2025-07-30 15:00:00,18.9,72.8167,11.0,27.5,25.7,,1005.2,90.0,27.5,1005.2,90.0,False,,,
INM00043057,BOMBAY / COLABA,2025-07-31 00:00:00,18.9,72.8167,11.0,27.5,25.4,,1004.1,88.0,27.5,1004.1,88.0,False,,,
INM00043057,BOMBAY / COLABA,2025-07-31 03:00:00,18.9,72.8167,11.0,27.4,25.4,,1006.0,89.0,27.4,1006.0,89.0,False,,,
INM00043057,BOMBAY / COLABA,2025-07-31 06:00:00,18.9,72.8167,11.0,28.2,25.7,,1006.2,86.0,28.2,1006.2,86.0,False,,,
INM00043057,BOMBAY / COLABA,2025-07-31 09:00:00,18.9,72.8167,11.0,28.8,25.7,,1005.1,83.0,28.8,1005.1,83.0,False,,,
INM00043057,BOMBAY / COLABA,2025-07-31 12:00:00,18.9,72.8167,11.0,28.5,25.6,,1004.5,84.0,28.5,1004.5,84.0,False,,,
INM00043057,BOMBAY / COLABA,2025-07-31 15:00:00,18.9,72.8167,11.0,28.0,25.7,,1005.8,87.0,28.0,1005.8,87.0,False,,,
INM00043057,BOMBAY / COLABA,2025-08-01 00:00:00,18.9,72.8167,11.0,28.0,25.7,,1004.8,87.0,28.0,1004.8,87.0,False,,,
INM00043057,BOMBAY / COLABA,2025-08-01 03:00:00,18.9,72.8167,11.0,28.0,25.7,,1006.4,87.0,28.0,1006.4,87.0,False,,,
INM00043057,BOMBAY / COLABA,2025-08-01 06:00:00,18.9,72.8167,11.0,29.6,25.7,,1006.9,80.0,29.6,1006.9,80.0,False,,,
INM00043057,BOMBAY / COLABA,2025-08-01 09:00:00,18.9,72.8167,11.0,30.0,27.5,,1005.9,86.0,30.0,1005.9,86.0,False,,,
INM00043057,BOMBAY / COLABA,2025-08-01 12:00:00,18.9,72.8167,11.0,29.0,25.3,,1005.7,80.0,29.0,1005.7,80.0,False,,,
INM00043057,BOMBAY / COLABA,2025-08-01 15:00:00,18.9,72.8167,11.0,28.0,25.4,,1006.7,86.0,28.0,1006.7,86.0,False,,,
INM00043057,BOMBAY / COLABA,2025-08-02 00:00:00,18.9,72.8167,11.0,27.5,24.8,,1005.1,85.0,27.5,1005.1,85.0,False,,,
INM00043057,BOMBAY / COLABA,2025-08-02 03:00:00,18.9,72.8167,11.0,27.4,24.5,,1006.9,84.0,27.4,1006.9,84.0,False,,,
INM00043057,BOMBAY / COLABA,2025-08-02 06:00:00,18.9,72.8167,11.0,28.6,24.9,,1007.3,80.0,28.6,1007.3,80.0,False,,,
INM00043057,BOMBAY / COLABA,2025-08-02 09:00:00,18.9,72.8167,11.0,28.6,25.8,,1005.9,85.0,28.6,1005.9,85.0,False,,,
INM00043057,BOMBAY / COLABA,2025-08-02 12:00:00,18.9,72.8167,11.0,28.5,25.3,,1005.3,83.0,28.5,1005.3,83.0,False,,,
INM00043057,BOMBAY / COLABA,2025-08-02 15:00:00,18.9,72.8167,11.0,28.0,25.7,,1006.3,87.0,28.0,1006.3,87.0,False,,,
INM00043057,BOMBAY / COLABA,2025-08-03 00:00:00,18.9,72.8167,11.0,26.7,24.8,,1006.0,89.0,26.7,1006.0,89.0,False,,,
INM00043057,BOMBAY / COLABA,2025-08-03 03:00:00,18.9,72.8167,11.0,26.6,25.7,,1007.3,95.0,26.6,1007.3,95.0,False,,,
INM00043057,BOMBAY / COLABA,2025-08-03 06:00:00,18.9,72.8167,11.0,29.2,25.5,,1007.7,80.0,29.2,1007.7,80.0,False,,,
INM00043057,BOMBAY / COLABA,2025-08-03 09:00:00,18.9,72.8167,11.0,31.0,26.8,,1006.8,78.0,31.0,1006.8,78.0,False,,,
INM00043057,BOMBAY / COLABA,2025-08-03 12:00:00,18.9,72.8167,11.0,29.0,27.3,,1006.0,91.0,29.0,1006.0,91.0,False,,,
INM00043057,BOMBAY / COLABA,2025-08-03 15:00:00,18.9,72.8167,11.0,28.5,26.2,,1007.5,87.0,28.5,1007.5,87.0,False,,,
INM00043057,BOMBAY / COLABA,2025-08-04 00:00:00,18.9,72.8167,11.0,27.7,25.5,,1007.1,88.0,27.7,1007.1,88.0,False,,,
INM00043057,BOMBAY / COLABA,2025-08-04 03:00:00,18.9,72.8167,11.0,27.8,25.8,,1008.9,89.0,27.8,1008.9,89.0,False,,,
INM00043057,BOMBAY / COLABA,2025-08-04 06:00:00,18.9,72.8167,11.0,27.7,22.8,,1009.3,75.0,27.7,1009.3,75.0,False,,,
INM00043057,BOMBAY / COLABA,2025-08-04 09:00:00,18.9,72.8167,11.0,30.6,25.2,,1007.6,73.0,30.6,1007.6,73.0,False,,,
INM00043057,BOMBAY / COLABA,2025-08-04 12:00:00,18.9,72.8167,11.0,29.5,24.8,,1006.9,76.0,29.5,1006.9,76.0,False,,,
INM00043057,BOMBAY / COLABA,2025-08-04 15:00:00,18.9,72.8167,11.0,28.0,24.6,,1008.0,82.0,28.0,1008.0,82.0,False,,,
INM00043057,BOMBAY / COLABA,2025-08-05 00:00:00,18.9,72.8167,11.0,27.5,24.8,,1007.0,85.0,27.5,1007.0,85.0,False,,,
INM00043057,BOMBAY / COLABA,2025-08-05 03:00:00,18.9,72.8167,11.0,28.0,25.4,,1008.5,86.0,28.0,1008.5,86.0,False,,,
INM00043057,BOMBAY / COLABA,2025-08-05 06:00:00,18.9,72.8167,11.0,30.6,25.2,,1009.1,73.0,30.6,1009.1,73.0,False,,,
INM00043057,BOMBAY / COLABA,2025-08-05 09:00:00,18.9,72.8167,11.0,30.6,24.9,,1007.3,72.0,30.6,1007.3,72.0,False,,,
INM00043057,BOMBAY / COLABA,2025-08-05 12:00:00,18.9,72.8167,11.0,30.0,26.9,,1006.5,83.0,30.0,1006.5,83.0,False,,,
INM00043057,BOMBAY / COLABA,2025-08-05 15:00:00,18.9,72.8167,11.0,29.0,25.0,,1007.5,79.0,29.0,1007.5,79.0,False,,,
INM00043057,BOMBAY / COLABA,2025-08-06 00:00:00,18.9,72.8167,11.0,27.5,24.5,,1006.8,84.0,27.5,1006.8,84.0,False,,,
INM00043057,BOMBAY / COLABA,2025-08-06 03:00:00,18.9,72.8167,11.0,27.5,25.4,,1008.4,88.0,27.5,1008.4,88.0,False,,,
INM00043057,BOMBAY / COLABA,2025-08-06 06:00:00,18.9,72.8167,11.0,28.5,24.7,,1009.1,80.0,28.5,1009.1,80.0,False,,,
INM00043057,BOMBAY / COLABA,2025-08-06 09:00:00,18.9,72.8167,11.0,30.0,25.8,,1006.8,78.0,30.0,1006.8,78.0,False,,,
INM00043057,BOMBAY / COLABA,2025-08-06 12:00:00,18.9,72.8167,11.0,28.6,24.9,,1005.7,80.0,28.6,1005.7,80.0,False,,,
INM00043057,BOMBAY / COLABA,2025-08-06 15:00:00,18.9,72.8167,11.0,28.0,24.6,,1006.7,82.0,28.0,1006.7,82.0,False,,,
INM00043057,BOMBAY / COLABA,2025-08-07 00:00:00,18.9,72.8167,11.0,26.5,25.3,,1006.2,93.0,26.5,1006.2,93.0,False,,,
INM00043057,BOMBAY / COLABA,2025-08-07 03:00:00,18.9,72.8167,11.0,25.8,24.9,,1008.3,95.0,25.8,1008.3,95.0,False,,,
INM00043057,BOMBAY / COLABA,2025-08-07 06:00:00,18.9,72.8167,11.0,26.6,25.7,,1008.8,95.0,26.6,1008.8,95.0,False,,,
INM00043057,BOMBAY / COLABA,2025-08-07 09:00:00,18.9,72.8167,11.0,28.0,24.6,,1007.2,82.0,28.0,1007.2,82.0,False,,,
INM00043057,BOMBAY / COLABA,2025-08-07 12:00:00,18.9,72.8167,11.0,28.0,25.2,,1005.7,85.0,28.0,1005.7,85.0,False,,,
INM00043057,BOMBAY / COLABA,2025-08-07 15:00:00,18.9,72.8167,11.0,27.5,24.8,,1006.6,85.0,27.5,1006.6,85.0,False,,,
INM00043057,BOMBAY / COLABA,2025-08-08 00:00:00,18.9,72.8167,11.0,26.5,24.7,,1005.7,90.0,26.5,1005.7,90.0,False,,,
INM00043057,BOMBAY / COLABA,2025-08-08 03:00:00,18.9,72.8167,11.0,27.0,25.3,,1007.6,90.0,27.0,1007.6,90.0,False,,,
INM00043057,BOMBAY / COLABA,2025-08-08 06:00:00,18.9,72.8167,11.0,29.0,25.0,,1008.7,79.0,29.0,1008.7,79.0,False,,,
INM00043057,BOMBAY / COLABA,2025-08-08 09:00:00,18.9,72.8167,11.0,29.0,24.7,,1007.8,78.0,29.0,1007.8,78.0,False,,,
INM00043057,BOMBAY / COLABA,2025-08-08 12:00:00,18.9,72.8167,11.0,29.0,24.1,,1007.2,75.0,29.0,1007.2,75.0,False,,,
INM00043057,BOMBAY / COLABA,2025-08-09 00:00:00,18.9,72.8167,11.0,26.5,25.3,,1008.6,93.0,26.5,1008.6,93.0,False,,,
INM00043057,BOMBAY / COLABA,2025-08-09 03:00:00,18.9,72.8167,11.0,26.8,26.0,,1010.1,95.0,26.8,1010.1,95.0,False,,,
INM00043057,BOMBAY / COLABA,2025-08-09 06:00:00,18.9,72.8167,11.0,29.5,26.0,,1010.6,81.0,29.5,1010.6,81.0,False,,,
INM00043057,BOMBAY / COLABA,2025-08-09 09:00:00,18.9,72.8167,11.0,30.6,24.9,,1008.8,72.0,30.6,1008.8,72.0,False,,,
INM00043057,BOMBAY / COLABA,2025-08-09 12:00:00,18.9,72.8167,11.0,29.6,24.5,,1007.5,74.0,29.6,1007.5,74.0,False,,,
INM00043057,BOMBAY / COLABA,2025-08-09 15:00:00,18.9,72.8167,11.0,27.6,25.3,,1008.8,87.0,27.6,1008.8,87.0,False,,,
INM00043057,BOMBAY / COLABA,2025-08-10 00:00:00,18.9,72.8167,11.0,27.0,24.4,,1007.8,86.0,27.0,1007.8,86.0,False,,,
INM00043057,BOMBAY / COLABA,2025-08-10 03:00:00,18.9,72.8167,11.0,27.4,24.8,,1009.1,86.0,27.4,1009.1,86.0,False,,,
INM00043057,BOMBAY / COLABA,2025-08-10 06:00:00,18.9,72.8167,11.0,30.0,24.3,,1009.6,72.0,30.0,1009.6,72.0,False,,,
INM00043057,BOMBAY / COLABA,2025-08-10 09:00:00,18.9,72.8167,11.0,30.4,24.1,,1007.8,69.0,30.4,1007.8,69.0,False,,,
INM00043057,BOMBAY / COLABA,2025-08-10 12:00:00,18.9,72.8167,11.0,29.0,24.1,,1006.7,75.0,29.0,1006.7,75.0,False,,,
INM00043057,BOMBAY / COLABA,2025-08-10 15:00:00,18.9,72.8167,11.0,26.6,25.2,,1008.0,92.0,26.6,1008.0,92.0,False,,,
INM00043057,BOMBAY / COLABA,2025-08-11 00:00:00,18.9,72.8167,11.0,26.5,25.0,,1007.5,92.0,26.5,1007.5,92.0,False,,,
INM00043057,BOMBAY / COLABA,2025-08-11 03:00:00,18.9,72.8167,11.0,27.0,24.4,,1009.1,86.0,27.0,1009.1,86.0,False,,,
INM00043057,BOMBAY / COLABA,2025-08-11 06:00:00,18.9,72.8167,11.0,30.5,24.7,,1009.4,71.0,30.5,1009.4,71.0,False,,,
INM00043057,BOMBAY / COLABA,2025-08-11 09:00:00,18.9,72.8167,11.0,30.8,24.2,,1007.7,68.0,30.8,1007.7,68.0,False,,,
INM00043057,BOMBAY / COLABA,2025-08-11 12:00:00,18.9,72.8167,11.0,46.168901891589954,24.1,,992.5163765723227,96.74042253215683,29.0,1006.6,75.0,True,multivariate_inconsistency,21,"temperature,relative_humidity,sea_level_pressure"
INM00043057,BOMBAY / COLABA,2025-08-11 15:00:00,18.9,72.8167,11.0,28.2,24.2,,1007.9,79.0,28.2,1007.9,79.0,False,,,
INM00043057,BOMBAY / COLABA,2025-08-12 00:00:00,18.9,72.8167,11.0,26.2,24.2,,1006.4,89.0,26.2,1006.4,89.0,False,,,
INM00043057,BOMBAY / COLABA,2025-08-12 03:00:00,18.9,72.8167,11.0,25.6,24.7,,1007.7,95.0,25.6,1007.7,95.0,False,,,
INM00043057,BOMBAY / COLABA,2025-08-12 06:00:00,18.9,72.8167,11.0,29.0,24.4,,1008.0,76.0,29.0,1008.0,76.0,False,,,
INM00043057,BOMBAY / COLABA,2025-08-12 09:00:00,18.9,72.8167,11.0,47.45165378626335,24.4,,1023.383736633075,96.71093546532953,30.4,1006.5,70.0,True,multivariate_inconsistency,2,"temperature,relative_humidity,sea_level_pressure"
INM00043057,BOMBAY / COLABA,2025-08-12 12:00:00,18.9,72.8167,11.0,29.0,23.8,,1005.2,74.0,29.0,1005.2,74.0,False,,,
INM00043057,BOMBAY / COLABA,2025-08-12 15:00:00,18.9,72.8167,11.0,28.0,24.3,,1006.2,80.0,28.0,1006.2,80.0,False,,,
INM00043057,BOMBAY / COLABA,2025-08-13 00:00:00,18.9,72.8167,11.0,26.0,24.6,,1004.3,92.0,26.0,1004.3,92.0,False,,,
INM00043057,BOMBAY / COLABA,2025-08-13 03:00:00,18.9,72.8167,11.0,26.4,23.8,,1005.5,86.0,26.4,1005.5,86.0,False,,,
INM00043057,BOMBAY / COLABA,2025-08-13 06:00:00,18.9,72.8167,11.0,27.5,25.4,,1005.7,88.0,27.5,1005.7,88.0,False,,,
INM00043057,BOMBAY / COLABA,2025-08-13 09:00:00,18.9,72.8167,11.0,28.0,24.6,,1004.0,82.0,28.0,1004.0,82.0,False,,,
INM00043057,BOMBAY / COLABA,2025-08-13 12:00:00,18.9,72.8167,11.0,27.2,25.2,,1003.2,89.0,27.2,1003.2,89.0,False,,,
INM00043057,BOMBAY / COLABA,2025-08-13 15:00:00,18.9,72.8167,11.0,26.2,25.3,,1004.3,95.0,26.2,1004.3,95.0,False,,,
INM00043057,BOMBAY / COLABA,2025-08-14 00:00:00,18.9,72.8167,11.0,26.2,24.5,,1003.2,90.0,26.2,1003.2,90.0,False,,,
INM00043057,BOMBAY / COLABA,2025-08-14 03:00:00,18.9,72.8167,11.0,25.4,24.5,,1005.3,95.0,25.4,1005.3,95.0,False,,,
INM00043057,BOMBAY / COLABA,2025-08-14 06:00:00,18.9,72.8167,11.0,25.2,24.3,,1005.8,95.0,25.2,1005.8,95.0,False,,,
INM00043057,BOMBAY / COLABA,2025-08-14 09:00:00,18.9,72.8167,11.0,26.8,26.0,,1003.6,95.0,26.8,1003.6,95.0,False,,,
INM00043057,BOMBAY / COLABA,2025-08-14 12:00:00,18.9,72.8167,11.0,26.5,25.7,,1002.6,95.0,26.5,1002.6,95.0,False,,,
INM00043057,BOMBAY / COLABA,2025-08-14 15:00:00,18.9,72.8167,11.0,26.0,24.9,,1004.1,94.0,26.0,1004.1,94.0,False,,,
INM00043057,BOMBAY / COLABA,2025-08-15 00:00:00,18.9,72.8167,11.0,25.5,24.2,,1002.9,93.0,25.5,1002.9,93.0,False,,,
INM00043057,BOMBAY / COLABA,2025-08-15 03:00:00,18.9,72.8167,11.0,25.6,24.4,,1004.6,93.0,25.6,1004.6,93.0,False,,,
INM00043057,BOMBAY / COLABA,2025-08-15 06:00:00,18.9,72.8167,11.0,25.5,24.5,,1005.2,94.0,25.5,1005.2,94.0,False,,,
INM00043057,BOMBAY / COLABA,2025-08-15 09:00:00,18.9,72.8167,11.0,25.0,24.4,,1003.7,96.0,25.0,1003.7,96.0,False,,,
INM00043057,BOMBAY / COLABA,2025-08-15 12:00:00,18.9,72.8167,11.0,25.0,24.4,,1002.3,96.0,25.0,1002.3,96.0,False,,,
INM00043057,BOMBAY / COLABA,2025-08-15 15:00:00,18.9,72.8167,11.0,25.6,24.7,,1003.5,95.0,25.6,1003.5,95.0,False,,,
INM00043057,BOMBAY / COLABA,2025-08-15 21:00:00,18.9,72.8167,11.0,39.93990819244519,24.4,,990.1321371670092,100.0,25.0,1002.3,96.0,True,multivariate_inconsistency,29,"temperature,relative_humidity,sea_level_pressure"
INM00043057,BOMBAY / COLABA,2025-08-16 00:00:00,18.9,72.8167,11.0,25.5,24.2,,1001.8,93.0,25.5,1001.8,93.0,False,,,
INM00043057,BOMBAY / COLABA,2025-08-16 03:00:00,18.9,72.8167,11.0,25.4,24.2,,1003.1,93.0,25.4,1003.1,93.0,False,,,
INM00043057,BOMBAY / COLABA,2025-08-16 06:00:00,18.9,72.8167,11.0,25.0,24.1,,1003.4,95.0,25.0,1003.4,95.0,False,,,
INM00043057,BOMBAY / COLABA,2025-08-16 09:00:00,18.9,72.8167,11.0,25.0,24.1,,1001.4,95.0,25.0,1001.4,95.0,False,,,
INM00043057,BOMBAY / COLABA,2025-08-16 12:00:00,18.9,72.8167,11.0,25.6,24.7,,1000.6,95.0,25.6,1000.6,95.0,False,,,
INM00043057,BOMBAY / COLABA,2025-08-16 15:00:00,18.9,72.8167,11.0,26.0,25.1,,1002.0,95.0,26.0,1002.0,95.0,False,,,
INM00043057,BOMBAY / COLABA,2025-08-17 00:00:00,18.9,72.8167,11.0,25.5,23.9,,1000.5,91.0,25.5,1000.5,91.0,False,,,
INM00043057,BOMBAY / COLABA,2025-08-17 03:00:00,18.9,72.8167,11.0,25.4,24.5,,1000.7,95.0,25.4,1000.7,95.0,False,,,
INM00043057,BOMBAY / COLABA,2025-08-17 06:00:00,18.9,72.8167,11.0,25.0,24.1,,1001.6,95.0,25.0,1001.6,95.0,False,,,
INM00043057,BOMBAY / COLABA,2025-08-17 09:00:00,18.9,72.8167,11.0,24.8,23.9,,1000.8,95.0,24.8,1000.8,95.0,False,,,
INM00043057,BOMBAY / COLABA,2025-08-17 12:00:00,18.9,72.8167,11.0,25.5,24.5,,1000.7,94.0,25.5,1000.7,94.0,False,,,
INM00043057,BOMBAY / COLABA,2025-08-17 15:00:00,18.9,72.8167,11.0,25.5,24.5,,1003.0,94.0,25.5,1003.0,94.0,False,,,
INM00043057,BOMBAY / COLABA,2025-08-18 00:00:00,18.9,72.8167,11.0,26.0,24.3,,1002.3,90.0,26.0,1002.3,90.0,False,,,
INM00043057,BOMBAY / COLABA,2025-08-18 03:00:00,18.9,72.8167,11.0,25.4,24.5,,1003.8,95.0,25.4,1003.8,95.0,False,,,
INM00043057,BOMBAY / COLABA,2025-08-18 06:00:00,18.9,72.8167,11.0,25.0,24.4,,1004.6,96.0,25.0,1004.6,96.0,False,,,
INM00043057,BOMBAY / COLABA,2025-08-18 09:00:00,18.9,72.8167,11.0,25.6,24.7,,1002.9,95.0,25.6,1002.9,95.0,False,,,
INM00043057,BOMBAY / COLABA,2025-08-18 12:00:00,18.9,72.8167,11.0,26.0,25.1,,1002.3,95.0,26.0,1002.3,95.0,False,,,
INM00043057,BOMBAY / COLABA,2025-08-18 15:00:00,18.9,72.8167,11.0,26.0,25.1,,1003.6,95.0,26.0,1003.6,95.0,False,,,
INM00043057,BOMBAY / COLABA,2025-08-19 00:00:00,18.9,72.8167,11.0,26.0,24.9,,1001.1,94.0,26.0,1001.1,94.0,False,,,
INM00043057,BOMBAY / COLABA,2025-08-19 03:00:00,18.9,72.8167,11.0,25.4,24.5,,1002.3,95.0,25.4,1002.3,95.0,False,,,
INM00043057,BOMBAY / COLABA,2025-08-19 06:00:00,18.9,72.8167,11.0,25.6,24.7,,1003.0,95.0,25.6,1003.0,95.0,False,,,
INM00043057,BOMBAY / COLABA,2025-08-19 09:00:00,18.9,72.8167,11.0,25.8,24.9,,1001.8,95.0,25.8,1001.8,95.0,False,,,
INM00043057,BOMBAY / COLABA,2025-08-19 12:00:00,18.9,72.8167,11.0,25.2,24.3,,1001.0,95.0,25.2,1001.0,95.0,False,,,
INM00043057,BOMBAY / COLABA,2025-08-19 15:00:00,18.9,72.8167,11.0,25.2,24.3,,1002.4,95.0,25.2,1002.4,95.0,False,,,
INM00043057,BOMBAY / COLABA,2025-08-20 00:00:00,18.9,72.8167,11.0,25.6,24.7,,1001.2,95.0,25.6,1001.2,95.0,False,,,
INM00043057,BOMBAY / COLABA,2025-08-20 03:00:00,18.9,72.8167,11.0,26.0,25.1,,1003.3,95.0,26.0,1003.3,95.0,False,,,
INM00043057,BOMBAY / COLABA,2025-08-20 06:00:00,18.9,72.8167,11.0,26.7,24.2,,1004.6,86.0,26.7,1004.6,86.0,False,,,
INM00043057,BOMBAY / COLABA,2025-08-20 09:00:00,18.9,72.8167,11.0,27.0,24.1,,1003.3,84.0,27.0,1003.3,84.0,False,,,
INM00043057,BOMBAY / COLABA,2025-08-20 12:00:00,18.9,72.8167,11.0,26.6,24.6,,1002.6,89.0,26.6,1002.6,89.0,False,,,
INM00043057,BOMBAY / COLABA,2025-08-20 15:00:00,18.9,72.8167,11.0,26.0,24.6,,1004.3,92.0,26.0,1004.3,92.0,False,,,
INM00043057,BOMBAY / COLABA,2025-08-21 00:00:00,18.9,72.8167,11.0,26.0,24.6,,1005.3,92.0,26.0,1005.3,92.0,False,,,
INM00043057,BOMBAY / COLABA,2025-08-21 03:00:00,18.9,72.8167,11.0,26.4,24.1,,1007.2,87.0,26.4,1007.2,87.0,False,,,
INM00043057,BOMBAY / COLABA,2025-08-21 06:00:00,18.9,72.8167,11.0,27.6,24.7,,1007.9,84.0,27.6,1007.9,84.0,False,,,
INM00043057,BOMBAY / COLABA,2025-08-21 09:00:00,18.9,72.8167,11.0,28.0,24.9,,1006.4,83.0,28.0,1006.4,83.0,False,,,
INM00043057,BOMBAY / COLABA,2025-08-21 12:00:00,18.9,72.8167,11.0,27.5,24.5,,1006.1,84.0,27.5,1006.1,84.0,False,,,
INM00043057,BOMBAY / COLABA,2025-08-21 15:00:00,18.9,72.8167,11.0,27.5,24.8,,1008.4,85.0,27.5,1008.4,85.0,False,,,
INM00043057,BOMBAY / COLABA,2025-08-22 00:00:00,18.9,72.8167,11.0,27.0,24.7,,1007.2,87.0,27.0,1007.2,87.0,False,,,
INM00043057,BOMBAY / COLABA,2025-08-22 03:00:00,18.9,72.8167,11.0,27.0,24.7,,1008.8,87.0,27.0,1008.8,87.0,False,,,
INM00043057,BOMBAY / COLABA,2025-08-22 06:00:00,18.9,72.8167,11.0,27.5,24.5,,1009.5,84.0,27.5,1009.5,84.0,False,,,
INM00043057,BOMBAY / COLABA,2025-08-22 09:00:00,18.9,72.8167,11.0,28.2,24.2,,1007.5,79.0,28.2,1007.5,79.0,False,,,
INM00043057,BOMBAY / COLABA,2025-08-22 12:00:00,18.9,72.8167,11.0,27.6,23.8,,1006.6,80.0,27.6,1006.6,80.0,False,,,
INM00043057,BOMBAY / COLABA,2025-08-22 15:00:00,18.9,72.8167,11.0,27.2,24.0,,1008.0,83.0,27.2,1008.0,83.0,False,,,
INM00043057,BOMBAY / COLABA,2025-08-23 00:00:00,18.9,72.8167,11.0,27.2,24.9,,1006.0,87.0,27.2,1006.0,87.0,False,,,
INM00043057,BOMBAY / COLABA,2025-08-23 03:00:00,18.9,72.8167,11.0,26.4,25.0,,1007.9,92.0,26.4,1007.9,92.0,False,,,
INM00043057,BOMBAY / COLABA,2025-08-23 06:00:00,18.9,72.8167,11.0,28.0,23.9,,1008.5,78.0,28.0,1008.5,78.0,False,,,
INM00043057,BOMBAY / COLABA,2025-08-23 09:00:00,18.9,72.8167,11.0,28.8,24.8,,1007.1,79.0,28.8,1007.1,79.0,False,,,
INM00043057,BOMBAY / COLABA,2025-08-23 12:00:00,18.9,72.8167,11.0,28.0,24.3,,1006.2,80.0,28.0,1006.2,80.0,False,,,
INM00043057,BOMBAY / COLABA,2025-08-23 15:00:00,18.9,72.8167,11.0,27.0,24.4,,1007.8,86.0,27.0,1007.8,86.0,False,,,
INM00043057,BOMBAY / COLABA,2025-08-24 00:00:00,18.9,72.8167,11.0,27.0,24.4,,1006.7,86.0,27.0,1006.7,86.0,False,,,
INM00043057,BOMBAY / COLABA,2025-08-24 06:00:00,18.9,72.8167,11.0,29.5,24.8,,1008.9,76.0,29.5,1008.9,76.0,False,,,
INM00043057,BOMBAY / COLABA,2025-08-24 09:00:00,18.9,72.8167,11.0,28.4,25.0,,1007.8,82.0,28.4,1007.8,82.0,False,,,
INM00043057,BOMBAY / COLABA,2025-08-24 12:00:00,18.9,72.8167,11.0,27.6,24.4,,1006.8,83.0,27.6,1006.8,83.0,False,,,
INM00043057,BOMBAY / COLABA,2025-08-24 15:00:00,18.9,72.8167,11.0,27.5,24.5,,1008.3,84.0,27.5,1008.3,84.0,False,,,
INM00043057,BOMBAY / COLABA,2025-08-25 00:00:00,18.9,72.8167,11.0,27.0,24.7,,1006.5,87.0,27.0,1006.5,87.0,False,,,
INM00043057,BOMBAY / COLABA,2025-08-25 03:00:00,18.9,72.8167,11.0,25.0,24.4,,1007.4,96.0,25.0,1007.4,96.0,False,,,
INM00043057,BOMBAY / COLABA,2025-08-25 06:00:00,18.9,72.8167,11.0,26.5,26.1,,1008.3,98.0,26.5,1008.3,98.0,False,,,
INM00043057,BOMBAY / COLABA,2025-08-25 09:00:00,18.9,72.8167,11.0,27.0,24.7,,1005.8,87.0,27.0,1005.8,87.0,False,,,
INM00043057,BOMBAY / COLABA,2025-08-25 12:00:00,18.9,72.8167,11.0,27.0,24.4,,1004.8,86.0,27.0,1004.8,86.0,False,,,
INM00043057,BOMBAY / COLABA,2025-08-25 15:00:00,18.9,72.8167,11.0,26.7,24.2,,1006.3,86.0,26.7,1006.3,86.0,False,,,
INM00043057,BOMBAY / COLABA,2025-08-26 00:00:00,18.9,72.8167,11.0,26.5,24.4,,1005.5,88.0,26.5,1005.5,88.0,False,,,
INM00043057,BOMBAY / COLABA,2025-08-26 03:00:00,18.9,72.8167,11.0,26.6,24.0,,1007.4,86.0,26.6,1007.4,86.0,False,,,
INM00043057,BOMBAY / COLABA,2025-08-26 06:00:00,18.9,72.8167,11.0,27.5,24.8,,1007.9,85.0,27.5,1007.9,85.0,False,,,
INM00043057,BOMBAY / COLABA,2025-08-26 09:00:00,18.9,72.8167,11.0,27.0,26.2,,1006.3,95.0,27.0,1006.3,95.0,False,,,
INM00043057,BOMBAY / COLABA,2025-08-26 12:00:00,18.9,72.8167,11.0,27.2,24.6,,1005.3,86.0,27.2,1005.3,86.0,False,,,
INM00043057,BOMBAY / COLABA,2025-08-26 15:00:00,18.9,72.8167,11.0,27.0,25.0,,1006.5,89.0,27.0,1006.5,89.0,False,,,
INM00043057,BOMBAY / COLABA,2025-08-27 00:00:00,18.9,72.8167,11.0,26.5,25.0,,1004.4,92.0,26.5,1004.4,92.0,False,,,
INM00043057,BOMBAY / COLABA,2025-08-27 03:00:00,18.9,72.8167,11.0,26.0,24.9,,1006.0,94.0,26.0,1006.0,94.0,False,,,
INM00043057,BOMBAY / COLABA,2025-08-27 06:00:00,18.9,72.8167,11.0,26.0,25.7,,1006.5,98.0,26.0,1006.5,98.0,False,,,
INM00043057,BOMBAY / COLABA,2025-08-27 09:00:00,18.9,72.8167,11.0,27.8,25.8,,1004.2,89.0,27.8,1004.2,89.0,False,,,
INM00043057,BOMBAY / COLABA,2025-08-27 12:00:00,18.9,72.8167,11.0,27.6,25.3,,1003.6,87.0,27.6,1003.6,87.0,False,,,
INM00043057,BOMBAY / COLABA,2025-08-27 15:00:00,18.9,72.8167,11.0,27.5,25.4,,1005.3,88.0,27.5,1005.3,88.0,True,frozen,24,sea_level_pressure
INM00043057,BOMBAY / COLABA,2025-08-28 00:00:00,18.9,72.8167,11.0,26.5,25.0,,1005.3,92.0,26.5,1003.9,92.0,True,frozen,24,sea_level_pressure
INM00043057,BOMBAY / COLABA,2025-08-28 03:00:00,18.9,72.8167,11.0,26.8,25.4,,1005.3,92.0,26.8,1005.6,92.0,True,frozen,24,sea_level_pressure
INM00043057,BOMBAY / COLABA,2025-08-28 06:00:00,18.9,72.8167,11.0,28.0,25.7,,1005.3,87.0,28.0,1005.5,87.0,True,frozen,24,sea_level_pressure
INM00043057,BOMBAY / COLABA,2025-08-28 09:00:00,18.9,72.8167,11.0,28.6,25.5,,1005.3,83.0,28.6,1003.4,83.0,True,frozen,24,sea_level_pressure
INM00043057,BOMBAY / COLABA,2025-08-28 12:00:00,18.9,72.8167,11.0,28.0,25.4,,1005.3,86.0,28.0,1002.8,86.0,True,frozen,24,sea_level_pressure
INM00043057,BOMBAY / COLABA,2025-08-28 15:00:00,18.9,72.8167,11.0,27.0,26.4,,1005.3,97.0,27.0,1004.5,97.0,True,frozen,24,sea_level_pressure
INM00043057,BOMBAY / COLABA,2025-08-29 00:00:00,18.9,72.8167,11.0,26.0,25.1,,1005.3,95.0,26.0,1003.0,95.0,True,frozen,24,sea_level_pressure
INM00043057,BOMBAY / COLABA,2025-08-29 03:00:00,18.9,72.8167,11.0,26.0,25.1,,1005.3,95.0,26.0,1004.7,95.0,True,frozen,24,sea_level_pressure
INM00043057,BOMBAY / COLABA,2025-08-29 06:00:00,18.9,72.8167,11.0,27.0,24.4,,1005.3,86.0,27.0,1005.1,86.0,True,frozen,24,sea_level_pressure
INM00043057,BOMBAY / COLABA,2025-08-29 09:00:00,18.9,72.8167,11.0,26.4,25.5,,1005.3,95.0,26.4,1003.5,95.0,True,frozen,24,sea_level_pressure
INM00043057,BOMBAY / COLABA,2025-08-29 12:00:00,18.9,72.8167,11.0,25.5,24.8,,1003.4,96.0,25.5,1003.4,96.0,False,,,
INM00043057,BOMBAY / COLABA,2025-08-29 15:00:00,18.9,72.8167,11.0,25.5,24.8,,1005.4,96.0,25.5,1005.4,96.0,False,,,
INM00043057,BOMBAY / COLABA,2025-09-02 15:00:00,18.9,72.8167,11.0,27.6,25.0,,1005.4,86.0,27.6,1005.4,86.0,False,,,
INM00043057,BOMBAY / COLABA,2025-09-03 00:00:00,18.9,72.8167,11.0,27.5,25.4,,1004.3,88.0,27.5,1004.3,88.0,False,,,
INM00043057,BOMBAY / COLABA,2025-09-03 03:00:00,18.9,72.8167,11.0,27.6,25.3,,1006.1,87.0,27.6,1006.1,87.0,False,,,
INM00043057,BOMBAY / COLABA,2025-09-03 06:00:00,18.9,72.8167,11.0,29.0,25.0,,1006.6,79.0,29.0,1006.6,79.0,False,,,
INM00043057,BOMBAY / COLABA,2025-09-03 09:00:00,18.9,72.8167,11.0,30.0,25.2,,1005.0,75.0,30.0,1005.0,75.0,False,,,
INM00043057,BOMBAY / COLABA,2025-09-03 12:00:00,18.9,72.8167,11.0,28.2,24.8,,1003.7,82.0,28.2,1003.7,82.0,False,,,
INM00043057,BOMBAY / COLABA,2025-09-03 15:00:00,18.9,72.8167,11.0,27.6,24.7,,1005.6,84.0,27.6,1005.6,84.0,False,,,
INM00043057,BOMBAY / COLABA,2025-09-04 00:00:00,18.9,72.8167,11.0,27.2,24.9,,1004.6,87.0,27.2,1004.6,87.0,False,,,
INM00043057,BOMBAY / COLABA,2025-09-04 03:00:00,18.9,72.8167,11.0,26.4,25.0,,1006.3,92.0,26.4,1006.3,92.0,False,,,
INM00043057,BOMBAY / COLABA,2025-09-04 06:00:00,18.9,72.8167,11.0,27.6,25.3,,1006.8,87.0,27.6,1006.8,87.0,False,,,
INM00043057,BOMBAY / COLABA,2025-09-04 09:00:00,18.9,72.8167,11.0,27.7,24.6,,1004.9,83.0,27.7,1004.9,83.0,False,,,
INM00043057,BOMBAY / COLABA,2025-09-04 12:00:00,18.9,72.8167,11.0,27.0,24.4,,1004.3,86.0,27.0,1004.3,86.0,False,,,
INM00043057,BOMBAY / COLABA,2025-09-04 15:00:00,18.9,72.8167,11.0,27.0,24.7,,1005.4,87.0,27.0,1005.4,87.0,False,,,
INM00043057,BOMBAY / COLABA,2025-09-05 00:00:00,18.9,72.8167,11.0,27.0,25.3,,1004.7,90.0,27.0,1004.7,90.0,False,,,
INM00043057,BOMBAY / COLABA,2025-09-05 03:00:00,18.9,72.8167,11.0,28.0,25.7,,1006.8,87.0,28.0,1006.8,87.0,False,,,
INM00043057,BOMBAY / COLABA,2025-09-05 06:00:00,18.9,72.8167,11.0,26.6,25.2,,1007.7,92.0,26.6,1007.7,92.0,False,,,
INM00043057,BOMBAY / COLABA,2025-09-05 09:00:00,18.9,72.8167,11.0,26.4,25.0,,1005.6,92.0,26.4,1005.6,92.0,False,,,
INM00043057,BOMBAY / COLABA,2025-09-05 12:00:00,18.9,72.8167,11.0,26.7,25.7,,1004.9,94.0,26.7,1004.9,94.0,False,,,
INM00043057,BOMBAY / COLABA,2025-09-05 15:00:00,18.9,72.8167,11.0,26.7,25.1,,1006.7,91.0,26.7,1006.7,91.0,False,,,
INM00043057,BOMBAY / COLABA,2025-09-06 00:00:00,18.9,72.8167,11.0,26.5,25.3,,1006.0,93.0,26.5,1006.0,93.0,False,,,
INM00043057,BOMBAY / COLABA,2025-09-06 03:00:00,18.9,72.8167,11.0,25.4,24.5,,1008.3,95.0,25.4,1008.3,95.0,False,,,
INM00043057,BOMBAY / COLABA,2025-09-06 06:00:00,18.9,72.8167,11.0,26.0,23.4,,1008.7,86.0,26.0,1008.7,86.0,False,,,
INM00043057,BOMBAY / COLABA,2025-09-06 09:00:00,18.9,72.8167,11.0,26.5,24.1,,1007.0,87.0,26.5,1007.0,87.0,False,,,
INM00043057,BOMBAY / COLABA,2025-09-06 12:00:00,18.9,72.8167,11.0,26.0,24.3,,1006.3,90.0,26.0,1006.3,90.0,False,,,
INM00043057,BOMBAY / COLABA,2025-09-06 15:00:00,18.9,72.8167,11.0,25.0,24.1,,1008.0,95.0,25.0,1008.0,95.0,False,,,
INM00043057,BOMBAY / COLABA,2025-09-07 00:00:00,18.9,72.8167,11.0,26.6,23.7,,1006.5,84.0,26.6,1006.5,84.0,False,,,
INM00043057,BOMBAY / COLABA,2025-09-07 03:00:00,18.9,72.8167,11.0,27.0,24.1,,1008.2,84.0,27.0,1008.2,84.0,False,,,
INM00043057,BOMBAY / COLABA,2025-09-07 06:00:00,18.9,72.8167,11.0,27.6,24.7,,1008.6,84.0,27.6,1008.6,84.0,False,,,
INM00043057,BOMBAY / COLABA,2025-09-07 09:00:00,18.9,72.8167,11.0,28.0,24.6,,1006.7,82.0,28.0,1006.7,82.0,False,,,
INM00043057,BOMBAY / COLABA,2025-09-07 12:00:00,18.9,72.8167,11.0,27.6,24.1,,1005.7,81.0,27.6,1005.7,81.0,False,,,
INM00043057,BOMBAY / COLABA,2025-09-07 15:00:00,18.9,72.8167,11.0,27.0,24.4,,1007.2,86.0,27.0,1007.2,86.0,False,,,
INM00043057,BOMBAY / COLABA,2025-09-08 00:00:00,18.9,72.8167,11.0,26.0,24.6,,1006.2,92.0,26.0,1006.2,92.0,False,,,
INM00043057,BOMBAY / COLABA,2025-09-08 03:00:00,18.9,72.8167,11.0,26.2,24.5,,1007.8,90.0,26.2,1007.8,90.0,False,,,
INM00043057,BOMBAY / COLABA,2025-09-08 06:00:00,18.9,72.8167,11.0,27.2,24.6,,1008.6,86.0,27.2,1008.6,86.0,False,,,
INM00043057,BOMBAY / COLABA,2025-09-08 09:00:00,18.9,72.8167,11.0,28.5,24.7,,1006.8,80.0,28.5,1006.8,80.0,False,,,
INM00043057,BOMBAY / COLABA,2025-09-08 12:00:00,18.9,72.8167,11.0,28.5,23.8,,1006.5,76.0,28.5,1006.5,76.0,False,,,
INM00043057,BOMBAY / COLABA,2025-09-08 15:00:00,18.9,72.8167,11.0,27.0,24.4,,1007.7,86.0,27.0,1007.7,86.0,False,,,
INM00043057,BOMBAY / COLABA,2025-09-09 06:00:00,18.9,72.8167,11.0,30.0,24.3,,1009.8,72.0,30.0,1009.8,72.0,False,,,
INM00043057,BOMBAY / COLABA,2025-09-09 09:00:00,18.9,72.8167,11.0,30.8,23.6,,1008.3,65.0,30.8,1008.3,65.0,False,,,
INM00043057,BOMBAY / COLABA,2025-09-09 12:00:00,18.9,72.8167,11.0,29.0,24.4,,1007.8,76.0,29.0,1007.8,76.0,False,,,
INM00043057,BOMBAY / COLABA,2025-09-09 15:00:00,18.9,72.8167,11.0,28.5,24.7,,1009.4,80.0,28.5,1009.4,80.0,False,,,
INM00043057,BOMBAY / COLABA,2025-09-10 00:00:00,18.9,72.8167,11.0,27.0,25.9,,1009.3,94.0,27.0,1009.3,94.0,False,,,
INM00043057,BOMBAY / COLABA,2025-09-10 03:00:00,18.9,72.8167,11.0,27.0,25.3,,1011.1,90.0,27.0,1011.1,90.0,False,,,
INM00043057,BOMBAY / COLABA,2025-09-10 06:00:00,18.9,72.8167,11.0,30.0,24.0,,1011.1,70.0,30.0,1011.1,70.0,False,,,
INM00043057,BOMBAY / COLABA,2025-09-10 09:00:00,18.9,72.8167,11.0,31.0,21.9,,1009.0,58.0,31.0,1009.0,58.0,False,,,
INM00043057,BOMBAY / COLABA,2025-09-10 12:00:00,18.9,72.8167,11.0,,21.2,,1007.7,63.0,29.0,1007.7,63.0,True,dropout,40,temperature
INM00043057,BOMBAY / COLABA,2025-09-10 15:00:00,18.9,72.8167,11.0,,23.3,,1009.2,76.0,28.0,1009.2,76.0,True,dropout,40,temperature
INM00043057,BOMBAY / COLABA,2025-09-11 00:00:00,18.9,72.8167,11.0,,24.3,,1008.6,84.0,27.2,1008.6,84.0,True,dropout,40,temperature
INM00043057,BOMBAY / COLABA,2025-09-11 03:00:00,18.9,72.8167,11.0,,24.9,,1010.4,87.0,27.2,1010.4,87.0,True,dropout,40,temperature
INM00043057,BOMBAY / COLABA,2025-09-11 06:00:00,18.9,72.8167,11.0,,24.2,,1010.4,68.0,30.7,1010.4,68.0,True,dropout,40,temperature
INM00043057,BOMBAY / COLABA,2025-09-11 09:00:00,18.9,72.8167,11.0,,22.5,,1008.4,63.0,30.4,1008.4,63.0,True,dropout,40,temperature
INM00043057,BOMBAY / COLABA,2025-09-11 12:00:00,18.9,72.8167,11.0,,23.5,,1007.9,72.0,29.0,1007.9,72.0,True,dropout,40,temperature
INM00043057,BOMBAY / COLABA,2025-09-11 15:00:00,18.9,72.8167,11.0,,23.7,,1009.8,78.0,28.0,1009.8,78.0,True,dropout,40,temperature
INM00043057,BOMBAY / COLABA,2025-09-12 00:00:00,18.9,72.8167,11.0,,24.5,,1008.7,84.0,27.4,1008.7,84.0,True,dropout,40,temperature
INM00043057,BOMBAY / COLABA,2025-09-12 03:00:00,18.9,72.8167,11.0,,24.7,,1010.6,87.0,27.0,1010.6,87.0,True,dropout,40,temperature
INM00043057,BOMBAY / COLABA,2025-09-12 06:00:00,18.9,72.8167,11.0,29.4,25.1,,1011.0,78.0,29.4,1011.0,78.0,False,,,
INM00043057,BOMBAY / COLABA,2025-09-12 09:00:00,18.9,72.8167,11.0,29.0,24.4,,1008.9,76.0,29.0,1008.9,76.0,False,,,
INM00043057,BOMBAY / COLABA,2025-09-12 12:00:00,18.9,72.8167,11.0,28.5,24.1,,1007.6,77.0,28.5,1007.6,77.0,False,,,
INM00043057,BOMBAY / COLABA,2025-09-12 15:00:00,18.9,72.8167,11.0,28.0,24.6,,1009.3,82.0,28.0,1009.3,82.0,False,,,
INM00043057,BOMBAY / COLABA,2025-09-13 00:00:00,18.9,72.8167,11.0,27.5,25.7,,1008.4,90.0,27.5,1008.4,90.0,False,,,
INM00043057,BOMBAY / COLABA,2025-09-13 03:00:00,18.9,72.8167,11.0,26.8,25.1,,1009.9,90.0,26.8,1009.9,90.0,False,,,
INM00043057,BOMBAY / COLABA,2025-09-13 06:00:00,18.9,72.8167,11.0,28.0,25.7,,1010.4,87.0,28.0,1010.4,87.0,False,,,
INM00043057,BOMBAY / COLABA,2025-09-13 09:00:00,18.9,72.8167,11.0,28.4,25.3,,1007.6,83.0,28.4,1007.6,83.0,False,,,
INM00043057,BOMBAY / COLABA,2025-09-13 12:00:00,18.9,72.8167,11.0,27.7,25.8,,1007.1,89.0,27.7,1007.1,89.0,False,,,
INM00043057,BOMBAY / COLABA,2025-09-13 15:00:00,18.9,72.8167,11.0,26.6,26.0,,1009.0,97.0,26.6,1009.0,97.0,False,,,
INM00043057,BOMBAY / COLABA,2025-09-14 00:00:00,18.9,72.8167,11.0,25.6,25.0,,1007.9,97.0,25.6,1007.9,97.0,False,,,
INM00043057,BOMBAY / COLABA,2025-09-14 03:00:00,18.9,72.8167,11.0,,25.4,,1009.5,97.0,26.0,1009.5,97.0,True,dropout,0,temperature
INM00043057,BOMBAY / COLABA,2025-09-14 06:00:00,18.9,72.8167,11.0,,25.1,,1009.6,83.0,28.2,1009.6,83.0,True,dropout,0,temperature
INM00043057,BOMBAY / COLABA,2025-09-14 09:00:00,18.9,72.8167,11.0,,25.0,,1007.7,79.0,29.0,1007.7,79.0,True,dropout,0,temperature
INM00043057,BOMBAY / COLABA,2025-09-14 12:00:00,18.9,72.8167,11.0,,25.9,,1007.1,87.0,28.2,1007.1,87.0,True,dropout,0,temperature
INM00043057,BOMBAY / COLABA,2025-09-14 15:00:00,18.9,72.8167,11.0,,25.0,,1008.6,89.0,27.0,1008.6,89.0,True,dropout,0,temperature
INM00043057,BOMBAY / COLABA,2025-09-15 00:00:00,18.9,72.8167,11.0,,24.9,,1007.1,94.0,26.0,1007.1,94.0,True,dropout,0,temperature
INM00043057,BOMBAY / COLABA,2025-09-15 03:00:00,18.9,72.8167,11.0,,24.5,,1008.8,95.0,25.4,1008.8,95.0,True,dropout,0,temperature
INM00043057,BOMBAY / COLABA,2025-09-15 06:00:00,18.9,72.8167,11.0,,24.2,,1009.3,93.0,25.4,1009.3,93.0,True,dropout,0,temperature
INM00043057,BOMBAY / COLABA,2025-09-15 09:00:00,18.9,72.8167,11.0,,24.0,,1007.3,93.0,25.2,1007.3,93.0,True,dropout,0,temperature
INM00043057,BOMBAY / COLABA,2025-09-15 12:00:00,18.9,72.8167,11.0,24.7,23.9,,1006.4,95.0,24.7,1006.4,95.0,False,,,
INM00043057,BOMBAY / COLABA,2025-09-16 00:00:00,18.9,72.8167,11.0,25.2,23.7,,1006.7,91.0,25.2,1006.7,91.0,False,,,
INM00043057,BOMBAY / COLABA,2025-09-16 03:00:00,18.9,72.8167,11.0,25.0,23.2,,1008.9,90.0,25.0,1008.9,90.0,False,,,
INM00043057,BOMBAY / COLABA,2025-09-16 06:00:00,18.9,72.8167,11.0,25.6,24.7,,1009.3,95.0,25.6,1009.3,95.0,False,,,
INM00043057,BOMBAY / COLABA,2025-09-16 09:00:00,18.9,72.8167,11.0,26.6,25.5,,1007.0,94.0,26.6,1007.0,94.0,False,,,
INM00043057,BOMBAY / COLABA,2025-09-16 12:00:00,18.9,72.8167,11.0,26.0,24.9,,1006.4,94.0,26.0,1006.4,94.0,False,,,
INM00043057,BOMBAY / COLABA,2025-09-17 00:00:00,18.9,72.8167,11.0,25.5,24.5,,1006.8,94.0,25.5,1006.8,94.0,False,,,
INM00043057,BOMBAY / COLABA,2025-09-17 03:00:00,18.9,72.8167,11.0,26.0,24.9,,1008.9,94.0,26.0,1008.9,94.0,False,,,
INM00043057,BOMBAY / COLABA,2025-09-17 06:00:00,18.9,72.8167,11.0,27.0,24.4,,1009.4,86.0,27.0,1009.4,86.0,False,,,
INM00043057,BOMBAY / COLABA,2025-09-17 09:00:00,18.9,72.8167,11.0,28.6,24.0,,1006.3,76.0,28.6,1006.3,76.0,False,,,
INM00043057,BOMBAY / COLABA,2025-09-17 12:00:00,18.9,72.8167,11.0,28.0,23.9,,1005.9,78.0,28.0,1005.9,78.0,False,,,
INM00043057,BOMBAY / COLABA,2025-09-17 15:00:00,18.9,72.8167,11.0,27.5,24.8,,1007.8,85.0,27.5,1007.8,85.0,False,,,
INM00043057,BOMBAY / COLABA,2025-09-18 00:00:00,18.9,72.8167,11.0,26.6,24.6,,1006.8,89.0,26.6,1006.8,89.0,False,,,
INM00043057,BOMBAY / COLABA,2025-09-18 03:00:00,18.9,72.8167,11.0,26.4,24.7,,1008.5,90.0,26.4,1008.5,90.0,False,,,
INM00043057,BOMBAY / COLABA,2025-09-18 06:00:00,18.9,72.8167,11.0,28.2,25.9,,1009.1,87.0,28.2,1009.1,87.0,False,,,
INM00043057,BOMBAY / COLABA,2025-09-18 09:00:00,18.9,72.8167,11.0,28.8,25.1,,1006.1,80.0,28.8,1006.1,80.0,False,,,
INM00043057,BOMBAY / COLABA,2025-09-18 12:00:00,18.9,72.8167,11.0,28.5,25.3,,1006.7,83.0,28.5,1006.7,83.0,False,,,
INM00043057,BOMBAY / COLABA,2025-09-18 15:00:00,18.9,72.8167,11.0,27.5,25.1,,1007.4,87.0,27.5,1007.4,87.0,False,,,
INM00043057,BOMBAY / COLABA,2025-09-19 00:00:00,18.9,72.8167,11.0,26.0,24.9,,1007.8,94.0,26.0,1007.8,94.0,False,,,
INM00043057,BOMBAY / COLABA,2025-09-19 03:00:00,18.9,72.8167,11.0,26.4,25.3,,1009.3,94.0,26.4,1009.3,94.0,False,,,
INM00043057,BOMBAY / COLABA,2025-09-19 06:00:00,18.9,72.8167,11.0,27.5,26.6,,1009.8,95.0,27.5,1009.8,95.0,False,,,
INM00043057,BOMBAY / COLABA,2025-09-19 09:00:00,18.9,72.8167,11.0,28.4,24.6,,1007.2,80.0,28.4,1007.2,80.0,False,,,
INM00043057,BOMBAY / COLABA,2025-09-19 12:00:00,18.9,72.8167,11.0,28.0,25.4,,1007.0,86.0,28.0,1007.0,86.0,False,,,
INM00043057,BOMBAY / COLABA,2025-09-19 15:00:00,18.9,72.8167,11.0,27.5,25.1,,1009.0,87.0,27.5,1009.0,87.0,False,,,
INM00043057,BOMBAY / COLABA,2025-09-20 00:00:00,18.9,72.8167,11.0,27.0,25.3,,1007.8,90.0,27.0,1007.8,90.0,False,,,
INM00043057,BOMBAY / COLABA,2025-09-20 03:00:00,18.9,72.8167,11.0,26.4,25.0,,1009.9,92.0,26.4,1009.9,92.0,False,,,
INM00043057,BOMBAY / COLABA,2025-09-20 06:00:00,18.9,72.8167,11.0,28.2,26.2,,1009.9,89.0,28.2,1009.9,89.0,False,,,
INM00043057,BOMBAY / COLABA,2025-09-20 09:00:00,18.9,72.8167,11.0,28.4,25.9,,1007.4,86.0,28.4,1007.4,86.0,False,,,
INM00043057,BOMBAY / COLABA,2025-09-20 12:00:00,18.9,72.8167,11.0,29.0,25.6,,1006.7,82.0,29.0,1006.7,82.0,False,,,
INM00043057,BOMBAY / COLABA,2025-09-20 15:00:00,18.9,72.8167,11.0,27.7,25.2,,1008.9,86.0,27.7,1008.9,86.0,False,,,
INM00043057,BOMBAY / COLABA,2025-09-21 00:00:00,18.9,72.8167,11.0,26.2,24.8,,1007.5,92.0,26.2,1007.5,92.0,False,,,
INM00043057,BOMBAY / COLABA,2025-09-21 03:00:00,18.9,72.8167,11.0,26.6,25.2,,1009.3,92.0,26.6,1009.3,92.0,False,,,
INM00043057,BOMBAY / COLABA,2025-09-21 06:00:00,18.9,72.8167,11.0,28.2,26.8,,1009.0,92.0,28.2,1009.0,92.0,False,,,
INM00043057,BOMBAY / COLABA,2025-09-21 09:00:00,18.9,72.8167,11.0,26.6,25.5,,1007.1,94.0,26.6,1007.1,94.0,False,,,
INM00043057,BOMBAY / COLABA,2025-09-21 12:00:00,18.9,72.8167,11.0,26.0,25.4,,1006.6,97.0,26.0,1006.6,97.0,False,,,
INM00043057,BOMBAY / COLABA,2025-09-21 15:00:00,18.9,72.8167,11.0,26.0,25.1,,1008.6,95.0,26.0,1008.6,95.0,False,,,
INM00043057,BOMBAY / COLABA,2025-09-22 00:00:00,18.9,72.8167,11.0,25.5,24.5,,1007.8,94.0,25.5,1007.8,94.0,False,,,
INM00043057,BOMBAY / COLABA,2025-09-22 03:00:00,18.9,72.8167,11.0,25.6,24.7,,1009.5,95.0,25.6,1009.5,95.0,False,,,
INM00043057,BOMBAY / COLABA,2025-09-22 06:00:00,18.9,72.8167,11.0,26.0,25.1,,1010.0,95.0,26.0,1010.0,95.0,False,,,
INM00043057,BOMBAY / COLABA,2025-09-22 09:00:00,18.9,72.8167,11.0,26.6,26.0,,1008.0,97.0,26.6,1008.0,97.0,False,,,
INM00043057,BOMBAY / COLABA,2025-09-22 12:00:00,18.9,72.8167,11.0,26.5,25.5,,1007.4,94.0,26.5,1007.4,94.0,False,,,
INM00043057,BOMBAY / COLABA,2025-09-22 15:00:00,18.9,72.8167,11.0,26.6,25.5,,1009.5,94.0,26.6,1009.5,94.0,False,,,
INM00043057,BOMBAY / COLABA,2025-09-23 00:00:00,18.9,72.8167,11.0,25.5,23.9,,1008.8,91.0,25.5,1008.8,91.0,False,,,
INM00043057,BOMBAY / COLABA,2025-09-23 03:00:00,18.9,72.8167,11.0,25.0,23.5,,1011.1,91.0,25.0,1011.1,91.0,False,,,
INM00043057,BOMBAY / COLABA,2025-09-23 06:00:00,18.9,72.8167,11.0,26.2,24.5,,1010.9,90.0,26.2,1010.9,90.0,False,,,
INM00043057,BOMBAY / COLABA,2025-09-23 09:00:00,18.9,72.8167,11.0,28.2,25.4,,1008.8,85.0,28.2,1008.8,85.0,False,,,
INM00043057,BOMBAY / COLABA,2025-09-23 12:00:00,18.9,72.8167,11.0,28.0,25.4,,1007.7,86.0,28.0,1007.7,86.0,False,,,
INM00043057,BOMBAY / COLABA,2025-09-23 15:00:00,18.9,72.8167,11.0,27.5,24.5,,1009.4,84.0,27.5,1009.4,84.0,False,,,
INM00043057,BOMBAY / COLABA,2025-09-24 00:00:00,18.9,72.8167,11.0,26.0,24.3,,1007.7,90.0,26.0,1007.7,90.0,False,,,
INM00043057,BOMBAY / COLABA,2025-09-24 03:00:00,18.9,72.8167,11.0,26.4,24.7,,1009.5,90.0,26.4,1009.5,90.0,False,,,
INM00043057,BOMBAY / COLABA,2025-09-24 06:00:00,18.9,72.8167,11.0,29.5,24.2,,1009.5,73.0,29.5,1009.5,73.0,False,,,
INM00043057,BOMBAY / COLABA,2025-09-24 09:00:00,18.9,72.8167,11.0,30.6,24.3,,1007.0,69.0,30.6,1007.0,69.0,False,,,
INM00043057,BOMBAY / COLABA,2025-09-24 12:00:00,18.9,72.8167,11.0,28.5,25.6,,1006.1,84.0,28.5,1006.1,84.0,False,,,
INM00043057,BOMBAY / COLABA,2025-09-24 15:00:00,18.9,72.8167,11.0,26.7,24.5,,1007.5,88.0,26.7,1007.5,88.0,False,,,
INM00043057,BOMBAY / COLABA,2025-09-25 00:00:00,18.9,72.8167,11.0,26.0,24.6,,1006.2,92.0,26.0,1006.2,92.0,False,,,
INM00043057,BOMBAY / COLABA,2025-09-25 03:00:00,18.9,72.8167,11.0,26.4,25.0,,1008.3,92.0,26.4,1008.3,92.0,False,,,
INM00043057,BOMBAY / COLABA,2025-09-25 06:00:00,18.9,72.8167,11.0,27.0,24.1,,1009.0,84.0,27.0,1009.0,84.0,False,,,
INM00043057,BOMBAY / COLABA,2025-09-25 09:00:00,18.9,72.8167,11.0,30.0,23.3,,1006.2,67.0,30.0,1006.2,67.0,False,,,
INM00043057,BOMBAY / COLABA,2025-09-25 12:00:00,18.9,72.8167,11.0,28.6,24.3,,1005.5,78.0,28.6,1005.5,78.0,False,,,
INM00043057,BOMBAY / COLABA,2025-09-25 15:00:00,18.9,72.8167,11.0,27.6,24.4,,1007.3,83.0,27.6,1007.3,83.0,False,,,
INM00043057,BOMBAY / COLABA,2025-09-26 00:00:00,18.9,72.8167,11.0,26.6,24.9,,1006.6,90.0,26.6,1006.6,90.0,False,,,
INM00043057,BOMBAY / COLABA,2025-09-26 03:00:00,18.9,72.8167,11.0,26.6,24.9,,1008.4,90.0,26.6,1008.4,90.0,False,,,
INM00043057,BOMBAY / COLABA,2025-09-26 06:00:00,18.9,72.8167,11.0,28.5,24.7,,1008.3,80.0,28.5,1008.3,80.0,False,,,
INM00043057,BOMBAY / COLABA,2025-09-26 09:00:00,18.9,72.8167,11.0,29.0,25.4,,1006.1,81.0,29.0,1006.1,81.0,False,,,
INM00043057,BOMBAY / COLABA,2025-09-26 12:00:00,18.9,72.8167,11.0,28.0,24.9,,1005.9,83.0,28.0,1005.9,83.0,False,,,
INM00043057,BOMBAY / COLABA,2025-09-26 15:00:00,18.9,72.8167,11.0,27.6,25.3,,1008.0,87.0,27.6,1008.0,87.0,False,,,
INM00043057,BOMBAY / COLABA,2025-09-27 00:00:00,18.9,72.8167,11.0,38.935937577666834,24.6,,988.1445177148809,100.0,26.0,1006.5,92.0,True,multivariate_inconsistency,11,"temperature,relative_humidity,sea_level_pressure"
INM00043057,BOMBAY / COLABA,2025-09-27 03:00:00,18.9,72.8167,11.0,25.6,24.4,,1008.7,93.0,25.6,1008.7,93.0,False,,,
INM00043057,BOMBAY / COLABA,2025-09-27 06:00:00,18.9,72.8167,11.0,25.5,24.5,,1009.3,94.0,25.5,1009.3,94.0,False,,,
INM00043057,BOMBAY / COLABA,2025-09-27 09:00:00,18.9,72.8167,11.0,26.0,25.1,,1006.5,95.0,26.0,1006.5,95.0,False,,,
INM00043057,BOMBAY / COLABA,2025-09-27 12:00:00,18.9,72.8167,11.0,26.2,25.3,,1006.1,95.0,26.2,1006.1,95.0,False,,,
INM00043057,BOMBAY / COLABA,2025-09-27 15:00:00,18.9,72.8167,11.0,26.5,25.3,,1007.0,93.0,26.5,1007.0,93.0,False,,,
INM00043057,BOMBAY / COLABA,2025-09-28 00:00:00,18.9,72.8167,11.0,25.0,23.8,,1005.0,93.0,25.0,1005.0,93.0,False,,,
INM00043057,BOMBAY / COLABA,2025-09-28 03:00:00,18.9,72.8167,11.0,24.8,23.6,,1006.0,93.0,24.8,1006.0,93.0,False,,,
INM00043057,BOMBAY / COLABA,2025-09-28 06:00:00,18.9,72.8167,11.0,25.0,24.1,,1005.7,95.0,25.0,1005.7,95.0,False,,,
INM00043057,BOMBAY / COLABA,2025-09-28 09:00:00,18.9,72.8167,11.0,25.0,24.4,,1002.7,96.0,25.0,1002.7,96.0,False,,,
INM00043057,BOMBAY / COLABA,2025-09-28 12:00:00,18.9,72.8167,11.0,25.0,24.4,,1002.2,96.0,25.0,1002.2,96.0,False,,,
INM00043057,BOMBAY / COLABA,2025-09-28 15:00:00,18.9,72.8167,11.0,25.0,23.8,,1003.4,93.0,25.0,1003.4,93.0,False,,,
INM00043057,BOMBAY / COLABA,2025-09-29 00:00:00,18.9,72.8167,11.0,26.2,23.3,,1002.9,84.0,26.2,1002.9,84.0,False,,,
INM00043057,BOMBAY / COLABA,2025-09-29 03:00:00,18.9,72.8167,11.0,26.4,25.0,,1005.0,92.0,26.4,1005.0,92.0,False,,,
INM00043057,BOMBAY / COLABA,2025-09-29 06:00:00,18.9,72.8167,11.0,27.5,23.6,,1005.9,79.0,27.5,1005.9,79.0,False,,,
INM00043057,BOMBAY / COLABA,2025-09-29 09:00:00,18.9,72.8167,11.0,28.0,23.0,,1004.2,74.0,28.0,1004.2,74.0,False,,,
INM00043057,BOMBAY / COLABA,2025-09-29 12:00:00,18.9,72.8167,11.0,27.5,23.3,,1003.9,78.0,27.5,1003.9,78.0,False,,,
INM00043057,BOMBAY / COLABA,2025-09-30 00:00:00,18.9,72.8167,11.0,25.0,23.8,,1004.0,93.0,25.0,1004.0,93.0,False,,,
INM00043057,BOMBAY / COLABA,2025-09-30 03:00:00,18.9,72.8167,11.0,26.0,24.3,,1005.4,90.0,26.0,1005.4,90.0,False,,,
INM00043057,BOMBAY / COLABA,2025-09-30 06:00:00,18.9,72.8167,11.0,29.0,25.0,,1005.6,79.0,29.0,1005.6,79.0,False,,,
INM00043057,BOMBAY / COLABA,2025-09-30 09:00:00,18.9,72.8167,11.0,28.0,24.9,,1004.3,83.0,28.0,1004.3,83.0,False,,,
INM00043057,BOMBAY / COLABA,2025-09-30 12:00:00,18.9,72.8167,11.0,26.5,24.7,,1004.9,90.0,26.5,1004.9,90.0,False,,,
INM00043057,BOMBAY / COLABA,2025-09-30 15:00:00,18.9,72.8167,11.0,26.5,24.7,,1005.2,90.0,26.5,1005.2,90.0,False,,,
INM00043057,BOMBAY / COLABA,2025-10-01 00:00:00,18.9,72.8167,11.0,25.5,23.9,,1003.5,91.0,25.5,1003.5,91.0,False,,,
INM00043057,BOMBAY / COLABA,2025-10-01 03:00:00,18.9,72.8167,11.0,26.4,24.7,,1005.5,90.0,26.4,1005.5,90.0,False,,,
INM00043057,BOMBAY / COLABA,2025-10-01 06:00:00,18.9,72.8167,11.0,29.5,25.7,,1005.2,80.0,29.5,1005.2,80.0,False,,,
INM00043057,BOMBAY / COLABA,2025-10-01 09:00:00,18.9,72.8167,11.0,28.6,26.9,,1003.2,91.0,28.6,1003.2,91.0,False,,,
INM00043057,BOMBAY / COLABA,2025-10-01 12:00:00,18.9,72.8167,11.0,28.0,25.7,,1003.4,87.0,28.0,1003.4,87.0,False,,,
INM00043057,BOMBAY / COLABA,2025-10-01 15:00:00,18.9,72.8167,11.0,25.5,24.2,,1005.9,93.0,25.5,1005.9,93.0,False,,,
INM00043057,BOMBAY / COLABA,2025-10-02 00:00:00,18.9,72.8167,11.0,25.5,23.9,,1005.2,91.0,25.5,1005.2,91.0,False,,,
INM00043057,BOMBAY / COLABA,2025-10-02 03:00:00,18.9,72.8167,11.0,25.8,24.1,,1007.4,90.0,25.8,1007.4,90.0,False,,,
INM00043057,BOMBAY / COLABA,2025-10-02 06:00:00,18.9,72.8167,11.0,29.6,24.5,,1007.8,74.0,29.6,1007.8,74.0,False,,,
INM00043057,BOMBAY / COLABA,2025-10-02 09:00:00,18.9,72.8167,11.0,29.4,25.4,,1006.1,79.0,29.4,1006.1,79.0,False,,,
INM00043057,BOMBAY / COLABA,2025-10-02 12:00:00,18.9,72.8167,11.0,26.6,25.2,,1006.4,92.0,26.6,1006.4,92.0,False,,,
INM00043057,BOMBAY / COLABA,2025-10-03 00:00:00,18.9,72.8167,11.0,25.5,24.2,,1007.8,93.0,25.5,1007.8,93.0,False,,,
INM00043057,BOMBAY / COLABA,2025-10-03 03:00:00,18.9,72.8167,11.0,26.7,25.4,,1010.2,93.0,26.7,1010.2,93.0,False,,,
INM00043057,BOMBAY / COLABA,2025-10-03 06:00:00,18.9,72.8167,11.0,29.5,25.1,,1010.8,77.0,29.5,1010.8,77.0,False,,,
INM00043057,BOMBAY / COLABA,2025-10-03 09:00:00,18.9,72.8167,11.0,29.4,25.1,,1009.1,78.0,29.4,1009.1,78.0,False,,,
INM00043057,BOMBAY / COLABA,2025-10-03 12:00:00,18.9,72.8167,11.0,28.5,24.4,,1008.0,79.0,28.5,1008.0,79.0,False,,,
INM00043057,BOMBAY / COLABA,2025-10-03 15:00:00,18.9,72.8167,11.0,27.5,25.7,,1010.8,90.0,27.5,1010.8,90.0,False,,,
INM00043057,BOMBAY / COLABA,2025-10-04 00:00:00,18.9,72.8167,11.0,26.5,25.0,,1010.2,92.0,26.5,1010.2,92.0,False,,,
INM00043057,BOMBAY / COLABA,2025-10-04 03:00:00,18.9,72.8167,11.0,27.4,26.0,,1012.5,92.0,27.4,1012.5,92.0,False,,,
INM00043057,BOMBAY / COLABA,2025-10-04 06:00:00,18.9,72.8167,11.0,30.2,25.4,,1012.0,76.0,30.2,1012.0,76.0,False,,,
INM00043057,BOMBAY / COLABA,2025-10-04 09:00:00,18.9,72.8167,11.0,31.2,24.7,,1009.4,68.0,31.2,1009.4,68.0,False,,,
INM00043057,BOMBAY / COLABA,2025-10-04 12:00:00,18.9,72.8167,11.0,28.5,25.3,,1009.2,83.0,28.5,1009.2,83.0,False,,,
INM00043057,BOMBAY / COLABA,2025-10-04 15:00:00,18.9,72.8167,11.0,26.6,24.3,,1011.4,87.0,26.6,1011.4,87.0,False,,,
INM00043057,BOMBAY / COLABA,2025-10-05 00:00:00,18.9,72.8167,11.0,26.0,24.6,,1009.8,92.0,26.0,1009.8,92.0,False,,,
INM00043057,BOMBAY / COLABA,2025-10-05 03:00:00,18.9,72.8167,11.0,26.8,25.7,,1012.2,94.0,26.8,1012.2,94.0,False,,,
INM00043057,BOMBAY / COLABA,2025-10-05 09:00:00,18.9,72.8167,11.0,29.2,23.1,,1010.3,70.0,29.2,1010.3,70.0,False,,,
INM00043057,BOMBAY / COLABA,2025-10-05 12:00:00,18.9,72.8167,11.0,28.5,24.1,,1009.4,77.0,28.5,1009.4,77.0,False,,,
INM00043057,BOMBAY / COLABA,2025-10-05 15:00:00,18.9,72.8167,11.0,27.5,25.7,,1011.2,90.0,27.5,1011.2,90.0,False,,,
INM00043057,BOMBAY / COLABA,2025-10-06 00:00:00,18.9,72.8167,11.0,26.5,24.7,,1010.5,90.0,26.5,1010.5,90.0,False,,,
INM00043057,BOMBAY / COLABA,2025-10-06 03:00:00,18.9,72.8167,11.0,27.0,25.3,,1012.7,90.0,27.0,1012.7,90.0,False,,,
INM00043057,BOMBAY / COLABA,2025-10-06 06:00:00,18.9,72.8167,11.0,28.6,27.5,,1013.4,94.0,28.6,1013.4,94.0,False,,,
INM00043057,BOMBAY / COLABA,2025-10-06 09:00:00,18.9,72.8167,11.0,30.2,23.9,,1010.4,69.0,30.2,1010.4,69.0,False,,,
INM00043057,BOMBAY / COLABA,2025-10-06 12:00:00,18.9,72.8167,11.0,28.6,23.7,,1010.1,75.0,28.6,1010.1,75.0,False,,,
INM00043057,BOMBAY / COLABA,2025-10-06 15:00:00,18.9,72.8167,11.0,27.5,23.9,,1011.7,81.0,27.5,1011.7,81.0,False,,,
INM00043057,BOMBAY / COLABA,2025-10-07 00:00:00,18.9,72.8167,11.0,26.2,24.5,,1010.5,90.0,26.2,1010.5,90.0,False,,,
INM00043057,BOMBAY / COLABA,2025-10-07 03:00:00,18.9,72.8167,11.0,26.6,24.9,,1012.7,90.0,26.6,1012.7,90.0,False,,,
INM00043057,BOMBAY / COLABA,2025-10-07 06:00:00,18.9,72.8167,11.0,30.7,24.2,,1012.9,68.0,30.7,1012.9,68.0,False,,,
INM00043057,BOMBAY / COLABA,2025-10-07 09:00:00,18.9,72.8167,11.0,30.6,24.6,,1010.6,70.0,30.6,1010.6,70.0,False,,,
INM00043057,BOMBAY / COLABA,2025-10-07 12:00:00,18.9,72.8167,11.0,29.0,25.0,,1010.3,79.0,29.0,1010.3,79.0,False,,,
INM00043057,BOMBAY / COLABA,2025-10-07 15:00:00,18.9,72.8167,11.0,28.0,25.2,,1011.6,85.0,28.0,1011.6,85.0,False,,,
INM00043057,BOMBAY / COLABA,2025-10-08 00:00:00,18.9,72.8167,11.0,26.7,25.7,,1010.9,94.0,26.7,1010.9,94.0,False,,,
INM00043057,BOMBAY / COLABA,2025-10-08 03:00:00,18.9,72.8167,11.0,26.5,25.3,,1012.5,93.0,26.5,1012.5,93.0,False,,,
INM00043057,BOMBAY / COLABA,2025-10-08 06:00:00,18.9,72.8167,11.0,29.6,23.8,,1012.7,71.0,29.6,1012.7,71.0,False,,,
INM00043057,BOMBAY / COLABA,2025-10-08 09:00:00,18.9,72.8167,11.0,30.4,23.8,,1009.8,68.0,30.4,1009.8,68.0,False,,,
INM00043057,BOMBAY / COLABA,2025-10-08 12:00:00,18.9,72.8167,11.0,29.0,24.4,,1009.2,76.0,29.0,1009.2,76.0,False,,,
INM00043057,BOMBAY / COLABA,2025-10-08 15:00:00,18.9,72.8167,11.0,28.5,24.7,,1011.4,80.0,28.5,1011.4,80.0,False,,,
INM00043057,BOMBAY / COLABA,2025-10-09 00:00:00,18.9,72.8167,11.0,26.6,23.7,,1011.1,84.0,26.6,1011.1,84.0,False,,,
INM00043057,BOMBAY / COLABA,2025-10-09 03:00:00,18.9,72.8167,11.0,26.4,23.8,,1012.9,86.0,26.4,1012.9,86.0,False,,,
INM00043057,BOMBAY / COLABA,2025-10-09 06:00:00,18.9,72.8167,11.0,31.5,24.3,,1012.6,66.0,31.5,1012.6,66.0,False,,,
INM00043057,BOMBAY / COLABA,2025-10-09 09:00:00,18.9,72.8167,11.0,31.4,22.0,,1010.2,57.0,31.4,1010.2,57.0,False,,,
INM00043057,BOMBAY / COLABA,2025-10-09 12:00:00,18.9,72.8167,11.0,30.0,22.7,,1009.4,65.0,30.0,1009.4,65.0,False,,,
INM00043057,BOMBAY / COLABA,2025-10-09 15:00:00,18.9,72.8167,11.0,29.0,24.1,,1011.3,75.0,29.0,1011.3,75.0,False,,,
INM00043057,BOMBAY / COLABA,2025-10-10 00:00:00,18.9,72.8167,11.0,26.5,22.9,,1009.7,81.0,26.5,1009.7,81.0,False,,,
INM00043057,BOMBAY / COLABA,2025-10-10 03:00:00,18.9,72.8167,11.0,26.8,23.3,,1011.6,81.0,26.8,1011.6,81.0,False,,,
INM00043057,BOMBAY / COLABA,2025-10-10 06:00:00,18.9,72.8167,11.0,30.6,20.4,,1011.2,54.0,30.6,1011.2,54.0,False,,,
INM00043057,BOMBAY / COLABA,2025-10-10 09:00:00,18.9,72.8167,11.0,32.0,22.9,,1008.5,59.0,32.0,1008.5,59.0,False,,,
INM00043057,BOMBAY / COLABA,2025-10-10 12:00:00,18.9,72.8167,11.0,30.0,21.4,,1008.2,60.0,30.0,1008.2,60.0,False,,,
INM00043057,BOMBAY / COLABA,2025-10-10 15:00:00,18.9,72.8167,11.0,29.0,22.5,,1009.5,68.0,29.0,1009.5,68.0,False,,,
INM00043057,BOMBAY / COLABA,2025-10-11 00:00:00,18.9,72.8167,11.0,26.5,23.2,,1009.3,82.0,26.5,1009.3,82.0,False,,,
INM00043057,BOMBAY / COLABA,2025-10-11 03:00:00,18.9,72.8167,11.0,26.4,22.9,,1011.2,81.0,26.4,1011.2,81.0,False,,,
INM00043057,BOMBAY / COLABA,2025-10-11 06:00:00,18.9,72.8167,11.0,32.7,23.9,,1011.0,60.0,32.7,1011.0,60.0,False,,,
INM00043057,BOMBAY / COLABA,2025-10-11 09:00:00,18.9,72.8167,11.0,32.0,23.7,,1008.9,62.0,32.0,1008.9,62.0,False,,,
INM00043057,BOMBAY / COLABA,2025-10-11 12:00:00,18.9,72.8167,11.0,29.7,22.5,,1008.5,65.0,29.7,1008.5,65.0,False,,,
INM00043057,BOMBAY / COLABA,2025-10-11 15:00:00,18.9,72.8167,11.0,28.6,24.0,,1009.9,76.0,28.6,1009.9,76.0,False,,,
INM00043057,BOMBAY / COLABA,2025-10-12 00:00:00,18.9,72.8167,11.0,26.0,22.8,,1009.3,83.0,26.0,1009.3,83.0,False,,,
INM00043057,BOMBAY / COLABA,2025-10-12 03:00:00,18.9,72.8167,11.0,27.0,24.1,,1010.8,84.0,27.0,1010.8,84.0,False,,,
INM00043057,BOMBAY / COLABA,2025-10-12 06:00:00,18.9,72.8167,11.0,32.5,19.3,,1009.8,46.0,32.5,1009.8,46.0,False,,,
INM00043057,BOMBAY / COLABA,2025-10-12 09:00:00,18.9,72.8167,11.0,31.2,22.4,,1007.6,60.0,31.2,1007.6,60.0,False,,,
INM00043057,BOMBAY / COLABA,2025-10-12 12:00:00,18.9,72.8167,11.0,29.7,24.1,,1007.8,72.0,29.7,1007.8,72.0,False,,,
INM00043057,BOMBAY / COLABA,2025-10-12 15:00:00,18.9,72.8167,11.0,28.7,23.6,,1009.5,74.0,28.7,1009.5,74.0,False,,,
INM00043057,BOMBAY / COLABA,2025-10-13 00:00:00,18.9,72.8167,11.0,28.6,25.8,,1009.4,85.0,28.6,1009.4,85.0,False,,,
INM00043057,BOMBAY / COLABA,2025-10-13 03:00:00,18.9,72.8167,11.0,27.4,24.8,,1011.0,86.0,27.4,1011.0,86.0,False,,,
INM00043057,BOMBAY / COLABA,2025-10-13 06:00:00,18.9,72.8167,11.0,32.0,22.4,,1011.2,57.0,32.0,1011.2,57.0,False,,,
INM00043057,BOMBAY / COLABA,2025-10-13 09:00:00,18.9,72.8167,11.0,31.0,21.2,,1008.7,56.0,31.0,1008.7,56.0,False,,,
INM00043057,BOMBAY / COLABA,2025-10-13 12:00:00,18.9,72.8167,11.0,29.7,23.4,,1008.4,69.0,29.7,1008.4,69.0,False,,,
INM00043057,BOMBAY / COLABA,2025-10-13 15:00:00,18.9,72.8167,11.0,28.6,24.3,,1009.7,78.0,28.6,1009.7,78.0,False,,,
INM00043057,BOMBAY / COLABA,2025-10-14 00:00:00,18.9,72.8167,11.0,25.5,21.5,,1007.4,79.0,25.5,1007.4,79.0,False,,,
INM00043057,BOMBAY / COLABA,2025-10-14 03:00:00,18.9,72.8167,11.0,26.4,22.2,,1009.5,78.0,26.4,1009.5,78.0,False,,,
INM00043057,BOMBAY / COLABA,2025-10-14 06:00:00,18.9,72.8167,11.0,31.7,18.6,,1009.1,46.0,31.7,1009.1,46.0,False,,,
INM00043057,BOMBAY / COLABA,2025-10-14 09:00:00,18.9,72.8167,11.0,32.6,19.2,,1006.7,45.0,32.6,1006.7,45.0,False,,,
INM00043057,BOMBAY / COLABA,2025-10-14 12:00:00,18.9,72.8167,11.0,29.6,23.5,,1006.6,70.0,29.6,1006.6,70.0,False,,,
INM00043057,BOMBAY / COLABA,2025-10-14 15:00:00,18.9,72.8167,11.0,28.5,23.1,,1007.7,73.0,28.5,1007.7,73.0,False,,,
INM00043057,BOMBAY / COLABA,2025-10-15 00:00:00,18.9,72.8167,11.0,26.6,24.9,,1006.2,90.0,26.6,1006.2,90.0,False,,,
INM00043057,BOMBAY / COLABA,2025-10-15 03:00:00,18.9,72.8167,11.0,26.6,22.8,,1008.4,80.0,26.6,1008.4,80.0,False,,,
INM00043057,BOMBAY / COLABA,2025-10-15 06:00:00,18.9,72.8167,11.0,31.5,21.0,,1008.4,54.0,31.5,1008.4,54.0,False,,,
INM00043057,BOMBAY / COLABA,2025-10-15 09:00:00,18.9,72.8167,11.0,31.0,21.9,,1006.2,58.0,31.0,1006.2,58.0,False,,,
INM00043057,BOMBAY / COLABA,2025-10-15 12:00:00,18.9,72.8167,11.0,29.2,23.1,,1005.9,70.0,29.2,1005.9,70.0,False,,,
INM00043057,BOMBAY / COLABA,2025-10-15 15:00:00,18.9,72.8167,11.0,28.7,23.9,,1008.5,75.0,28.7,1008.5,75.0,False,,,
INM00043057,BOMBAY / COLABA,2025-10-16 00:00:00,18.9,72.8167,11.0,27.5,25.7,,1006.3,90.0,27.5,1006.3,90.0,False,,,
INM00043057,BOMBAY / COLABA,2025-10-16 03:00:00,18.9,72.8167,11.0,27.8,26.1,,1008.4,90.0,27.8,1008.4,90.0,False,,,
INM00043057,BOMBAY / COLABA,2025-10-16 06:00:00,18.9,72.8167,11.0,32.6,25.0,,1008.2,64.0,32.6,1008.2,64.0,False,,,
INM00043057,BOMBAY / COLABA,2025-10-16 09:00:00,18.9,72.8167,11.0,35.2,21.1,,1006.0,44.0,35.2,1006.0,44.0,False,,,
INM00043057,BOMBAY / COLABA,2025-10-16 12:00:00,18.9,72.8167,11.0,32.0,24.9,,1006.3,66.0,32.0,1006.3,66.0,False,,,
INM00043057,BOMBAY / COLABA,2025-10-16 15:00:00,18.9,72.8167,11.0,25.0,24.4,,1009.2,96.0,25.0,1009.2,96.0,False,,,
INM00043057,BOMBAY / COLABA,2025-10-17 00:00:00,18.9,72.8167,11.0,26.5,22.6,,1008.3,79.0,26.5,1008.3,79.0,False,,,
INM00043057,BOMBAY / COLABA,2025-10-17 03:00:00,18.9,72.8167,11.0,27.0,23.5,,1010.8,81.0,27.0,1010.8,81.0,False,,,
INM00043057,BOMBAY / COLABA,2025-10-17 06:00:00,18.9,72.8167,11.0,31.6,22.9,,1010.5,60.0,31.6,1010.5,60.0,False,,,
INM00043057,BOMBAY / COLABA,2025-10-17 09:00:00,18.9,72.8167,11.0,34.4,22.2,,1007.3,49.0,34.4,1007.3,49.0,False,,,
INM00043057,BOMBAY / COLABA,2025-10-17 12:00:00,18.9,72.8167,11.0,31.0,24.4,,1007.0,68.0,31.0,1007.0,68.0,False,,,
INM00043057,BOMBAY / COLABA,2025-10-17 15:00:00,18.9,72.8167,11.0,30.0,24.0,,1009.0,70.0,30.0,1009.0,70.0,False,,,
INM00043057,BOMBAY / COLABA,2025-10-18 00:00:00,18.9,72.8167,11.0,28.0,24.9,,1008.3,83.0,28.0,1008.3,83.0,False,,,
INM00043057,BOMBAY / COLABA,2025-10-18 03:00:00,18.9,72.8167,11.0,28.0,25.7,,1010.4,87.0,28.0,1010.4,87.0,False,,,
INM00043057,BOMBAY / COLABA,2025-10-18 06:00:00,18.9,72.8167,11.0,32.5,21.8,,1010.2,53.0,32.5,1010.2,53.0,False,,,
INM00043057,BOMBAY / COLABA,2025-10-18 09:00:00,18.9,72.8167,11.0,34.2,21.2,,1007.2,47.0,34.2,1007.2,47.0,False,,,
INM00043057,BOMBAY / COLABA,2025-10-18 12:00:00,18.9,72.8167,11.0,31.5,24.3,,1007.0,66.0,31.5,1007.0,66.0,False,,,
INM00043057,BOMBAY / COLABA,2025-10-18 15:00:00,18.9,72.8167,11.0,29.5,24.5,,1008.5,75.0,29.5,1008.5,75.0,False,,,
INM00043057,BOMBAY / COLABA,2025-10-19 00:00:00,18.9,72.8167,11.0,28.0,24.9,,1007.0,83.0,28.0,1007.0,83.0,False,,,
INM00043057,BOMBAY / COLABA,2025-10-19 03:00:00,18.9,72.8167,11.0,28.0,25.4,,1005.1,86.0,28.0,1005.1,86.0,False,,,
INM00043057,BOMBAY / COLABA,2025-10-19 06:00:00,18.9,72.8167,11.0,32.7,23.9,,1008.7,60.0,32.7,1008.7,60.0,False,,,
INM00043057,BOMBAY / COLABA,2025-10-19 09:00:00,18.9,72.8167,11.0,34.6,19.2,,1006.1,40.0,34.6,1006.1,40.0,False,,,
INM00043057,BOMBAY / COLABA,2025-10-19 12:00:00,18.9,72.8167,11.0,31.0,24.1,,1005.7,67.0,31.0,1005.7,67.0,False,,,
INM00043057,BOMBAY / COLABA,2025-10-19 15:00:00,18.9,72.8167,11.0,29.4,23.3,,1007.5,70.0,29.4,1007.5,70.0,False,,,
INM00043057,BOMBAY / COLABA,2025-10-20 00:00:00,18.9,72.8167,11.0,28.0,26.0,,1006.3,89.0,28.0,1006.3,89.0,False,,,
INM00043057,BOMBAY / COLABA,2025-10-20 03:00:00,18.9,72.8167,11.0,28.0,26.6,,1008.5,92.0,28.0,1008.5,92.0,False,,,
INM00043057,BOMBAY / COLABA,2025-10-20 06:00:00,18.9,72.8167,11.0,32.0,21.7,,1008.3,54.0,32.0,1008.3,54.0,False,,,
INM00043057,BOMBAY / COLABA,2025-10-20 09:00:00,18.9,72.8167,11.0,34.5,22.2,,1005.1,49.0,34.5,1005.1,49.0,False,,,
INM00043057,BOMBAY / COLABA,2025-10-20 12:00:00,18.9,72.8167,11.0,30.2,25.7,,1004.6,77.0,30.2,1004.6,77.0,False,,,
INM00043057,BOMBAY / COLABA,2025-10-20 15:00:00,18.9,72.8167,11.0,29.6,23.5,,1007.2,70.0,29.6,1007.2,70.0,False,,,
INM00043057,BOMBAY / COLABA,2025-10-21 00:00:00,18.9,72.8167,11.0,28.0,25.7,,1007.0,87.0,28.0,1007.0,87.0,False,,,
INM00043057,BOMBAY / COLABA,2025-10-21 03:00:00,18.9,72.8167,11.0,28.0,26.0,,1009.1,89.0,28.0,1009.1,89.0,False,,,
INM00043057,BOMBAY / COLABA,2025-10-21 06:00:00,18.9,72.8167,11.0,32.2,22.3,,1009.2,56.0,32.2,1009.2,56.0,False,,,
INM00043057,BOMBAY / COLABA,2025-10-21 09:00:00,18.9,72.8167,11.0,33.6,23.9,,1006.3,57.0,33.6,1006.3,57.0,False,,,
INM00043057,BOMBAY / COLABA,2025-10-21 12:00:00,18.9,72.8167,11.0,30.2,22.3,,1007.2,63.0,30.2,1007.2,63.0,False,,,
INM00043057,BOMBAY / COLABA,2025-10-21 15:00:00,18.9,72.8167,11.0,27.0,24.1,,1009.2,84.0,27.0,1009.2,84.0,False,,,
INM00043057,BOMBAY / COLABA,2025-10-22 00:00:00,18.9,72.8167,11.0,26.5,24.7,,1007.5,90.0,26.5,1007.5,90.0,False,,,
INM00043057,BOMBAY / COLABA,2025-10-22 03:00:00,18.9,72.8167,11.0,27.0,25.6,,1010.2,92.0,27.0,1010.2,92.0,False,,,
INM00043057,BOMBAY / COLABA,2025-10-22 06:00:00,18.9,72.8167,11.0,32.6,26.5,,1009.9,70.0,32.6,1009.9,70.0,False,,,
INM00043057,BOMBAY / COLABA,2025-10-22 09:00:00,18.9,72.8167,11.0,34.6,19.9,,1007.0,42.0,34.6,1007.0,42.0,False,,,
INM00043057,BOMBAY / COLABA,2025-10-22 12:00:00,18.9,72.8167,11.0,31.2,26.8,,1006.4,77.0,31.2,1006.4,77.0,False,,,
INM00043057,BOMBAY / COLABA,2025-10-22 15:00:00,18.9,72.8167,11.0,29.6,24.1,,1008.0,72.0,29.6,1008.0,72.0,False,,,
INM00043057,BOMBAY / COLABA,2025-10-23 00:00:00,18.9,72.8167,11.0,28.0,25.4,,1007.0,86.0,28.0,1007.0,86.0,False,,,
INM00043057,BOMBAY / COLABA,2025-10-23 03:00:00,18.9,72.8167,11.0,28.4,25.9,,1008.9,86.0,28.4,1008.9,86.0,False,,,
INM00043057,BOMBAY / COLABA,2025-10-23 06:00:00,18.9,72.8167,11.0,33.0,23.2,,1008.3,56.0,33.0,1008.3,56.0,False,,,
INM00043057,BOMBAY / COLABA,2025-10-23 09:00:00,18.9,72.8167,11.0,33.2,25.6,,1004.8,64.0,33.2,1004.8,64.0,False,,,
INM00043057,BOMBAY / COLABA,2025-10-23 12:00:00,18.9,72.8167,11.0,30.6,26.1,,1004.6,77.0,30.6,1004.6,77.0,False,,,
INM00043057,BOMBAY / COLABA,2025-10-23 15:00:00,18.9,72.8167,11.0,25.5,24.5,,1007.3,94.0,25.5,1007.3,94.0,False,,,
INM00043057,BOMBAY / COLABA,2025-10-24 00:00:00,18.9,72.8167,11.0,27.0,24.7,,1007.0,87.0,27.0,1007.0,87.0,False,,,
INM00043057,BOMBAY / COLABA,2025-10-24 03:00:00,18.9,72.8167,11.0,27.4,23.9,,1008.1,81.0,27.4,1008.1,81.0,False,,,
INM00043057,BOMBAY / COLABA,2025-10-24 06:00:00,18.9,72.8167,11.0,30.6,25.5,,1007.9,74.0,30.6,1007.9,74.0,False,,,
INM00043057,BOMBAY / COLABA,2025-10-24 09:00:00,18.9,72.8167,11.0,32.4,21.1,,1005.2,51.0,32.4,1005.2,51.0,False,,,
INM00043057,BOMBAY / COLABA,2025-10-24 12:00:00,18.9,72.8167,11.0,30.5,26.5,,1004.3,79.0,30.5,1004.3,79.0,False,,,
INM00043057,BOMBAY / COLABA,2025-10-24 15:00:00,18.9,72.8167,11.0,28.0,25.7,,1007.3,87.0,28.0,1007.3,87.0,False,,,
INM00043057,BOMBAY / COLABA,2025-10-25 00:00:00,18.9,72.8167,11.0,26.5,25.0,,1005.2,92.0,26.5,1005.2,92.0,False,,,
INM00043057,BOMBAY / COLABA,2025-10-25 03:00:00,18.9,72.8167,11.0,27.4,25.4,,1007.3,89.0,27.4,1007.3,89.0,False,,,
INM00043057,BOMBAY / COLABA,2025-10-25 06:00:00,18.9,72.8167,11.0,30.0,23.0,,1007.7,66.0,30.0,1007.7,66.0,False,,,
INM00043057,BOMBAY / COLABA,2025-10-25 09:00:00,18.9,72.8167,11.0,30.0,25.8,,1004.9,78.0,30.0,1004.9,78.0,False,,,
INM00043057,BOMBAY / COLABA,2025-10-25 12:00:00,18.9,72.8167,11.0,28.7,25.4,,1005.1,82.0,28.7,1005.1,82.0,False,,,
INM00043057,BOMBAY / COLABA,2025-10-25 15:00:00,18.9,72.8167,11.0,28.5,25.3,,1007.0,83.0,28.5,1007.0,83.0,False,,,
INM00043057,BOMBAY / COLABA,2025-10-26 00:00:00,18.9,72.8167,11.0,27.5,24.3,,1006.5,83.0,27.5,1006.5,83.0,False,,,
INM00043057,BOMBAY / COLABA,2025-10-26 03:00:00,18.9,72.8167,11.0,27.6,24.4,,1007.6,83.0,27.6,1007.6,83.0,False,,,
INM00043057,BOMBAY / COLABA,2025-10-26 06:00:00,18.9,72.8167,11.0,45.997071338107496,25.3,,982.7623543397841,98.9880494218928,29.0,1007.3,80.0,True,multivariate_inconsistency,20,"temperature,relative_humidity,sea_level_pressure"
INM00043057,BOMBAY / COLABA,2025-10-26 09:00:00,18.9,72.8167,11.0,28.5,26.4,,1005.3,88.0,28.5,1005.3,88.0,False,,,
INM00043057,BOMBAY / COLABA,2025-10-26 12:00:00,18.9,72.8167,11.0,26.2,25.3,,1005.7,95.0,26.2,1005.7,95.0,False,,,
INM00043057,BOMBAY / COLABA,2025-10-26 15:00:00,18.9,72.8167,11.0,26.0,25.1,,1007.2,95.0,26.0,1007.2,95.0,False,,,
INM00043057,BOMBAY / COLABA,2025-10-27 00:00:00,18.9,72.8167,11.0,26.0,25.1,,1004.8,95.0,26.0,1004.8,95.0,False,,,
INM00043057,BOMBAY / COLABA,2025-10-27 03:00:00,18.9,72.8167,11.0,26.8,23.9,,1006.4,84.0,26.8,1006.4,84.0,False,,,
INM00043057,BOMBAY / COLABA,2025-10-27 06:00:00,18.9,72.8167,11.0,29.5,23.6,,1006.7,71.0,29.5,1006.7,71.0,False,,,
INM00043057,BOMBAY / COLABA,2025-10-27 09:00:00,18.9,72.8167,11.0,30.6,24.0,,1004.5,68.0,30.6,1004.5,68.0,False,,,
INM00043057,BOMBAY / COLABA,2025-10-27 12:00:00,18.9,72.8167,11.0,27.5,24.8,,1005.2,85.0,27.5,1005.2,85.0,False,,,
INM00043057,BOMBAY / COLABA,2025-10-27 15:00:00,18.9,72.8167,11.0,26.5,24.7,,1007.3,90.0,26.5,1007.3,90.0,False,,,
INM00043057,BOMBAY / COLABA,2025-10-28 00:00:00,18.9,72.8167,11.0,26.5,23.8,,1004.1,85.0,26.5,1004.1,85.0,False,,,
INM00043057,BOMBAY / COLABA,2025-10-28 03:00:00,18.9,72.8167,11.0,27.2,23.7,,1006.5,81.0,27.2,1006.5,81.0,False,,,
INM00043057,BOMBAY / COLABA,2025-10-28 06:00:00,18.9,72.8167,11.0,31.2,22.4,,1006.0,60.0,31.2,1006.0,60.0,False,,,
INM00043057,BOMBAY / COLABA,2025-10-28 09:00:00,18.9,72.8167,11.0,29.6,24.1,,1003.9,72.0,29.6,1003.9,72.0,False,,,
INM00043057,BOMBAY / COLABA,2025-10-28 12:00:00,18.9,72.8167,11.0,25.6,24.7,,1004.9,95.0,25.6,1004.9,95.0,False,,,
INM00043057,BOMBAY / COLABA,2025-10-28 15:00:00,18.9,72.8167,11.0,26.7,25.4,,1006.1,93.0,26.7,1006.1,93.0,False,,,
INM00043057,BOMBAY / COLABA,2025-10-29 00:00:00,18.9,72.8167,11.0,27.0,24.4,,1004.5,86.0,27.0,1004.5,86.0,False,,,
INM00043057,BOMBAY / COLABA,2025-10-29 03:00:00,18.9,72.8167,11.0,27.0,21.3,,1005.8,71.0,27.0,1005.8,71.0,False,,,
INM00043057,BOMBAY / COLABA,2025-10-29 06:00:00,18.9,72.8167,11.0,31.6,19.4,,1005.8,48.0,31.6,1005.8,48.0,False,,,
INM00043057,BOMBAY / COLABA,2025-10-29 09:00:00,18.9,72.8167,11.0,31.7,23.1,,1002.6,60.0,31.7,1002.6,60.0,False,,,
INM00043057,BOMBAY / COLABA,2025-10-29 12:00:00,18.9,72.8167,11.0,29.0,25.6,,1003.0,82.0,29.0,1003.0,82.0,False,,,
INM00043057,BOMBAY / COLABA,2025-10-29 15:00:00,18.9,72.8167,11.0,28.5,25.9,,1005.0,86.0,28.5,1005.0,86.0,False,,,
INM00043057,BOMBAY / COLABA,2025-10-30 00:00:00,18.9,72.8167,11.0,26.2,24.5,,1005.2,90.0,26.2,1005.2,90.0,False,,,
INM00043057,BOMBAY / COLABA,2025-10-30 03:00:00,18.9,72.8167,11.0,26.0,23.1,,1006.6,84.0,26.0,1006.6,84.0,False,,,
INM00043057,BOMBAY / COLABA,2025-10-30 06:00:00,18.9,72.8167,11.0,26.5,24.7,,1008.3,90.0,26.5,1008.3,90.0,False,,,
INM00043057,BOMBAY / COLABA,2025-10-30 09:00:00,18.9,72.8167,11.0,29.4,24.2,,1005.8,74.0,29.4,1005.8,74.0,False,,,
INM00043057,BOMBAY / COLABA,2025-10-30 12:00:00,18.9,72.8167,11.0,28.6,23.4,,1005.9,74.0,28.6,1005.9,74.0,False,,,
INM00043057,BOMBAY / COLABA,2025-10-30 15:00:00,18.9,72.8167,11.0,27.2,24.3,,1008.5,84.0,27.2,1008.5,84.0,False,,,
INM00043057,BOMBAY / COLABA,2025-10-31 00:00:00,18.9,72.8167,11.0,26.6,23.7,,1006.8,84.0,26.6,1006.8,84.0,False,,,
INM00043057,BOMBAY / COLABA,2025-10-31 03:00:00,18.9,72.8167,11.0,26.0,24.8,,1009.2,93.0,26.0,1009.2,93.0,False,,,
INM00043057,BOMBAY / COLABA,2025-10-31 06:00:00,18.9,72.8167,11.0,28.2,24.5,,1009.2,80.0,28.2,1009.2,80.0,False,,,
INM00043057,BOMBAY / COLABA,2025-10-31 09:00:00,18.9,72.8167,11.0,30.0,24.9,,1006.6,74.0,30.0,1006.6,74.0,False,,,
INM00043057,BOMBAY / COLABA,2025-10-31 12:00:00,18.9,72.8167,11.0,27.0,26.2,,1006.9,95.0,27.0,1006.9,95.0,False,,,
INM00043057,BOMBAY / COLABA,2025-10-31 15:00:00,18.9,72.8167,11.0,27.5,25.4,,1008.9,88.0,27.5,1008.9,88.0,False,,,
INM00043057,BOMBAY / COLABA,2025-11-01 00:00:00,18.9,72.8167,11.0,27.0,25.6,,1007.9,92.0,27.0,1007.9,92.0,False,,,
INM00043057,BOMBAY / COLABA,2025-11-01 03:00:00,18.9,72.8167,11.0,26.6,25.5,,1011.2,94.0,26.6,1011.2,94.0,False,,,
INM00043057,BOMBAY / COLABA,2025-11-01 06:00:00,18.9,72.8167,11.0,30.0,29.2,,1010.6,95.0,30.0,1010.6,95.0,False,,,
INM00043057,BOMBAY / COLABA,2025-11-01 09:00:00,18.9,72.8167,11.0,31.2,26.5,,1008.9,76.0,31.2,1008.9,76.0,False,,,
INM00043057,BOMBAY / COLABA,2025-11-01 12:00:00,18.9,72.8167,11.0,29.0,25.9,,1009.5,83.0,29.0,1009.5,83.0,False,,,
INM00043057,BOMBAY / COLABA,2025-11-01 15:00:00,18.9,72.8167,11.0,28.0,26.0,,1011.3,89.0,28.0,1011.3,89.0,False,,,
INM00043057,BOMBAY / COLABA,2025-11-02 00:00:00,18.9,72.8167,11.0,26.2,25.3,,1010.8,95.0,26.2,1010.8,95.0,False,,,
INM00043057,BOMBAY / COLABA,2025-11-02 03:00:00,18.9,72.8167,11.0,26.4,25.5,,1013.3,95.0,26.4,1013.3,95.0,False,,,
INM00043057,BOMBAY / COLABA,2025-11-02 06:00:00,18.9,72.8167,11.0,26.7,26.0,,1013.4,96.0,26.7,1013.4,96.0,False,,,
INM00043057,BOMBAY / COLABA,2025-11-02 09:00:00,18.9,72.8167,11.0,26.7,26.0,,1011.3,96.0,26.7,1011.3,96.0,False,,,
INM00043057,BOMBAY / COLABA,2025-11-02 12:00:00,18.9,72.8167,11.0,26.0,25.1,,1011.6,95.0,26.0,1011.6,95.0,False,,,
INM00043057,BOMBAY / COLABA,2025-11-02 15:00:00,18.9,72.8167,11.0,25.4,24.8,,1013.4,96.0,25.4,1013.4,96.0,False,,,
INM00043057,BOMBAY / COLABA,2025-11-03 00:00:00,18.9,72.8167,11.0,25.2,24.6,,1011.5,96.0,25.2,1011.5,96.0,False,,,
INM00043057,BOMBAY / COLABA,2025-11-03 03:00:00,18.9,72.8167,11.0,25.4,24.8,,1013.3,96.0,25.4,1013.3,96.0,False,,,
INM00043057,BOMBAY / COLABA,2025-11-03 06:00:00,18.9,72.8167,11.0,29.0,27.1,,1013.5,90.0,29.0,1013.5,90.0,False,,,
INM00043057,BOMBAY / COLABA,2025-11-03 09:00:00,18.9,72.8167,11.0,31.0,25.1,,1010.9,71.0,31.0,1010.9,71.0,False,,,
INM00043057,BOMBAY / COLABA,2025-11-03 12:00:00,18.9,72.8167,11.0,28.7,24.2,,1010.5,77.0,28.7,1010.5,77.0,False,,,
INM00043057,BOMBAY / COLABA,2025-11-03 15:00:00,18.9,72.8167,11.0,27.5,25.1,,1012.3,87.0,27.5,1012.3,87.0,False,,,
INM00043057,BOMBAY / COLABA,2025-11-04 00:00:00,18.9,72.8167,11.0,25.7,23.5,,1010.8,88.0,25.7,1010.8,88.0,False,,,
INM00043057,BOMBAY / COLABA,2025-11-04 03:00:00,18.9,72.8167,11.0,26.6,24.6,,1012.9,89.0,26.6,1012.9,89.0,False,,,
INM00043057,BOMBAY / COLABA,2025-11-04 06:00:00,18.9,72.8167,11.0,30.5,24.4,,1013.1,70.0,30.5,1013.1,70.0,False,,,
INM00043057,BOMBAY / COLABA,2025-11-04 09:00:00,18.9,72.8167,11.0,27.5,26.6,,1010.5,95.0,27.5,1010.5,95.0,False,,,
INM00043057,BOMBAY / COLABA,2025-11-04 12:00:00,18.9,72.8167,11.0,27.5,25.7,,1009.8,90.0,27.5,1009.8,90.0,False,,,
INM00043057,BOMBAY / COLABA,2025-11-04 15:00:00,18.9,72.8167,11.0,26.6,23.1,,1011.3,81.0,26.6,1011.3,81.0,False,,,
INM00043057,BOMBAY / COLABA,2025-11-05 00:00:00,18.9,72.8167,11.0,24.5,21.1,,1010.2,81.0,24.5,1010.2,81.0,False,,,
INM00043057,BOMBAY / COLABA,2025-11-05 03:00:00,18.9,72.8167,11.0,24.2,21.2,,1012.0,83.0,24.2,1012.0,83.0,False,,,
INM00043057,BOMBAY / COLABA,2025-11-05 06:00:00,18.9,72.8167,11.0,29.2,20.4,,1012.2,59.0,29.2,1012.2,59.0,False,,,
INM00043057,BOMBAY / COLABA,2025-11-05 09:00:00,18.9,72.8167,11.0,28.0,20.1,,1009.5,62.0,28.0,1009.5,62.0,False,,,
INM00043057,BOMBAY / COLABA,2025-11-05 12:00:00,18.9,72.8167,11.0,28.0,20.1,,1009.5,62.0,28.0,1009.5,62.0,False,,,
INM00043057,BOMBAY / COLABA,2025-11-05 15:00:00,18.9,72.8167,11.0,26.2,20.4,,1011.4,70.0,26.2,1011.4,70.0,False,,,
INM00043057,BOMBAY / COLABA,2025-11-06 00:00:00,18.9,72.8167,11.0,24.6,21.6,,1010.6,83.0,24.6,1010.6,83.0,False,,,
INM00043057,BOMBAY / COLABA,2025-11-06 03:00:00,18.9,72.8167,11.0,25.0,21.4,,1012.6,80.0,25.0,1012.6,80.0,False,,,
INM00043057,BOMBAY / COLABA,2025-11-06 06:00:00,18.9,72.8167,11.0,29.0,21.6,,1012.8,64.0,29.0,1012.8,64.0,False,,,
INM00043057,BOMBAY / COLABA,2025-11-06 09:00:00,18.9,72.8167,11.0,29.6,20.2,,1009.9,57.0,29.6,1009.9,57.0,False,,,
INM00043057,BOMBAY / COLABA,2025-11-06 12:00:00,18.9,72.8167,11.0,28.0,21.8,,1009.7,69.0,28.0,1009.7,69.0,False,,,
INM00043057,BOMBAY / COLABA,2025-11-06 15:00:00,18.9,72.8167,11.0,27.5,24.8,,1011.6,85.0,27.5,1011.6,85.0,False,,,
INM00043057,BOMBAY / COLABA,2025-11-07 00:00:00,18.9,72.8167,11.0,26.5,24.1,,1011.2,87.0,26.5,1011.2,87.0,False,,,
INM00043057,BOMBAY / COLABA,2025-11-07 03:00:00,18.9,72.8167,11.0,26.0,24.0,,1013.4,89.0,26.0,1013.4,89.0,False,,,
INM00043057,BOMBAY / COLABA,2025-11-07 06:00:00,18.9,72.8167,11.0,30.5,18.3,,1013.4,48.0,30.5,1013.4,48.0,False,,,
INM00043057,BOMBAY / COLABA,2025-11-07 09:00:00,18.9,72.8167,11.0,32.0,13.5,,1010.7,32.0,32.0,1010.7,32.0,False,,,
INM00043057,BOMBAY / COLABA,2025-11-07 12:00:00,18.9,72.8167,11.0,29.0,20.9,,1011.1,62.0,29.0,1011.1,62.0,False,,,
INM00043057,BOMBAY / COLABA,2025-11-07 15:00:00,18.9,72.8167,11.0,27.5,19.0,,1013.1,60.0,27.5,1013.1,60.0,False,,,
INM00043057,BOMBAY / COLABA,2025-11-08 00:00:00,18.9,72.8167,11.0,25.2,20.6,,1012.6,76.0,25.2,1012.6,76.0,False,,,
INM00043057,BOMBAY / COLABA,2025-11-08 03:00:00,18.9,72.8167,11.0,25.2,22.5,,1014.6,85.0,25.2,1014.6,85.0,False,,,
INM00043057,BOMBAY / COLABA,2025-11-08 06:00:00,18.9,72.8167,11.0,31.0,17.9,,1014.4,46.0,31.0,1014.4,46.0,False,,,
INM00043057,BOMBAY / COLABA,2025-11-08 09:00:00,18.9,72.8167,11.0,31.6,18.3,,1012.0,45.0,31.6,1012.0,45.0,False,,,
INM00043057,BOMBAY / COLABA,2025-11-08 12:00:00,18.9,72.8167,11.0,28.6,21.4,,1011.6,65.0,28.6,1011.6,65.0,False,,,
INM00043057,BOMBAY / COLABA,2025-11-08 15:00:00,18.9,72.8167,11.0,27.5,23.3,,1013.4,78.0,27.5,1013.4,78.0,False,,,
INM00043057,BOMBAY / COLABA,2025-11-09 00:00:00,18.9,72.8167,11.0,24.2,21.2,,1012.6,83.0,24.2,1012.6,83.0,False,,,
INM00043057,BOMBAY / COLABA,2025-11-09 03:00:00,18.9,72.8167,11.0,24.6,20.0,,1014.5,76.0,24.6,1014.5,76.0,False,,,
INM00043057,BOMBAY / COLABA,2025-11-09 06:00:00,18.9,72.8167,11.0,29.2,17.6,,1013.8,50.0,29.2,1013.8,50.0,False,,,
INM00043057,BOMBAY / COLABA,2025-11-09 09:00:00,18.9,72.8167,11.0,31.0,7.1,,1012.0,22.0,31.0,1012.0,22.0,False,,,
INM00043057,BOMBAY / COLABA,2025-11-09 12:00:00,18.9,72.8167,11.0,27.6,19.6,,1010.7,62.0,27.6,1010.7,62.0,False,,,
INM00043057,BOMBAY / COLABA,2025-11-09 15:00:00,18.9,72.8167,11.0,26.0,17.8,,1012.3,61.0,26.0,1012.3,61.0,False,,,
INM00043057,BOMBAY / COLABA,2025-11-10 00:00:00,18.9,72.8167,11.0,24.0,21.0,,1011.3,83.0,24.0,1011.3,83.0,False,,,
INM00043057,BOMBAY / COLABA,2025-11-10 03:00:00,18.9,72.8167,11.0,23.8,19.8,,1013.8,78.0,23.8,1013.8,78.0,False,,,
INM00043057,BOMBAY / COLABA,2025-11-10 06:00:00,18.9,72.8167,11.0,29.0,16.9,,1013.5,48.0,29.0,1013.5,48.0,False,,,
INM00043057,BOMBAY / COLABA,2025-11-10 09:00:00,18.9,72.8167,11.0,31.5,13.5,,1010.6,33.0,31.5,1010.6,33.0,False,,,
INM00043057,BOMBAY / COLABA,2025-11-10 12:00:00,18.9,72.8167,11.0,27.7,16.2,,1010.8,50.0,27.7,1010.8,50.0,False,,,
INM00043057,BOMBAY / COLABA,2025-11-10 15:00:00,18.9,72.8167,11.0,25.2,17.5,,1012.7,62.0,25.2,1012.7,62.0,False,,,
INM00043057,BOMBAY / COLABA,2025-11-11 00:00:00,18.9,72.8167,11.0,24.0,21.9,,1012.1,88.0,24.0,1012.1,88.0,False,,,
INM00043057,BOMBAY / COLABA,2025-11-11 03:00:00,18.9,72.8167,11.0,24.2,20.8,,1014.6,81.0,24.2,1014.6,81.0,False,,,
INM00043057,BOMBAY / COLABA,2025-11-11 06:00:00,18.9,72.8167,11.0,28.5,19.2,,1014.2,57.0,28.5,1014.2,57.0,False,,,
INM00043057,BOMBAY / COLABA,2025-11-11 09:00:00,18.9,72.8167,11.0,31.0,17.2,,1011.4,44.0,31.0,1011.4,44.0,False,,,
INM00043057,BOMBAY / COLABA,2025-11-11 12:00:00,18.9,72.8167,11.0,28.0,18.7,,1011.5,57.0,28.0,1011.5,57.0,False,,,
INM00043057,BOMBAY / COLABA,2025-11-11 15:00:00,18.9,72.8167,11.0,26.5,20.3,,1013.6,69.0,26.5,1013.6,69.0,False,,,
INM00043057,BOMBAY / COLABA,2025-11-12 00:00:00,18.9,72.8167,11.0,24.5,16.6,,1012.5,62.0,24.5,1012.5,62.0,False,,,
INM00043057,BOMBAY / COLABA,2025-11-12 03:00:00,18.9,72.8167,11.0,24.2,19.2,,1014.4,74.0,24.2,1014.4,74.0,False,,,
INM00043057,BOMBAY / COLABA,2025-11-12 06:00:00,18.9,72.8167,11.0,29.0,15.3,,1014.3,43.0,29.0,1014.3,43.0,False,,,
INM00043057,BOMBAY / COLABA,2025-11-12 09:00:00,18.9,72.8167,11.0,31.4,13.5,,1012.0,34.0,31.4,1012.0,34.0,False,,,
INM00043057,BOMBAY / COLABA,2025-11-12 12:00:00,18.9,72.8167,11.0,28.2,18.6,,1012.2,56.0,28.2,1012.2,56.0,False,,,
INM00043057,BOMBAY / COLABA,2025-11-12 15:00:00,18.9,72.8167,11.0,26.5,18.6,,1014.1,62.0,26.5,1014.1,62.0,False,,,
INM00043057,BOMBAY / COLABA,2025-11-13 00:00:00,18.9,72.8167,11.0,24.6,16.9,,1013.4,62.0,24.6,1013.4,62.0,False,,,
INM00043057,BOMBAY / COLABA,2025-11-13 03:00:00,18.9,72.8167,11.0,24.6,19.0,,1015.6,71.0,24.6,1015.6,71.0,False,,,
INM00043057,BOMBAY / COLABA,2025-11-13 06:00:00,18.9,72.8167,11.0,29.0,16.9,,1015.2,48.0,29.0,1015.2,48.0,False,,,
INM00043057,BOMBAY / COLABA,2025-11-13 09:00:00,18.9,72.8167,11.0,32.0,13.9,,1012.3,33.0,32.0,1012.3,33.0,False,,,
INM00043057,BOMBAY / COLABA,2025-11-13 12:00:00,18.9,72.8167,11.0,28.6,20.1,,1012.2,60.0,28.6,1012.2,60.0,False,,,
INM00043057,BOMBAY / COLABA,2025-11-13 15:00:00,18.9,72.8167,11.0,26.5,20.3,,1014.0,69.0,26.5,1014.0,69.0,False,,,
INM00043057,BOMBAY / COLABA,2025-11-14 00:00:00,18.9,72.8167,11.0,24.2,19.5,,1012.8,75.0,24.2,1012.8,75.0,False,,,
INM00043057,BOMBAY / COLABA,2025-11-14 03:00:00,18.9,72.8167,11.0,24.2,18.2,,1014.7,69.0,24.2,1014.7,69.0,False,,,
INM00043057,BOMBAY / COLABA,2025-11-14 06:00:00,18.9,72.8167,11.0,29.0,17.7,,1014.5,51.0,29.0,1014.5,51.0,False,,,
INM00043057,BOMBAY / COLABA,2025-11-14 09:00:00,18.9,72.8167,11.0,32.0,11.1,,1011.3,28.0,32.0,1011.3,28.0,False,,,
INM00043057,BOMBAY / COLABA,2025-11-14 12:00:00,18.9,72.8167,11.0,29.0,19.2,,1011.5,55.0,29.0,1011.5,55.0,False,,,
INM00043057,BOMBAY / COLABA,2025-11-14 15:00:00,18.9,72.8167,11.0,27.0,22.9,,1013.3,78.0,27.0,1013.3,78.0,False,,,
INM00043057,BOMBAY / COLABA,2025-11-15 00:00:00,18.9,72.8167,11.0,24.5,17.3,,1012.7,64.0,24.5,1012.7,64.0,False,,,
INM00043057,BOMBAY / COLABA,2025-11-15 03:00:00,18.9,72.8167,11.0,24.4,18.4,,1015.1,69.0,24.4,1015.1,69.0,False,,,
INM00043057,BOMBAY / COLABA,2025-11-15 06:00:00,18.9,72.8167,11.0,29.0,14.9,,1015.0,42.0,29.0,1015.0,42.0,False,,,
INM00043057,BOMBAY / COLABA,2025-11-15 09:00:00,18.9,72.8167,11.0,31.0,9.4,,1012.3,26.0,31.0,1012.3,26.0,False,,,
INM00043057,BOMBAY / COLABA,2025-11-15 12:00:00,18.9,72.8167,11.0,28.5,15.8,,1012.3,46.0,28.5,1012.3,46.0,False,,,
INM00043057,BOMBAY / COLABA,2025-11-15 15:00:00,18.9,72.8167,11.0,26.6,21.2,,1013.9,72.0,26.6,1013.9,72.0,False,,,
INM00043057,BOMBAY / COLABA,2025-11-16 00:00:00,18.9,72.8167,11.0,23.6,16.8,,1014.0,66.0,23.6,1014.0,66.0,False,,,
INM00043057,BOMBAY / COLABA,2025-11-16 03:00:00,18.9,72.8167,11.0,23.8,17.4,,1016.8,67.0,23.8,1016.8,67.0,False,,,
INM00043057,BOMBAY / COLABA,2025-11-16 06:00:00,18.9,72.8167,11.0,29.2,15.6,,1016.7,44.0,29.2,1016.7,44.0,False,,,
INM00043057,BOMBAY / COLABA,2025-11-16 09:00:00,18.9,72.8167,11.0,31.4,12.1,,1014.0,31.0,31.4,1014.0,31.0,False,,,
INM00043057,BOMBAY / COLABA,2025-11-16 12:00:00,18.9,72.8167,11.0,28.6,16.4,,1013.4,48.0,28.6,1013.4,48.0,False,,,
INM00043057,BOMBAY / COLABA,2025-11-16 15:00:00,18.9,72.8167,11.0,26.7,19.0,,1015.3,63.0,26.7,1015.3,63.0,False,,,
INM00043057,BOMBAY / COLABA,2025-11-17 00:00:00,18.9,72.8167,11.0,23.5,15.8,,1014.1,62.0,23.5,1014.1,62.0,False,,,
INM00043057,BOMBAY / COLABA,2025-11-17 03:00:00,18.9,72.8167,11.0,23.5,15.8,,1016.1,62.0,23.5,1016.1,62.0,False,,,
INM00043057,BOMBAY / COLABA,2025-11-17 06:00:00,18.9,72.8167,11.0,29.2,11.2,,1016.2,33.0,29.2,1016.2,33.0,False,,,
INM00043057,BOMBAY / COLABA,2025-11-17 09:00:00,18.9,72.8167,11.0,31.0,7.1,,1013.0,22.0,31.0,1013.0,22.0,False,,,
INM00043057,BOMBAY / COLABA,2025-11-17 12:00:00,18.9,72.8167,11.0,27.7,13.3,,1013.0,41.0,27.7,1013.0,41.0,False,,,
INM00043057,BOMBAY / COLABA,2025-11-17 15:00:00,18.9,72.8167,11.0,26.0,17.4,,1014.8,59.0,26.0,1014.8,59.0,False,,,
INM00043057,BOMBAY / COLABA,2025-11-18 00:00:00,18.9,72.8167,11.0,22.7,17.0,,1012.9,70.0,22.7,1012.9,70.0,False,,,
INM00043057,BOMBAY / COLABA,2025-11-18 03:00:00,18.9,72.8167,11.0,22.6,16.7,,1014.6,69.0,22.6,1014.6,69.0,False,,,
INM00043057,BOMBAY / COLABA,2025-11-18 06:00:00,18.9,72.8167,11.0,28.6,14.8,,1014.0,43.0,28.6,1014.0,43.0,False,,,
INM00043057,BOMBAY / COLABA,2025-11-18 09:00:00,18.9,72.8167,11.0,31.6,7.8,,1011.2,23.0,31.6,1011.2,23.0,False,,,
INM00043057,BOMBAY / COLABA,2025-11-18 12:00:00,18.9,72.8167,11.0,27.2,13.3,,1010.5,42.0,27.2,1010.5,42.0,False,,,
INM00043057,BOMBAY / COLABA,2025-11-18 15:00:00,18.9,72.8167,11.0,26.0,17.8,,1012.5,61.0,26.0,1012.5,61.0,False,,,
INM00043057,BOMBAY / COLABA,2025-11-19 00:00:00,18.9,72.8167,11.0,23.0,16.1,,1012.0,65.0,23.0,1012.0,65.0,False,,,
INM00043057,BOMBAY / COLABA,2025-11-19 03:00:00,18.9,72.8167,11.0,23.0,16.1,,1014.1,65.0,23.0,1014.1,65.0,False,,,
INM00043057,BOMBAY / COLABA,2025-11-19 06:00:00,18.9,72.8167,11.0,29.0,16.9,,1014.3,48.0,29.0,1014.3,48.0,False,,,
INM00043057,BOMBAY / COLABA,2025-11-19 09:00:00,18.9,72.8167,11.0,31.5,13.5,,1011.5,33.0,31.5,1011.5,33.0,False,,,
INM00043057,BOMBAY / COLABA,2025-11-19 12:00:00,18.9,72.8167,11.0,29.2,15.2,,1011.1,43.0,29.2,1011.1,43.0,False,,,
INM00043057,BOMBAY / COLABA,2025-11-19 15:00:00,18.9,72.8167,11.0,25.6,15.4,,1013.2,53.0,25.6,1013.2,53.0,False,,,
INM00043057,BOMBAY / COLABA,2025-11-20 00:00:00,18.9,72.8167,11.0,,17.6,,1012.5,70.0,23.5,1012.5,70.0,True,dropout,37,temperature
INM00043057,BOMBAY / COLABA,2025-11-20 03:00:00,18.9,72.8167,11.0,,17.6,,1014.5,70.0,23.4,1014.5,70.0,True,dropout,37,temperature
INM00043057,BOMBAY / COLABA,2025-11-20 06:00:00,18.9,72.8167,11.0,,17.7,,1014.8,51.0,29.0,1014.8,51.0,True,dropout,37,temperature
INM00043057,BOMBAY / COLABA,2025-11-20 09:00:00,18.9,72.8167,11.0,,16.5,,1011.7,39.0,32.0,1011.7,39.0,True,dropout,37,temperature
INM00043057,BOMBAY / COLABA,2025-11-20 12:00:00,18.9,72.8167,11.0,,15.6,,1011.3,45.0,28.6,1011.3,45.0,True,dropout,37,temperature
INM00043057,BOMBAY / COLABA,2025-11-20 15:00:00,18.9,72.8167,11.0,,17.1,,1013.5,55.0,27.0,1013.5,55.0,True,dropout,37,temperature
INM00043057,BOMBAY / COLABA,2025-11-21 00:00:00,18.9,72.8167,11.0,,19.8,,1013.0,79.0,23.7,1013.0,79.0,True,dropout,37,temperature
INM00043057,BOMBAY / COLABA,2025-11-21 03:00:00,18.9,72.8167,11.0,23.8,16.6,,1015.3,64.0,23.8,1015.3,64.0,False,,,
INM00043057,BOMBAY / COLABA,2025-11-21 06:00:00,18.9,72.8167,11.0,29.0,17.3,,1015.6,49.0,29.0,1015.6,49.0,False,,,
INM00043057,BOMBAY / COLABA,2025-11-21 09:00:00,18.9,72.8167,11.0,32.0,13.5,,1012.6,32.0,32.0,1012.6,32.0,False,,,
INM00043057,BOMBAY / COLABA,2025-11-21 12:00:00,18.9,72.8167,11.0,30.0,21.7,,1012.6,61.0,30.0,1012.6,61.0,False,,,
INM00043057,BOMBAY / COLABA,2025-11-21 15:00:00,18.9,72.8167,11.0,27.0,23.5,,1014.2,81.0,27.0,1014.2,81.0,False,,,
INM00043057,BOMBAY / COLABA,2025-11-22 00:00:00,18.9,72.8167,11.0,24.6,22.5,,1012.1,88.0,24.6,1012.1,88.0,False,,,
INM00043057,BOMBAY / COLABA,2025-11-22 03:00:00,18.9,72.8167,11.0,24.2,22.1,,1014.2,88.0,24.2,1014.2,88.0,False,,,
INM00043057,BOMBAY / COLABA,2025-11-22 06:00:00,18.9,72.8167,11.0,29.5,18.9,,1014.3,53.0,29.5,1014.3,53.0,False,,,
INM00043057,BOMBAY / COLABA,2025-11-22 09:00:00,18.9,72.8167,11.0,33.0,17.8,,1011.6,40.0,33.0,1011.6,40.0,False,,,
INM00043057,BOMBAY / COLABA,2025-11-22 12:00:00,18.9,72.8167,11.0,29.2,21.8,,1011.5,64.0,29.2,1011.5,64.0,False,,,
INM00043057,BOMBAY / COLABA,2025-11-22 15:00:00,18.9,72.8167,11.0,27.5,22.4,,1013.4,74.0,27.5,1013.4,74.0,False,,,
INM00043057,BOMBAY / COLABA,2025-11-23 00:00:00,18.9,72.8167,11.0,25.0,23.2,,1012.4,90.0,25.0,1012.4,90.0,False,,,
INM00043057,BOMBAY / COLABA,2025-11-23 03:00:00,18.9,72.8167,11.0,25.0,22.3,,1014.4,85.0,25.0,1014.4,85.0,False,,,
INM00043057,BOMBAY / COLABA,2025-11-23 06:00:00,18.9,72.8167,11.0,31.0,17.9,,1014.4,46.0,31.0,1014.4,46.0,False,,,
INM00043057,BOMBAY / COLABA,2025-11-23 09:00:00,18.9,72.8167,11.0,32.2,21.2,,1011.5,52.0,32.2,1011.5,52.0,False,,,
INM00043057,BOMBAY / COLABA,2025-11-23 12:00:00,18.9,72.8167,11.0,28.6,24.0,,1011.4,76.0,28.6,1011.4,76.0,False,,,
INM00043057,BOMBAY / COLABA,2025-11-23 15:00:00,18.9,72.8167,11.0,27.5,22.4,,1013.1,74.0,27.5,1013.1,74.0,False,,,
INM00043057,BOMBAY / COLABA,2025-11-24 00:00:00,18.9,72.8167,11.0,25.5,23.9,,1012.7,91.0,25.5,1012.7,91.0,False,,,
INM00043057,BOMBAY / COLABA,2025-11-24 03:00:00,18.9,72.8167,11.0,25.0,23.8,,1014.1,93.0,25.0,1014.1,93.0,False,,,
INM00043057,BOMBAY / COLABA,2025-11-24 06:00:00,18.9,72.8167,11.0,30.0,23.3,,1013.9,67.0,30.0,1013.9,67.0,False,,,
INM00043057,BOMBAY / COLABA,2025-11-24 09:00:00,18.9,72.8167,11.0,30.0,21.4,,1011.2,60.0,30.0,1011.2,60.0,False,,,
INM00043057,BOMBAY / COLABA,2025-11-24 12:00:00,18.9,72.8167,11.0,28.6,23.7,,1011.4,75.0,28.6,1011.4,75.0,False,,,
INM00043057,BOMBAY / COLABA,2025-11-24 15:00:00,18.9,72.8167,11.0,27.5,23.3,,1013.7,78.0,27.5,1013.7,78.0,False,,,
INM00043057,BOMBAY / COLABA,2025-11-25 00:00:00,18.9,72.8167,11.0,25.6,24.1,,1012.8,91.0,25.6,1012.8,91.0,False,,,
INM00043057,BOMBAY / COLABA,2025-11-25 03:00:00,18.9,72.8167,11.0,25.5,23.7,,1014.4,90.0,25.5,1014.4,90.0,False,,,
INM00043057,BOMBAY / COLABA,2025-11-25 06:00:00,18.9,72.8167,11.0,30.2,21.6,,1013.7,60.0,30.2,1013.7,60.0,False,,,
INM00043057,BOMBAY / COLABA,2025-11-25 09:00:00,18.9,72.8167,11.0,32.0,23.3,,1010.8,60.0,32.0,1010.8,60.0,False,,,
INM00043057,BOMBAY / COLABA,2025-11-25 12:00:00,18.9,72.8167,11.0,29.0,25.6,,1010.6,82.0,29.0,1010.6,82.0,False,,,
INM00043057,BOMBAY / COLABA,2025-11-25 15:00:00,18.9,72.8167,11.0,27.2,24.3,,1012.6,84.0,27.2,1012.6,84.0,False,,,
INM00043057,BOMBAY / COLABA,2025-11-26 00:00:00,18.9,72.8167,11.0,26.0,24.6,,1011.6,92.0,26.0,1011.6,92.0,False,,,
INM00043057,BOMBAY / COLABA,2025-11-26 03:00:00,18.9,72.8167,11.0,25.8,24.6,,1013.8,93.0,25.8,1013.8,93.0,False,,,
INM00043057,BOMBAY / COLABA,2025-11-26 06:00:00,18.9,72.8167,11.0,29.7,17.2,,1014.2,47.0,29.7,1014.2,47.0,False,,,
INM00043057,BOMBAY / COLABA,2025-11-26 09:00:00,18.9,72.8167,11.0,30.2,20.9,,1011.4,58.0,30.2,1011.4,58.0,False,,,
INM00043057,BOMBAY / COLABA,2025-11-26 12:00:00,18.9,72.8167,11.0,28.6,23.4,,1012.0,74.0,28.6,1012.0,74.0,False,,,
INM00043057,BOMBAY / COLABA,2025-11-26 15:00:00,18.9,72.8167,11.0,27.0,23.5,,1013.8,81.0,27.0,1013.8,81.0,False,,,
INM00043057,BOMBAY / COLABA,2025-11-27 00:00:00,18.9,72.8167,11.0,25.2,23.7,,1012.5,91.0,25.2,1012.5,91.0,False,,,
INM00043057,BOMBAY / COLABA,2025-11-27 03:00:00,18.9,72.8167,11.0,25.2,23.1,,1014.9,88.0,25.2,1014.9,88.0,False,,,
INM00043057,BOMBAY / COLABA,2025-11-27 06:00:00,18.9,72.8167,11.0,30.0,19.6,,1015.0,54.0,30.0,1015.0,54.0,False,,,
INM00043057,BOMBAY / COLABA,2025-11-27 09:00:00,18.9,72.8167,11.0,33.0,12.2,,1011.8,28.0,33.0,1011.8,28.0,False,,,
INM00043057,BOMBAY / COLABA,2025-11-27 12:00:00,18.9,72.8167,11.0,29.0,20.6,,1017.7,61.0,29.0,1017.7,61.0,False,,,
INM00043057,BOMBAY / COLABA,2025-11-27 15:00:00,18.9,72.8167,11.0,27.0,22.9,,1014.0,78.0,27.0,1014.0,78.0,False,,,
INM00043057,BOMBAY / COLABA,2025-11-28 00:00:00,18.9,72.8167,11.0,25.0,23.2,,1012.5,90.0,25.0,1012.5,90.0,False,,,
INM00043057,BOMBAY / COLABA,2025-11-28 03:00:00,18.9,72.8167,11.0,25.4,23.3,,1015.2,88.0,25.4,1015.2,88.0,False,,,
INM00043057,BOMBAY / COLABA,2025-11-28 06:00:00,18.9,72.8167,11.0,30.0,20.7,,1014.5,57.0,30.0,1014.5,57.0,False,,,
INM00043057,BOMBAY / COLABA,2025-11-28 09:00:00,18.9,72.8167,11.0,32.2,20.2,,1011.2,49.0,32.2,1011.2,49.0,False,,,
INM00043057,BOMBAY / COLABA,2025-11-28 12:00:00,18.9,72.8167,11.0,28.2,22.3,,1011.0,70.0,28.2,1011.0,70.0,False,,,
INM00043057,BOMBAY / COLABA,2025-11-28 15:00:00,18.9,72.8167,11.0,27.0,23.8,,1012.7,83.0,27.0,1012.7,83.0,False,,,
INM00043057,BOMBAY / COLABA,2025-11-29 00:00:00,18.9,72.8167,11.0,25.0,22.3,,1011.3,85.0,25.0,1011.3,85.0,False,,,
INM00043057,BOMBAY / COLABA,2025-11-29 03:00:00,18.9,72.8167,11.0,24.6,21.3,,1013.6,82.0,24.6,1013.6,82.0,False,,,
INM00043057,BOMBAY / COLABA,2025-11-29 06:00:00,18.9,72.8167,11.0,28.6,18.3,,1013.5,54.0,28.6,1013.5,54.0,False,,,
INM00043057,BOMBAY / COLABA,2025-11-29 09:00:00,18.9,72.8167,11.0,31.0,14.3,,1010.5,36.0,31.0,1010.5,36.0,False,,,
INM00043057,BOMBAY / COLABA,2025-11-29 12:00:00,18.9,72.8167,11.0,27.5,19.0,,1010.0,60.0,27.5,1010.0,60.0,False,,,
INM00043057,BOMBAY / COLABA,2025-11-29 15:00:00,18.9,72.8167,11.0,26.2,20.1,,1011.2,69.0,26.2,1011.2,69.0,False,,,
INM00043057,BOMBAY / COLABA,2025-11-30 00:00:00,18.9,72.8167,11.0,22.5,17.6,,1011.3,74.0,22.5,1011.3,74.0,False,,,
INM00043057,BOMBAY / COLABA,2025-11-30 03:00:00,18.9,72.8167,11.0,22.4,15.4,,1013.3,65.0,22.4,1013.3,65.0,False,,,
INM00043057,BOMBAY / COLABA,2025-11-30 06:00:00,18.9,72.8167,11.0,29.0,12.3,,1013.4,36.0,29.0,1013.4,36.0,False,,,
INM00043057,BOMBAY / COLABA,2025-11-30 09:00:00,18.9,72.8167,11.0,30.5,7.2,,1010.1,23.0,30.5,1010.1,23.0,False,,,
INM00043057,BOMBAY / COLABA,2025-11-30 12:00:00,18.9,72.8167,11.0,27.2,17.7,,1010.1,56.0,27.2,1010.1,56.0,False,,,
INM00043057,BOMBAY / COLABA,2025-11-30 15:00:00,18.9,72.8167,11.0,26.0,13.9,,1011.9,47.0,26.0,1011.9,47.0,False,,,
INM00043057,BOMBAY / COLABA,2025-12-01 00:00:00,18.9,72.8167,11.0,23.7,19.8,,1010.8,79.0,23.7,1010.8,79.0,False,,,
INM00043057,BOMBAY / COLABA,2025-12-01 03:00:00,18.9,72.8167,11.0,23.6,16.8,,1013.2,66.0,23.6,1013.2,66.0,False,,,
INM00043057,BOMBAY / COLABA,2025-12-01 06:00:00,18.9,72.8167,11.0,29.0,16.1,,1012.4,46.0,29.0,1012.4,46.0,False,,,
INM00043057,BOMBAY / COLABA,2025-12-01 09:00:00,18.9,72.8167,11.0,30.2,16.5,,1009.8,44.0,30.2,1009.8,44.0,False,,,
INM00043057,BOMBAY / COLABA,2025-12-01 12:00:00,18.9,72.8167,11.0,27.7,15.4,,1009.5,47.0,27.7,1009.5,47.0,False,,,
INM00043057,BOMBAY / COLABA,2025-12-01 15:00:00,18.9,72.8167,11.0,26.0,19.9,,1012.0,69.0,26.0,1012.0,69.0,False,,,
INM00043057,BOMBAY / COLABA,2025-12-02 00:00:00,18.9,72.8167,11.0,23.2,21.4,,1011.2,90.0,23.2,1011.2,90.0,False,,,
INM00043057,BOMBAY / COLABA,2025-12-02 03:00:00,18.9,72.8167,11.0,23.6,19.6,,1013.2,78.0,23.6,1013.2,78.0,False,,,
INM00043057,BOMBAY / COLABA,2025-12-02 06:00:00,18.9,72.8167,11.0,28.5,19.2,,1013.1,57.0,28.5,1013.1,57.0,False,,,
INM00043057,BOMBAY / COLABA,2025-12-02 09:00:00,18.9,72.8167,11.0,31.5,21.0,,1009.8,54.0,31.5,1009.8,54.0,False,,,
INM00043057,BOMBAY / COLABA,2025-12-02 12:00:00,18.9,72.8167,11.0,28.5,21.9,,1009.5,67.0,28.5,1009.5,67.0,False,,,
INM00043057,BOMBAY / COLABA,2025-12-02 15:00:00,18.9,72.8167,11.0,26.0,20.2,,1011.6,70.0,26.0,1011.6,70.0,False,,,
INM00043057,BOMBAY / COLABA,2025-12-03 00:00:00,18.9,72.8167,11.0,23.0,19.6,,1011.4,81.0,23.0,1011.4,81.0,False,,,
INM00043057,BOMBAY / COLABA,2025-12-03 03:00:00,18.9,72.8167,11.0,23.4,18.7,,1014.1,75.0,23.4,1014.1,75.0,False,,,
INM00043057,BOMBAY / COLABA,2025-12-03 06:00:00,18.9,72.8167,11.0,28.0,18.0,,1014.4,55.0,28.0,1014.4,55.0,False,,,
INM00043057,BOMBAY / COLABA,2025-12-03 09:00:00,18.9,72.8167,11.0,32.5,13.4,,1011.1,31.0,32.5,1011.1,31.0,False,,,
INM00043057,BOMBAY / COLABA,2025-12-03 12:00:00,18.9,72.8167,11.0,28.7,21.0,,1011.2,63.0,28.7,1011.2,63.0,False,,,
INM00043057,BOMBAY / COLABA,2025-12-03 15:00:00,18.9,72.8167,11.0,26.6,19.9,,1013.2,67.0,26.6,1013.2,67.0,False,,,
INM00043057,BOMBAY / COLABA,2025-12-04 00:00:00,18.9,72.8167,11.0,24.5,18.8,,1012.4,71.0,24.5,1012.4,71.0,False,,,
INM00043057,BOMBAY / COLABA,2025-12-04 03:00:00,18.9,72.8167,11.0,24.6,18.3,,1014.9,68.0,24.6,1014.9,68.0,False,,,
INM00043057,BOMBAY / COLABA,2025-12-04 06:00:00,18.9,72.8167,11.0,28.7,19.3,,1014.8,57.0,28.7,1014.8,57.0,False,,,
INM00043057,BOMBAY / COLABA,2025-12-04 09:00:00,18.9,72.8167,11.0,32.5,15.8,,1011.7,37.0,32.5,1011.7,37.0,False,,,
INM00043057,BOMBAY / COLABA,2025-12-04 12:00:00,18.9,72.8167,11.0,29.2,20.1,,1012.4,58.0,29.2,1012.4,58.0,False,,,
INM00043057,BOMBAY / COLABA,2025-12-04 15:00:00,18.9,72.8167,11.0,27.0,21.3,,1014.3,71.0,27.0,1014.3,71.0,False,,,
INM00043057,BOMBAY / COLABA,2025-12-05 00:00:00,18.9,72.8167,11.0,25.0,18.0,,1013.6,65.0,25.0,1013.6,65.0,False,,,
INM00043057,BOMBAY / COLABA,2025-12-05 03:00:00,18.9,72.8167,11.0,24.8,19.9,,1015.3,74.0,24.8,1015.3,74.0,False,,,
INM00043057,BOMBAY / COLABA,2025-12-05 06:00:00,18.9,72.8167,11.0,29.7,19.0,,1015.5,53.0,29.7,1015.5,53.0,False,,,
INM00043057,BOMBAY / COLABA,2025-12-05 09:00:00,18.9,72.8167,11.0,33.5,16.4,,1012.7,36.0,33.5,1012.7,36.0,False,,,
INM00043057,BOMBAY / COLABA,2025-12-05 12:00:00,18.9,72.8167,11.0,29.0,23.2,,1012.6,71.0,29.0,1012.6,71.0,False,,,
INM00043057,BOMBAY / COLABA,2025-12-05 15:00:00,18.9,72.8167,11.0,27.0,24.7,,1014.6,87.0,27.0,1014.6,87.0,False,,,
INM00043057,BOMBAY / COLABA,2025-12-06 00:00:00,18.9,72.8167,11.0,25.0,19.4,,1014.2,71.0,25.0,1014.2,71.0,False,,,
INM00043057,BOMBAY / COLABA,2025-12-06 03:00:00,18.9,72.8167,11.0,24.4,20.1,,1016.2,77.0,24.4,1016.2,77.0,False,,,
INM00043057,BOMBAY / COLABA,2025-12-06 06:00:00,18.9,72.8167,11.0,29.5,17.8,,1016.2,49.0,29.5,1016.2,49.0,False,,,
INM00043057,BOMBAY / COLABA,2025-12-06 09:00:00,18.9,72.8167,11.0,31.5,14.4,,1013.6,35.0,31.5,1013.6,35.0,False,,,
INM00043057,BOMBAY / COLABA,2025-12-06 12:00:00,18.9,72.8167,11.0,29.0,21.2,,1013.8,63.0,29.0,1013.8,63.0,False,,,
INM00043057,BOMBAY / COLABA,2025-12-06 15:00:00,18.9,72.8167,11.0,26.5,24.1,,1015.6,87.0,26.5,1015.6,87.0,False,,,
INM00043057,BOMBAY / COLABA,2025-12-07 00:00:00,18.9,72.8167,11.0,24.5,21.7,,1014.2,84.0,24.5,1014.2,84.0,False,,,
INM00043057,BOMBAY / COLABA,2025-12-07 03:00:00,18.9,72.8167,11.0,24.0,18.0,,1016.2,69.0,24.0,1016.2,69.0,False,,,
INM00043057,BOMBAY / COLABA,2025-12-07 06:00:00,18.9,72.8167,11.0,28.6,18.3,,1016.5,54.0,28.6,1016.5,54.0,False,,,
INM00043057,BOMBAY / COLABA,2025-12-07 09:00:00,18.9,72.8167,11.0,31.8,10.7,,,27.0,31.8,,27.0,False,,,
INM00043057,BOMBAY / COLABA,2025-12-07 12:00:00,18.9,72.8167,11.0,29.0,22.2,,1012.9,67.0,29.0,1012.9,67.0,False,,,
INM00043057,BOMBAY / COLABA,2025-12-07 15:00:00,18.9,72.8167,11.0,26.6,23.7,,1001.5,84.0,26.6,1001.5,84.0,False,,,
INM00043057,BOMBAY / COLABA,2025-12-08 00:00:00,18.9,72.8167,11.0,23.5,21.6,,1013.8,89.0,23.5,1013.8,89.0,False,,,
INM00043057,BOMBAY / COLABA,2025-12-08 03:00:00,18.9,72.8167,11.0,23.4,21.0,,1016.2,86.0,23.4,1016.2,86.0,False,,,
INM00043057,BOMBAY / COLABA,2025-12-08 06:00:00,18.9,72.8167,11.0,28.7,18.6,,1016.0,54.0,28.7,1016.0,54.0,False,,,
INM00043057,BOMBAY / COLABA,2025-12-08 09:00:00,18.9,72.8167,11.0,32.5,14.5,,1013.3,34.0,32.5,1013.3,34.0,False,,,
INM00043057,BOMBAY / COLABA,2025-12-08 12:00:00,18.9,72.8167,11.0,28.5,21.9,,1013.1,67.0,28.5,1013.1,67.0,False,,,
INM00043057,BOMBAY / COLABA,2025-12-08 15:00:00,18.9,72.8167,11.0,26.5,17.1,,1014.6,56.0,26.5,1014.6,56.0,False,,,
INM00043057,BOMBAY / COLABA,2025-12-09 00:00:00,18.9,72.8167,11.0,23.6,20.2,,1013.2,81.0,23.6,1013.2,81.0,False,,,
INM00043057,BOMBAY / COLABA,2025-12-09 03:00:00,18.9,72.8167,11.0,23.0,17.2,,1015.3,70.0,23.0,1015.3,70.0,False,,,
INM00043057,BOMBAY / COLABA,2025-12-09 06:00:00,18.9,72.8167,11.0,30.0,13.3,,1015.5,36.0,30.0,1015.5,36.0,False,,,
INM00043057,BOMBAY / COLABA,2025-12-09 09:00:00,18.9,72.8167,11.0,32.0,11.1,,1012.7,28.0,32.0,1012.7,28.0,False,,,
INM00043057,BOMBAY / COLABA,2025-12-09 12:00:00,18.9,72.8167,11.0,27.6,18.2,,1012.6,57.0,27.6,1012.6,57.0,False,,,
INM00043057,BOMBAY / COLABA,2025-12-09 15:00:00,18.9,72.8167,11.0,27.5,20.0,,1014.5,64.0,27.5,1014.5,64.0,False,,,
INM00043057,BOMBAY / COLABA,2025-12-10 00:00:00,18.9,72.8167,11.0,22.0,14.2,,1014.3,61.0,22.0,1014.3,61.0,False,,,
INM00043057,BOMBAY / COLABA,2025-12-10 03:00:00,18.9,72.8167,11.0,21.8,18.0,,1016.2,79.0,21.8,1016.2,79.0,False,,,
INM00043057,BOMBAY / COLABA,2025-12-10 06:00:00,18.9,72.8167,11.0,29.6,5.5,,1016.6,22.0,29.6,1016.6,22.0,False,,,
INM00043057,BOMBAY / COLABA,2025-12-10 09:00:00,18.9,72.8167,11.0,31.0,12.9,,1013.7,33.0,31.0,1013.7,33.0,False,,,
INM00043057,BOMBAY / COLABA,2025-12-10 12:00:00,18.9,72.8167,11.0,27.5,20.7,,1013.4,66.0,27.5,1013.4,66.0,False,,,
INM00043057,BOMBAY / COLABA,2025-12-10 15:00:00,18.9,72.8167,11.0,26.6,15.9,,1014.8,52.0,26.6,1014.8,52.0,False,,,
INM00043057,BOMBAY / COLABA,2025-12-11 00:00:00,18.9,72.8167,11.0,23.0,18.2,,1014.3,74.0,23.0,1014.3,74.0,False,,,
INM00043057,BOMBAY / COLABA,2025-12-11 03:00:00,18.9,72.8167,11.0,22.4,17.4,,1016.3,73.0,22.4,1016.3,73.0,False,,,
INM00043057,BOMBAY / COLABA,2025-12-11 06:00:00,18.9,72.8167,11.0,28.5,13.2,,1016.2,39.0,28.5,1016.2,39.0,True,frozen,9,relative_humidity
INM00043057,BOMBAY / COLABA,2025-12-11 09:00:00,18.9,72.8167,11.0,32.5,,,1012.7,39.0,32.5,1012.7,,True,frozen,9,relative_humidity
INM00043057,BOMBAY / COLABA,2025-12-11 12:00:00,18.9,72.8167,11.0,27.5,18.7,,1012.4,39.0,27.5,1012.4,59.0,True,frozen,9,relative_humidity
INM00043057,BOMBAY / COLABA,2025-12-11 15:00:00,18.9,72.8167,11.0,26.0,19.2,,1013.5,39.0,26.0,1013.5,66.0,True,frozen,9,relative_humidity
INM00043057,BOMBAY / COLABA,2025-12-12 00:00:00,18.9,72.8167,11.0,23.0,19.2,,1012.8,39.0,23.0,1012.8,79.0,True,frozen,9,relative_humidity
INM00043057,BOMBAY / COLABA,2025-12-12 03:00:00,18.9,72.8167,11.0,22.4,17.6,,1014.8,39.0,22.4,1014.8,74.0,True,frozen,9,relative_humidity
INM00043057,BOMBAY / COLABA,2025-12-12 06:00:00,18.9,72.8167,11.0,28.5,17.7,,1014.6,52.0,28.5,1014.6,52.0,False,,,
INM00043057,BOMBAY / COLABA,2025-12-12 09:00:00,18.9,72.8167,11.0,33.2,9.4,,1011.6,23.0,33.2,1011.6,23.0,False,,,
INM00043057,BOMBAY / COLABA,2025-12-12 12:00:00,18.9,72.8167,11.0,26.5,19.6,,1011.4,66.0,26.5,1011.4,66.0,False,,,
INM00043057,BOMBAY / COLABA,2025-12-12 15:00:00,18.9,72.8167,11.0,25.6,20.4,,1013.6,73.0,25.6,1013.6,73.0,False,,,
INM00043057,BOMBAY / COLABA,2025-12-13 00:00:00,18.9,72.8167,11.0,22.5,20.6,,1012.1,89.0,22.5,1012.1,89.0,False,,,
INM00043057,BOMBAY / COLABA,2025-12-13 03:00:00,18.9,72.8167,11.0,22.4,18.3,,1014.2,78.0,22.4,1014.2,78.0,False,,,
INM00043057,BOMBAY / COLABA,2025-12-13 06:00:00,18.9,72.8167,11.0,28.0,18.3,,1014.6,56.0,28.0,1014.6,56.0,False,,,
INM00043057,BOMBAY / COLABA,2025-12-13 09:00:00,18.9,72.8167,11.0,32.6,11.5,,1011.7,27.0,32.6,1011.7,27.0,False,,,
INM00043057,BOMBAY / COLABA,2025-12-13 12:00:00,18.9,72.8167,11.0,27.0,17.5,,1011.8,56.0,27.0,1011.8,56.0,False,,,
INM00043057,BOMBAY / COLABA,2025-12-13 15:00:00,18.9,72.8167,11.0,25.6,22.0,,1014.0,81.0,25.6,1014.0,81.0,False,,,
INM00043057,BOMBAY / COLABA,2025-12-14 00:00:00,18.9,72.8167,11.0,22.5,19.9,,1013.2,85.0,22.5,1013.2,85.0,False,,,
INM00043057,BOMBAY / COLABA,2025-12-14 03:00:00,18.9,72.8167,11.0,22.6,18.5,,1015.5,78.0,22.6,1015.5,78.0,False,,,
INM00043057,BOMBAY / COLABA,2025-12-14 06:00:00,18.9,72.8167,11.0,28.0,20.4,,1015.3,63.0,28.0,1015.3,63.0,False,,,
INM00043057,BOMBAY / COLABA,2025-12-14 09:00:00,18.9,72.8167,11.0,32.4,,,1012.2,,32.4,1012.2,,False,,,
INM00043057,BOMBAY / COLABA,2025-12-14 12:00:00,18.9,72.8167,11.0,28.5,21.5,,1011.8,66.0,28.5,1011.8,66.0,False,,,
INM00043057,BOMBAY / COLABA,2025-12-14 15:00:00,18.9,72.8167,11.0,26.0,19.2,,1014.2,66.0,26.0,1014.2,66.0,False,,,
INM00043057,BOMBAY / COLABA,2025-12-15 00:00:00,18.9,72.8167,11.0,22.5,18.9,,1013.2,80.0,22.5,1013.2,80.0,False,,,
INM00043057,BOMBAY / COLABA,2025-12-15 03:00:00,18.9,72.8167,11.0,22.6,19.8,,1015.7,84.0,22.6,1015.7,84.0,False,,,
INM00043057,BOMBAY / COLABA,2025-12-15 06:00:00,18.9,72.8167,11.0,28.6,14.4,,1015.8,42.0,28.6,1015.8,42.0,False,,,
INM00043057,BOMBAY / COLABA,2025-12-15 09:00:00,18.9,72.8167,11.0,32.0,5.9,,1012.1,19.0,32.0,1012.1,19.0,False,,,
INM00043057,BOMBAY / COLABA,2025-12-15 12:00:00,18.9,72.8167,11.0,27.6,18.6,,1011.2,58.0,27.6,1011.2,58.0,False,,,
INM00043057,BOMBAY / COLABA,2025-12-15 15:00:00,18.9,72.8167,11.0,25.6,14.6,,1012.9,51.0,25.6,1012.9,51.0,False,,,
INM00043057,BOMBAY / COLABA,2025-12-16 00:00:00,18.9,72.8167,11.0,23.2,15.6,,1013.0,62.0,23.2,1013.0,62.0,False,,,
INM00043057,BOMBAY / COLABA,2025-12-16 03:00:00,18.9,72.8167,11.0,23.5,15.8,,1014.6,62.0,23.5,1014.6,62.0,False,,,
INM00043057,BOMBAY / COLABA,2025-12-16 06:00:00,18.9,72.8167,11.0,28.6,17.6,,1014.6,51.0,28.6,1014.6,51.0,False,,,
INM00043057,BOMBAY / COLABA,2025-12-16 09:00:00,18.9,72.8167,11.0,31.0,14.3,,1011.3,36.0,31.0,1011.3,36.0,False,,,
INM00043057,BOMBAY / COLABA,2025-12-16 12:00:00,18.9,72.8167,11.0,27.5,19.0,,1011.4,60.0,27.5,1011.4,60.0,False,,,
INM00043057,BOMBAY / COLABA,2025-12-16 15:00:00,18.9,72.8167,11.0,26.0,22.8,,1013.9,83.0,26.0,1013.9,83.0,False,,,
INM00043057,BOMBAY / COLABA,2025-12-17 00:00:00,18.9,72.8167,11.0,23.5,20.0,,1012.8,81.0,23.5,1012.8,81.0,False,,,
INM00043057,BOMBAY / COLABA,2025-12-17 03:00:00,18.9,72.8167,11.0,23.6,20.5,,1015.6,83.0,23.6,1015.6,83.0,False,,,
INM00043057,BOMBAY / COLABA,2025-12-17 06:00:00,18.9,72.8167,11.0,28.2,17.5,,1015.9,52.0,28.2,1015.9,52.0,False,,,
INM00043057,BOMBAY / COLABA,2025-12-17 09:00:00,18.9,72.8167,11.0,30.6,17.4,,1013.3,45.0,30.6,1013.3,45.0,False,,,
INM00043057,BOMBAY / COLABA,2025-12-17 12:00:00,18.9,72.8167,11.0,28.0,21.1,,1013.0,66.0,28.0,1013.0,66.0,False,,,
INM00043057,BOMBAY / COLABA,2025-12-17 15:00:00,18.9,72.8167,11.0,26.0,18.1,,1014.8,62.0,26.0,1014.8,62.0,False,,,
INM00043057,BOMBAY / COLABA,2025-12-18 00:00:00,18.9,72.8167,11.0,23.7,21.7,,1014.2,89.0,23.7,1014.2,89.0,False,,,
INM00043057,BOMBAY / COLABA,2025-12-18 03:00:00,18.9,72.8167,11.0,23.6,20.2,,1016.5,81.0,23.6,1016.5,81.0,False,,,
INM00043057,BOMBAY / COLABA,2025-12-18 06:00:00,18.9,72.8167,11.0,29.5,17.4,,1016.4,48.0,29.5,1016.4,48.0,False,,,
INM00043057,BOMBAY / COLABA,2025-12-18 09:00:00,18.9,72.8167,11.0,33.5,16.4,,1013.0,36.0,33.5,1013.0,36.0,False,,,
INM00043057,BOMBAY / COLABA,2025-12-18 12:00:00,18.9,72.8167,11.0,27.6,21.0,,1012.1,67.0,27.6,1012.1,67.0,False,,,
INM00043057,BOMBAY / COLABA,2025-12-18 15:00:00,18.9,72.8167,11.0,26.0,18.1,,1014.0,62.0,26.0,1014.0,62.0,False,,,
INM00043057,BOMBAY / COLABA,2025-12-19 00:00:00,18.9,72.8167,11.0,22.5,20.2,,1013.2,87.0,22.5,1013.2,87.0,False,,,
INM00043057,BOMBAY / COLABA,2025-12-19 03:00:00,18.9,72.8167,11.0,22.5,19.3,,1015.0,82.0,22.5,1015.0,82.0,False,,,
INM00043057,BOMBAY / COLABA,2025-12-19 06:00:00,18.9,72.8167,11.0,28.0,15.3,,1014.7,46.0,28.0,1014.7,46.0,False,,,
INM00043057,BOMBAY / COLABA,2025-12-19 09:00:00,18.9,72.8167,11.0,31.4,14.8,,1010.9,37.0,31.4,1010.9,37.0,False,,,
INM00043057,BOMBAY / COLABA,2025-12-19 12:00:00,18.9,72.8167,11.0,27.5,20.8,,1010.4,67.0,27.5,1010.4,67.0,False,,,
INM00043057,BOMBAY / COLABA,2025-12-19 15:00:00,18.9,72.8167,11.0,25.6,21.1,,1012.1,76.0,25.6,1012.1,76.0,False,,,
INM00043057,BOMBAY / COLABA,2025-12-20 00:00:00,18.9,72.8167,11.0,21.6,19.7,,1011.4,89.0,21.6,1011.4,89.0,False,,,
INM00043057,BOMBAY / COLABA,2025-12-20 03:00:00,18.9,72.8167,11.0,21.8,19.3,,1013.2,86.0,21.8,1013.2,86.0,False,,,
INM00043057,BOMBAY / COLABA,2025-12-20 06:00:00,18.9,72.8167,11.0,27.5,15.7,,1012.8,49.0,27.5,1012.8,49.0,False,,,
INM00043057,BOMBAY / COLABA,2025-12-20 09:00:00,18.9,72.8167,11.0,31.5,12.1,,1009.0,30.0,31.5,1009.0,30.0,False,,,
INM00043057,BOMBAY / COLABA,2025-12-20 12:00:00,18.9,72.8167,11.0,27.0,16.7,,1009.3,53.0,27.0,1009.3,53.0,False,,,
INM00043057,BOMBAY / COLABA,2025-12-20 15:00:00,18.9,72.8167,11.0,25.5,17.4,,1010.9,61.0,25.5,1010.9,61.0,False,,,
INM00043057,BOMBAY / COLABA,2025-12-21 00:00:00,18.9,72.8167,11.0,22.0,17.1,,1011.3,74.0,22.0,1011.3,74.0,False,,,
INM00043057,BOMBAY / COLABA,2025-12-21 03:00:00,18.9,72.8167,11.0,22.2,15.5,,1012.1,66.0,22.2,1012.1,66.0,False,,,
INM00043057,BOMBAY / COLABA,2025-12-21 06:00:00,18.9,72.8167,11.0,28.2,16.3,,1013.2,48.0,28.2,1013.2,48.0,False,,,
INM00043057,BOMBAY / COLABA,2025-12-21 09:00:00,18.9,72.8167,11.0,31.6,,,1011.2,,31.6,1011.2,,False,,,
INM00043057,BOMBAY / COLABA,2025-12-21 12:00:00,18.9,72.8167,11.0,27.5,20.1,,1011.0,64.0,27.5,1011.0,64.0,False,,,
INM00043057,BOMBAY / COLABA,2025-12-21 15:00:00,18.9,72.8167,11.0,25.0,19.8,,1012.9,73.0,25.0,1012.9,73.0,False,,,
INM00043057,BOMBAY / COLABA,2025-12-22 00:00:00,18.9,72.8167,11.0,21.5,17.2,,1012.4,77.0,21.5,1012.4,77.0,False,,,
INM00043057,BOMBAY / COLABA,2025-12-22 03:00:00,18.9,72.8167,11.0,22.0,16.4,,1014.0,71.0,22.0,1014.0,71.0,False,,,
INM00043057,BOMBAY / COLABA,2025-12-22 06:00:00,18.9,72.8167,11.0,28.5,18.1,,1014.1,53.0,28.5,1014.1,53.0,False,,,
INM00043057,BOMBAY / COLABA,2025-12-22 09:00:00,18.9,72.8167,11.0,31.0,7.1,,1011.0,22.0,31.0,1011.0,22.0,False,,,
INM00043057,BOMBAY / COLABA,2025-12-22 12:00:00,18.9,72.8167,11.0,27.2,15.4,,1010.5,49.0,27.2,1010.5,49.0,False,,,
INM00043057,BOMBAY / COLABA,2025-12-22 15:00:00,18.9,72.8167,11.0,25.5,13.5,,1012.4,47.0,25.5,1012.4,47.0,False,,,
INM00043057,BOMBAY / COLABA,2025-12-23 00:00:00,18.9,72.8167,11.0,22.2,18.0,,1011.4,77.0,22.2,1011.4,77.0,False,,,
INM00043057,BOMBAY / COLABA,2025-12-23 03:00:00,18.9,72.8167,11.0,22.0,17.8,,1013.5,77.0,22.0,1013.5,77.0,False,,,
INM00043057,BOMBAY / COLABA,2025-12-23 06:00:00,18.9,72.8167,11.0,27.7,15.0,,1013.8,46.0,27.7,1013.8,46.0,False,,,
INM00043057,BOMBAY / COLABA,2025-12-23 09:00:00,18.9,72.8167,11.0,33.0,12.2,,1010.7,28.0,33.0,1010.7,28.0,False,,,
INM00043057,BOMBAY / COLABA,2025-12-23 12:00:00,18.9,72.8167,11.0,27.0,22.3,,1010.2,76.0,27.0,1010.2,76.0,False,,,
INM00043057,BOMBAY / COLABA,2025-12-23 15:00:00,18.9,72.8167,11.0,25.7,22.5,,1012.1,83.0,25.7,1012.1,83.0,False,,,
INM00043057,BOMBAY / COLABA,2025-12-24 00:00:00,18.9,72.8167,11.0,23.0,18.9,,1011.4,78.0,23.0,1011.4,78.0,False,,,
INM00043057,BOMBAY / COLABA,2025-12-24 03:00:00,18.9,72.8167,11.0,22.5,18.3,,1013.5,77.0,22.5,1013.5,77.0,False,,,
INM00043057,BOMBAY / COLABA,2025-12-24 06:00:00,18.9,72.8167,11.0,28.0,21.1,,1014.0,66.0,28.0,1014.0,66.0,False,,,
INM00043057,BOMBAY / COLABA,2025-12-24 09:00:00,18.9,72.8167,11.0,31.6,,,1010.8,,31.6,1010.8,,False,,,
INM00043057,BOMBAY / COLABA,2025-12-24 12:00:00,18.9,72.8167,11.0,27.0,21.0,,1010.6,70.0,27.0,1010.6,70.0,False,,,
INM00043057,BOMBAY / COLABA,2025-12-24 15:00:00,18.9,72.8167,11.0,25.2,20.6,,1012.4,76.0,25.2,1012.4,76.0,False,,,
INM00043057,BOMBAY / COLABA,2025-12-25 00:00:00,18.9,72.8167,11.0,22.6,20.6,,1011.7,89.0,22.6,1011.7,89.0,False,,,
INM00043057,BOMBAY / COLABA,2025-12-25 03:00:00,18.9,72.8167,11.0,22.4,17.6,,1013.7,74.0,22.4,1013.7,74.0,False,,,
INM00043057,BOMBAY / COLABA,2025-12-25 06:00:00,18.9,72.8167,11.0,27.6,17.8,,1014.1,55.0,27.6,1014.1,55.0,False,,,
INM00043057,BOMBAY / COLABA,2025-12-25 09:00:00,18.9,72.8167,11.0,30.0,16.3,,1011.6,44.0,30.0,1011.6,44.0,False,,,
INM00043057,BOMBAY / COLABA,2025-12-25 12:00:00,18.9,72.8167,11.0,27.5,21.4,,1011.1,69.0,27.5,1011.1,69.0,False,,,
INM00043057,BOMBAY / COLABA,2025-12-25 15:00:00,18.9,72.8167,11.0,25.5,23.0,,1012.8,86.0,25.5,1012.8,86.0,False,,,
INM00043057,BOMBAY / COLABA,2025-12-26 00:00:00,18.9,72.8167,11.0,22.2,20.7,,1012.4,91.0,22.2,1012.4,91.0,False,,,
INM00043057,BOMBAY / COLABA,2025-12-26 03:00:00,18.9,72.8167,11.0,21.6,19.1,,1014.3,86.0,21.6,1014.3,86.0,False,,,
INM00043057,BOMBAY / COLABA,2025-12-26 06:00:00,18.9,72.8167,11.0,26.0,17.8,,1014.2,61.0,26.0,1014.2,61.0,False,,,
INM00043057,BOMBAY / COLABA,2025-12-26 09:00:00,18.9,72.8167,11.0,29.6,10.8,,1010.6,31.0,29.6,1010.6,31.0,False,,,
INM00043057,BOMBAY / COLABA,2025-12-26 12:00:00,18.9,72.8167,11.0,27.2,17.4,,1010.1,55.0,27.2,1010.1,55.0,False,,,
INM00043057,BOMBAY / COLABA,2025-12-26 15:00:00,18.9,72.8167,11.0,25.5,20.8,,1012.1,75.0,25.5,1012.1,75.0,False,,,
INM00043057,BOMBAY / COLABA,2025-12-27 00:00:00,18.9,72.8167,11.0,22.0,20.5,,1012.1,91.0,22.0,1012.1,91.0,False,,,
INM00043057,BOMBAY / COLABA,2025-12-27 03:00:00,18.9,72.8167,11.0,22.4,19.9,,1014.1,86.0,22.4,1014.1,86.0,False,,,
INM00043057,BOMBAY / COLABA,2025-12-27 06:00:00,18.9,72.8167,11.0,27.5,18.3,,1014.2,57.0,27.5,1014.2,57.0,False,,,
INM00043057,BOMBAY / COLABA,2025-12-27 09:00:00,18.9,72.8167,11.0,30.6,12.8,,1010.9,34.0,30.6,1010.9,34.0,False,,,
INM00043057,BOMBAY / COLABA,2025-12-27 12:00:00,18.9,72.8167,11.0,27.5,21.1,,1010.8,68.0,27.5,1010.8,68.0,False,,,
INM00043057,BOMBAY / COLABA,2025-12-27 15:00:00,18.9,72.8167,11.0,25.0,23.2,,1012.7,90.0,25.0,1012.7,90.0,False,,,
INM00043057,BOMBAY / COLABA,2025-12-28 00:00:00,18.9,72.8167,11.0,22.0,20.5,,1012.7,91.0,22.0,1012.7,91.0,False,,,
INM00043057,BOMBAY / COLABA,2025-12-28 03:00:00,18.9,72.8167,11.0,21.6,19.4,,1015.0,87.0,21.6,1015.0,87.0,False,,,
INM00043057,BOMBAY / COLABA,2025-12-28 06:00:00,18.9,72.8167,11.0,26.5,18.2,,1015.5,60.0,26.5,1015.5,60.0,False,,,
INM00043057,BOMBAY / COLABA,2025-12-28 09:00:00,18.9,72.8167,11.0,31.0,10.5,,1012.2,28.0,31.0,1012.2,28.0,False,,,
INM00043057,BOMBAY / COLABA,2025-12-28 12:00:00,18.9,72.8167,11.0,27.6,17.8,,1011.6,55.0,27.6,1011.6,55.0,False,,,
INM00043057,BOMBAY / COLABA,2025-12-28 15:00:00,18.9,72.8167,11.0,25.0,20.4,,1012.8,76.0,25.0,1012.8,76.0,False,,,
INM00043057,BOMBAY / COLABA,2025-12-29 00:00:00,18.9,72.8167,11.0,21.7,19.6,,1012.5,88.0,21.7,1012.5,88.0,False,,,
INM00043057,BOMBAY / COLABA,2025-12-29 03:00:00,18.9,72.8167,11.0,21.8,20.3,,1014.7,91.0,21.8,1014.7,91.0,False,,,
INM00043057,BOMBAY / COLABA,2025-12-29 06:00:00,18.9,72.8167,11.0,27.6,18.2,,1015.2,57.0,27.6,1015.2,57.0,False,,,
INM00043057,BOMBAY / COLABA,2025-12-29 09:00:00,18.9,72.8167,11.0,31.2,15.0,,1011.7,37.0,31.2,1011.7,37.0,False,,,
INM00043057,BOMBAY / COLABA,2025-12-29 12:00:00,18.9,72.8167,11.0,27.5,18.0,,1011.5,56.0,27.5,1011.5,56.0,False,,,
INM00043057,BOMBAY / COLABA,2025-12-29 15:00:00,18.9,72.8167,11.0,25.0,19.8,,1013.5,73.0,25.0,1013.5,73.0,False,,,
INM00043057,BOMBAY / COLABA,2025-12-30 00:00:00,18.9,72.8167,11.0,21.5,19.5,,1012.2,88.0,21.5,1012.2,88.0,False,,,
INM00043057,BOMBAY / COLABA,2025-12-30 03:00:00,18.9,72.8167,11.0,21.4,19.2,,1014.1,87.0,21.4,1014.1,87.0,False,,,
INM00043057,BOMBAY / COLABA,2025-12-30 06:00:00,18.9,72.8167,11.0,26.2,18.4,,1014.1,62.0,26.2,1014.1,62.0,False,,,
INM00043057,BOMBAY / COLABA,2025-12-30 09:00:00,18.9,72.8167,11.0,29.0,18.8,,1011.3,54.0,29.0,1011.3,54.0,False,,,
INM00043057,BOMBAY / COLABA,2025-12-30 12:00:00,18.9,72.8167,11.0,26.7,19.4,,1010.9,64.0,26.7,1010.9,64.0,False,,,
INM00043057,BOMBAY / COLABA,2025-12-30 15:00:00,18.9,72.8167,11.0,25.0,22.3,,1012.7,85.0,25.0,1012.7,85.0,False,,,
INM00043057,BOMBAY / COLABA,2025-12-31 00:00:00,18.9,72.8167,11.0,22.0,21.4,,1011.5,96.0,22.0,1011.5,96.0,False,,,
INM00043057,BOMBAY / COLABA,2025-12-31 03:00:00,18.9,72.8167,11.0,21.8,21.5,,1013.3,98.0,21.8,1013.3,98.0,False,,,
INM00043057,BOMBAY / COLABA,2025-12-31 06:00:00,18.9,72.8167,11.0,25.0,18.7,,1013.2,68.0,25.0,1013.2,68.0,False,,,
INM00043057,BOMBAY / COLABA,2025-12-31 09:00:00,18.9,72.8167,11.0,27.8,15.4,,1009.5,47.0,27.8,1009.5,47.0,False,,,
INM00043057,BOMBAY / COLABA,2025-12-31 12:00:00,18.9,72.8167,11.0,26.2,19.4,,1009.2,66.0,26.2,1009.2,66.0,False,,,
INM00043057,BOMBAY / COLABA,2025-12-31 15:00:00,18.9,72.8167,11.0,25.0,19.4,,1011.6,71.0,25.0,1011.6,71.0,False,,,
